scenario_id,path_id,source_identity,target_resource,path_length,role_count,user_count,assume_role,pass_role,wildcard_action,wildcard_resource,policy_modification,external_trust,cross_account,sensitive_target,admin_permission,risk_label,risk_score,attack_type,risk_cause
synthetic_00000,synthetic_00000_path_001,user:User1409,resource:Table4657,3,2,1,1,0,0,0,0,0,0,0,0,HIGH,0.65,Lateral Movement,assume_role_chain
synthetic_00001,synthetic_00001_path_001,user:User2679,resource:Bucket2424,2,1,1,1,0,0,0,0,0,0,0,0,LOW,0.15,Data Access,read_only_access
synthetic_00002,synthetic_00002_path_001,user:User4811,resource:Bucket1434,2,1,1,1,0,0,0,0,0,0,0,0,LOW,0.15,Data Access,read_only_access
synthetic_00003,synthetic_00003_path_001,user:User5557,resource:Bucket3615,2,1,1,1,0,1,1,0,0,0,0,0,MEDIUM,0.43,Data Access,wildcard_action + wildcard_resource
synthetic_00004,synthetic_00004_path_001,user:User6514,resource:Bucket2519,2,1,1,1,0,0,0,0,0,0,0,0,LOW,0.15,Data Access,read_only_access
synthetic_00005,synthetic_00005_path_001,user:User5333,resource:Policy8527,2,1,1,1,0,0,0,1,0,0,0,0,CRITICAL,0.85,Privilege Escalation,policy_modification
synthetic_00006,synthetic_00006_path_001,user:User5803,resource:Bucket4150,2,1,1,1,0,0,0,0,0,0,0,0,LOW,0.15,Data Access,read_only_access
synthetic_00007,synthetic_00007_path_001,user:User5741,resource:Bucket4814,2,1,1,1,0,0,0,0,0,0,0,0,LOW,0.15,Data Access,read_only_access
synthetic_00008,synthetic_00008_path_001,user:User6977,resource:Bucket7065,2,1,1,1,0,1,1,0,0,0,0,0,MEDIUM,0.43,Data Access,wildcard_action + wildcard_resource
synthetic_00009,synthetic_00009_path_001,user:User2169,resource:Bucket9751,2,1,1,1,0,1,1,0,0,0,0,0,MEDIUM,0.43,Data Access,wildcard_action + wildcard_resource
synthetic_00010,synthetic_00010_path_001,user:User4598,resource:Bucket1916,2,1,1,1,0,1,1,0,0,0,0,0,MEDIUM,0.43,Data Access,wildcard_action + wildcard_resource
synthetic_00011,synthetic_00011_path_001,user:User5386,resource:Bucket4456,2,1,1,1,0,1,1,0,0,0,0,0,MEDIUM,0.43,Data Access,wildcard_action + wildcard_resource
synthetic_00012,synthetic_00012_path_001,user:User8517,resource:Bucket5339,2,1,1,1,0,1,1,0,0,0,0,0,MEDIUM,0.43,Data Access,wildcard_action + wildcard_resource
synthetic_00013,synthetic_00013_path_001,user:User5304,role:AdminRole7543,2,2,1,1,1,0,0,0,0,0,0,0,HIGH,0.68,Lateral Movement,pass_role + assume_role_chain
synthetic_00014,synthetic_00014_path_001,user:User3266,resource:Bucket9085,2,1,1,1,0,1,1,0,0,0,0,0,MEDIUM,0.43,Data Access,wildcard_action + wildcard_resource
synthetic_00015,synthetic_00015_path_001,user:User3621,resource:Bucket2040,2,1,1,1,0,0,0,0,0,0,0,0,LOW,0.15,Data Access,read_only_access
synthetic_00016,synthetic_00016_path_001,user:User9669,resource:Bucket1188,2,1,1,1,0,1,1,0,0,0,0,1,CRITICAL,0.85,Privilege Escalation,admin_permission
synthetic_00017,synthetic_00017_path_001,user:User2827,resource:Table3591,3,2,1,1,0,0,0,0,0,0,0,0,HIGH,0.65,Lateral Movement,assume_role_chain
synthetic_00018,synthetic_00018_path_001,user:User5315,resource:Bucket3927,2,1,1,1,0,1,1,0,0,0,0,0,MEDIUM,0.43,Data Access,wildcard_action + wildcard_resource
synthetic_00019,synthetic_00019_path_001,user:User4258,resource:Table3646,3,2,1,1,0,0,0,0,0,0,0,0,HIGH,0.65,Lateral Movement,assume_role_chain
synthetic_00020,synthetic_00020_path_001,user:User9689,role:AdminRole6310,2,2,1,1,1,0,0,0,0,0,0,0,HIGH,0.68,Lateral Movement,pass_role + assume_role_chain
synthetic_00021,synthetic_00021_path_001,user:User2832,resource:Bucket6038,2,1,1,1,0,1,1,0,0,0,0,0,MEDIUM,0.43,Data Access,wildcard_action + wildcard_resource
synthetic_00022,synthetic_00022_path_001,user:117182278248,resource:Bucket4470,2,1,1,1,0,1,1,0,1,1,0,0,CRITICAL,0.88,Lateral Movement,external_trust + cross_account
synthetic_00023,synthetic_00023_path_001,user:User7118,resource:Bucket9479,2,1,1,1,0,1,1,0,0,0,0,1,CRITICAL,0.85,Privilege Escalation,admin_permission
synthetic_00024,synthetic_00024_path_001,user:User6539,resource:Bucket4770,2,1,1,1,0,0,0,0,0,0,0,0,LOW,0.15,Data Access,read_only_access
synthetic_00025,synthetic_00025_path_001,user:User1964,resource:Bucket6413,4,3,1,1,0,0,1,0,0,0,0,0,HIGH,0.68,Lateral Movement,assume_role_chain + long_privilege_escalation_chain
synthetic_00026,synthetic_00026_path_001,user:User4510,resource:Table8744,3,2,1,1,0,0,0,0,0,0,0,0,HIGH,0.65,Lateral Movement,assume_role_chain
synthetic_00027,synthetic_00027_path_001,user:User8749,resource:Bucket4119,2,1,1,1,0,0,0,0,0,0,0,0,LOW,0.15,Data Access,read_only_access
synthetic_00028,synthetic_00028_path_001,user:User7939,resource:Bucket8651,2,1,1,1,0,1,1,0,0,0,0,0,MEDIUM,0.43,Data Access,wildcard_action + wildcard_resource
synthetic_00029,synthetic_00029_path_001,user:User6559,resource:Bucket5073,2,1,1,1,0,1,1,0,0,0,0,0,MEDIUM,0.43,Data Access,wildcard_action + wildcard_resource
synthetic_00030,synthetic_00030_path_001,user:User7912,resource:Bucket5563,2,1,1,1,0,1,1,0,0,0,0,0,MEDIUM,0.43,Data Access,wildcard_action + wildcard_resource
synthetic_00031,synthetic_00031_path_001,user:781080132677,resource:Bucket7570,2,1,1,1,0,1,1,0,1,1,0,0,CRITICAL,0.88,Lateral Movement,external_trust + cross_account
synthetic_00032,synthetic_00032_path_001,user:User7396,resource:Bucket8454,2,1,1,1,0,0,0,0,0,0,0,0,LOW,0.15,Data Access,read_only_access
synthetic_00033,synthetic_00033_path_001,user:User8973,resource:Bucket4111,2,1,1,1,0,1,1,0,0,0,0,1,CRITICAL,0.85,Privilege Escalation,admin_permission
synthetic_00034,synthetic_00034_path_001,user:User9883,role:AdminRole6138,2,2,1,1,1,0,0,0,0,0,0,0,HIGH,0.68,Lateral Movement,pass_role + assume_role_chain
synthetic_00035,synthetic_00035_path_001,user:User8811,resource:Bucket9701,2,1,1,1,0,0,0,0,0,0,0,0,LOW,0.15,Data Access,read_only_access
synthetic_00036,synthetic_00036_path_001,user:User4044,resource:Bucket2113,2,1,1,1,0,0,0,0,0,0,0,0,LOW,0.15,Data Access,read_only_access
synthetic_00037,synthetic_00037_path_001,user:User5033,resource:Bucket2343,2,1,1,1,0,1,1,0,0,0,0,1,CRITICAL,0.85,Privilege Escalation,admin_permission
synthetic_00038,synthetic_00038_path_001,user:User6147,resource:Bucket5351,2,1,1,1,0,0,0,0,0,0,0,0,LOW,0.15,Data Access,read_only_access
synthetic_00039,synthetic_00039_path_001,user:User8491,resource:Table1152,3,2,1,1,0,0,0,0,0,0,0,0,HIGH,0.65,Lateral Movement,assume_role_chain
synthetic_00040,synthetic_00040_path_001,user:User2638,resource:Bucket9808,2,1,1,1,0,1,1,0,0,0,0,0,MEDIUM,0.43,Data Access,wildcard_action + wildcard_resource
synthetic_00041,synthetic_00041_path_001,user:135427849808,resource:Bucket2697,2,1,1,1,0,1,1,0,1,1,0,0,CRITICAL,0.88,Lateral Movement,external_trust + cross_account
synthetic_00042,synthetic_00042_path_001,user:824493534874,resource:Bucket2512,2,1,1,1,0,1,1,0,1,1,0,0,CRITICAL,0.88,Lateral Movement,external_trust + cross_account
synthetic_00043,synthetic_00043_path_001,user:User3143,resource:Bucket3647,2,1,1,1,0,0,0,0,0,0,0,0,LOW,0.15,Data Access,read_only_access
synthetic_00044,synthetic_00044_path_001,user:User2232,resource:Bucket9938,2,1,1,1,0,0,0,0,0,0,0,0,LOW,0.15,Data Access,read_only_access
synthetic_00045,synthetic_00045_path_001,user:User8041,role:AdminRole1685,2,2,1,1,1,0,0,0,0,0,0,0,HIGH,0.68,Lateral Movement,pass_role + assume_role_chain
synthetic_00046,synthetic_00046_path_001,user:User1653,resource:Bucket4441,2,1,1,1,0,1,1,0,0,0,0,0,MEDIUM,0.43,Data Access,wildcard_action + wildcard_resource
synthetic_00047,synthetic_00047_path_001,user:partner-7658,resource:Secret4878,2,1,1,1,0,0,0,0,1,0,1,0,CRITICAL,0.85,Data Access,external_trust
synthetic_00048,synthetic_00048_path_001,user:025634216073,resource:Bucket8541,2,1,1,1,0,1,1,0,1,1,0,0,CRITICAL,0.88,Lateral Movement,external_trust + cross_account
synthetic_00049,synthetic_00049_path_001,user:partner-4728,resource:Secret1387,2,1,1,1,0,0,0,0,1,0,1,0,CRITICAL,0.85,Data Access,external_trust
synthetic_00050,synthetic_00050_path_001,user:User2137,resource:Bucket6753,2,1,1,1,0,1,1,0,0,0,0,0,MEDIUM,0.43,Data Access,wildcard_action + wildcard_resource
synthetic_00051,synthetic_00051_path_001,user:User5279,resource:Bucket5349,2,1,1,1,0,0,0,0,0,0,0,0,LOW,0.15,Data Access,read_only_access
synthetic_00052,synthetic_00052_path_001,user:User6139,resource:Bucket9379,2,1,1,1,0,1,1,0,0,0,0,0,MEDIUM,0.43,Data Access,wildcard_action + wildcard_resource
synthetic_00053,synthetic_00053_path_001,user:User1727,resource:Bucket1027,2,1,1,1,0,0,0,0,0,0,0,0,LOW,0.15,Data Access,read_only_access
synthetic_00054,synthetic_00054_path_001,user:User6409,resource:Bucket3041,2,1,1,1,0,0,0,0,0,0,0,0,LOW,0.15,Data Access,read_only_access
synthetic_00055,synthetic_00055_path_001,user:User7592,resource:Bucket3085,2,1,1,1,0,1,1,0,0,0,0,0,MEDIUM,0.43,Data Access,wildcard_action + wildcard_resource
synthetic_00056,synthetic_00056_path_001,user:User3851,resource:Bucket7653,2,1,1,1,0,1,1,0,0,0,0,1,CRITICAL,0.85,Privilege Escalation,admin_permission
synthetic_00057,synthetic_00057_path_001,user:User6279,resource:Bucket8238,2,1,1,1,0,0,0,0,0,0,0,0,LOW,0.15,Data Access,read_only_access
synthetic_00058,synthetic_00058_path_001,user:User3780,resource:Bucket5649,2,1,1,1,0,1,1,0,0,0,0,0,MEDIUM,0.43,Data Access,wildcard_action + wildcard_resource
synthetic_00059,synthetic_00059_path_001,user:User4848,resource:Bucket4680,2,1,1,1,0,1,1,0,0,0,0,1,CRITICAL,0.85,Privilege Escalation,admin_permission
synthetic_00060,synthetic_00060_path_001,user:User8784,resource:Bucket8461,2,1,1,1,0,0,0,0,0,0,0,0,LOW,0.15,Data Access,read_only_access
synthetic_00061,synthetic_00061_path_001,user:User9099,resource:Bucket1090,4,3,1,1,0,0,1,0,0,0,0,0,HIGH,0.68,Lateral Movement,assume_role_chain + long_privilege_escalation_chain
synthetic_00062,synthetic_00062_path_001,user:User9486,resource:Bucket1822,2,1,1,1,0,0,0,0,0,0,0,0,LOW,0.15,Data Access,read_only_access
synthetic_00063,synthetic_00063_path_001,user:User8612,resource:Bucket6198,2,1,1,1,0,0,0,0,0,0,0,0,LOW,0.15,Data Access,read_only_access
synthetic_00064,synthetic_00064_path_001,user:727743487347,resource:Bucket5681,2,1,1,1,0,1,1,0,1,1,0,0,CRITICAL,0.88,Lateral Movement,external_trust + cross_account
synthetic_00065,synthetic_00065_path_001,user:User9849,resource:Bucket3267,2,1,1,1,0,1,1,0,0,0,0,0,MEDIUM,0.43,Data Access,wildcard_action + wildcard_resource
synthetic_00066,synthetic_00066_path_001,user:User4505,resource:Bucket6421,4,3,1,1,0,0,1,0,0,0,0,0,HIGH,0.68,Lateral Movement,assume_role_chain + long_privilege_escalation_chain
synthetic_00067,synthetic_00067_path_001,user:User7883,resource:Bucket1320,2,1,1,1,0,0,0,0,0,0,0,0,LOW,0.15,Data Access,read_only_access
synthetic_00068,synthetic_00068_path_001,user:User5892,resource:Bucket7865,2,1,1,1,0,1,1,0,0,0,0,1,CRITICAL,0.85,Privilege Escalation,admin_permission
synthetic_00069,synthetic_00069_path_001,user:User8956,resource:Bucket7371,2,1,1,1,0,1,1,0,0,0,0,0,MEDIUM,0.43,Data Access,wildcard_action + wildcard_resource
synthetic_00070,synthetic_00070_path_001,user:User8657,resource:Bucket9751,2,1,1,1,0,0,0,0,0,0,0,0,LOW,0.15,Data Access,read_only_access
synthetic_00071,synthetic_00071_path_001,user:User1444,role:AdminRole8022,2,2,1,1,1,0,0,0,0,0,0,0,HIGH,0.68,Lateral Movement,pass_role + assume_role_chain
synthetic_00072,synthetic_00072_path_001,user:User8564,resource:Bucket1823,2,1,1,1,0,0,0,0,0,0,0,0,LOW,0.15,Data Access,read_only_access
synthetic_00073,synthetic_00073_path_001,user:User6355,resource:Bucket7211,2,1,1,1,0,0,0,0,0,0,0,0,LOW,0.15,Data Access,read_only_access
synthetic_00074,synthetic_00074_path_001,user:User8705,resource:Policy9837,2,1,1,1,0,0,0,1,0,0,0,0,CRITICAL,0.85,Privilege Escalation,policy_modification
synthetic_00075,synthetic_00075_path_001,user:User2124,resource:Bucket1508,2,1,1,1,0,0,0,0,0,0,0,0,LOW,0.15,Data Access,read_only_access
synthetic_00076,synthetic_00076_path_001,user:User3496,resource:Bucket3068,2,1,1,1,0,0,0,0,0,0,0,0,LOW,0.15,Data Access,read_only_access
synthetic_00077,synthetic_00077_path_001,user:User8619,resource:Bucket7043,2,1,1,1,0,1,1,0,0,0,0,1,CRITICAL,0.85,Privilege Escalation,admin_permission
synthetic_00078,synthetic_00078_path_001,user:User6096,resource:Policy1420,2,1,1,1,0,0,0,1,0,0,0,0,CRITICAL,0.85,Privilege Escalation,policy_modification
synthetic_00079,synthetic_00079_path_001,user:User7149,resource:Table2245,3,2,1,1,0,0,0,0,0,0,0,0,HIGH,0.65,Lateral Movement,assume_role_chain
synthetic_00080,synthetic_00080_path_001,user:User4978,role:AdminRole5941,2,2,1,1,1,0,0,0,0,0,0,0,HIGH,0.68,Lateral Movement,pass_role + assume_role_chain
synthetic_00081,synthetic_00081_path_001,user:User2983,resource:Policy6688,2,1,1,1,0,0,0,1,0,0,0,0,CRITICAL,0.85,Privilege Escalation,policy_modification
synthetic_00082,synthetic_00082_path_001,user:User9289,resource:Bucket1207,2,1,1,1,0,1,1,0,0,0,0,0,MEDIUM,0.43,Data Access,wildcard_action + wildcard_resource
synthetic_00083,synthetic_00083_path_001,user:User6934,resource:Bucket3506,2,1,1,1,0,1,1,0,0,0,0,0,MEDIUM,0.43,Data Access,wildcard_action + wildcard_resource
synthetic_00084,synthetic_00084_path_001,user:User5425,role:AdminRole8921,2,2,1,1,1,0,0,0,0,0,0,0,HIGH,0.68,Lateral Movement,pass_role + assume_role_chain
synthetic_00085,synthetic_00085_path_001,user:User5397,resource:Bucket5022,2,1,1,1,0,1,1,0,0,0,0,0,MEDIUM,0.43,Data Access,wildcard_action + wildcard_resource
synthetic_00086,synthetic_00086_path_001,user:User8613,resource:Bucket6511,2,1,1,1,0,0,0,0,0,0,0,0,LOW,0.15,Data Access,read_only_access
synthetic_00087,synthetic_00087_path_001,user:User8988,resource:Bucket6813,2,1,1,1,0,1,1,0,0,0,0,0,MEDIUM,0.43,Data Access,wildcard_action + wildcard_resource
synthetic_00088,synthetic_00088_path_001,user:480831367837,resource:Bucket8342,2,1,1,1,0,1,1,0,1,1,0,0,CRITICAL,0.88,Lateral Movement,external_trust + cross_account
synthetic_00089,synthetic_00089_path_001,user:User4986,resource:Bucket7046,2,1,1,1,0,0,0,0,0,0,0,0,LOW,0.15,Data Access,read_only_access
synthetic_00090,synthetic_00090_path_001,user:User6419,resource:Bucket8434,2,1,1,1,0,1,1,0,0,0,0,1,CRITICAL,0.85,Privilege Escalation,admin_permission
synthetic_00091,synthetic_00091_path_001,user:User4155,resource:Bucket2958,2,1,1,1,0,0,0,0,0,0,0,0,LOW,0.15,Data Access,read_only_access
synthetic_00092,synthetic_00092_path_001,user:User5530,resource:Bucket4180,4,3,1,1,0,0,1,0,0,0,0,0,HIGH,0.68,Lateral Movement,assume_role_chain + long_privilege_escalation_chain
synthetic_00093,synthetic_00093_path_001,user:User1231,resource:Bucket3073,2,1,1,1,0,0,0,0,0,0,0,0,LOW,0.15,Data Access,read_only_access
synthetic_00094,synthetic_00094_path_001,user:User3068,role:AdminRole2680,2,2,1,1,1,0,0,0,0,0,0,0,HIGH,0.68,Lateral Movement,pass_role + assume_role_chain
synthetic_00095,synthetic_00095_path_001,user:User5658,resource:Policy8843,2,1,1,1,0,0,0,1,0,0,0,0,CRITICAL,0.85,Privilege Escalation,policy_modification
synthetic_00096,synthetic_00096_path_001,user:User1841,resource:Bucket8827,2,1,1,1,0,0,0,0,0,0,0,0,LOW,0.15,Data Access,read_only_access
synthetic_00097,synthetic_00097_path_001,user:User1878,resource:Bucket3444,2,1,1,1,0,1,1,0,0,0,0,0,MEDIUM,0.43,Data Access,wildcard_action + wildcard_resource
synthetic_00098,synthetic_00098_path_001,user:User7818,resource:Bucket9561,2,1,1,1,0,0,0,0,0,0,0,0,LOW,0.15,Data Access,read_only_access
synthetic_00099,synthetic_00099_path_001,user:User8025,resource:Bucket1986,2,1,1,1,0,1,1,0,0,0,0,0,MEDIUM,0.43,Data Access,wildcard_action + wildcard_resource
synthetic_00100,synthetic_00100_path_001,user:User2330,resource:Bucket4929,2,1,1,1,0,0,0,0,0,0,0,0,LOW,0.15,Data Access,read_only_access
synthetic_00101,synthetic_00101_path_001,user:User8381,resource:Bucket5771,2,1,1,1,0,0,0,0,0,0,0,0,LOW,0.15,Data Access,read_only_access
synthetic_00102,synthetic_00102_path_001,user:User8438,resource:Bucket4241,4,3,1,1,0,0,1,0,0,0,0,0,HIGH,0.68,Lateral Movement,assume_role_chain + long_privilege_escalation_chain
synthetic_00103,synthetic_00103_path_001,user:User3441,resource:Bucket3330,2,1,1,1,0,0,0,0,0,0,0,0,LOW,0.15,Data Access,read_only_access
synthetic_00104,synthetic_00104_path_001,user:partner-5728,resource:Secret3037,2,1,1,1,0,0,0,0,1,0,1,0,CRITICAL,0.85,Data Access,external_trust
synthetic_00105,synthetic_00105_path_001,user:User5460,resource:Bucket8172,4,3,1,1,0,0,1,0,0,0,0,0,HIGH,0.68,Lateral Movement,assume_role_chain + long_privilege_escalation_chain
synthetic_00106,synthetic_00106_path_001,user:User5102,resource:Bucket1339,4,3,1,1,0,0,1,0,0,0,0,0,HIGH,0.68,Lateral Movement,assume_role_chain + long_privilege_escalation_chain
synthetic_00107,synthetic_00107_path_001,user:partner-8708,resource:Secret8245,2,1,1,1,0,0,0,0,1,0,1,0,CRITICAL,0.85,Data Access,external_trust
synthetic_00108,synthetic_00108_path_001,user:User8141,resource:Bucket2494,2,1,1,1,0,1,1,0,0,0,0,1,CRITICAL,0.85,Privilege Escalation,admin_permission
synthetic_00109,synthetic_00109_path_001,user:User2713,resource:Bucket6403,2,1,1,1,0,1,1,0,0,0,0,0,MEDIUM,0.43,Data Access,wildcard_action + wildcard_resource
synthetic_00110,synthetic_00110_path_001,user:User7561,resource:Table2442,3,2,1,1,0,0,0,0,0,0,0,0,HIGH,0.65,Lateral Movement,assume_role_chain
synthetic_00111,synthetic_00111_path_001,user:User6296,resource:Bucket7622,2,1,1,1,0,1,1,0,0,0,0,0,MEDIUM,0.43,Data Access,wildcard_action + wildcard_resource
synthetic_00112,synthetic_00112_path_001,user:User9494,resource:Bucket9167,2,1,1,1,0,0,0,0,0,0,0,0,LOW,0.15,Data Access,read_only_access
synthetic_00113,synthetic_00113_path_001,user:User3146,resource:Bucket8178,2,1,1,1,0,1,1,0,0,0,0,0,MEDIUM,0.43,Data Access,wildcard_action + wildcard_resource
synthetic_00114,synthetic_00114_path_001,user:User4920,resource:Bucket6091,2,1,1,1,0,1,1,0,0,0,0,1,CRITICAL,0.85,Privilege Escalation,admin_permission
synthetic_00115,synthetic_00115_path_001,user:User2858,resource:Bucket2924,2,1,1,1,0,0,0,0,0,0,0,0,LOW,0.15,Data Access,read_only_access
synthetic_00116,synthetic_00116_path_001,user:User5479,resource:Bucket8905,2,1,1,1,0,1,1,0,0,0,0,0,MEDIUM,0.43,Data Access,wildcard_action + wildcard_resource
synthetic_00117,synthetic_00117_path_001,user:User7284,role:AdminRole9327,2,2,1,1,1,0,0,0,0,0,0,0,HIGH,0.68,Lateral Movement,pass_role + assume_role_chain
synthetic_00118,synthetic_00118_path_001,user:User3236,resource:Bucket6568,4,3,1,1,0,0,1,0,0,0,0,0,HIGH,0.68,Lateral Movement,assume_role_chain + long_privilege_escalation_chain
synthetic_00119,synthetic_00119_path_001,user:User9022,resource:Bucket8935,4,3,1,1,0,0,1,0,0,0,0,0,HIGH,0.68,Lateral Movement,assume_role_chain + long_privilege_escalation_chain
synthetic_00120,synthetic_00120_path_001,user:partner-7180,resource:Secret6272,2,1,1,1,0,0,0,0,1,0,1,0,CRITICAL,0.85,Data Access,external_trust
synthetic_00121,synthetic_00121_path_001,user:User4826,role:AdminRole1715,2,2,1,1,1,0,0,0,0,0,0,0,HIGH,0.68,Lateral Movement,pass_role + assume_role_chain
synthetic_00122,synthetic_00122_path_001,user:User8749,resource:Bucket7325,2,1,1,1,0,1,1,0,0,0,0,0,MEDIUM,0.43,Data Access,wildcard_action + wildcard_resource
synthetic_00123,synthetic_00123_path_001,user:User6439,resource:Bucket8213,2,1,1,1,0,0,0,0,0,0,0,0,LOW,0.15,Data Access,read_only_access
synthetic_00124,synthetic_00124_path_001,user:User7717,resource:Bucket5342,4,3,1,1,0,0,1,0,0,0,0,0,HIGH,0.68,Lateral Movement,assume_role_chain + long_privilege_escalation_chain
synthetic_00125,synthetic_00125_path_001,user:User6383,resource:Bucket7226,2,1,1,1,0,0,0,0,0,0,0,0,LOW,0.15,Data Access,read_only_access
synthetic_00126,synthetic_00126_path_001,user:User2121,role:AdminRole5708,2,2,1,1,1,0,0,0,0,0,0,0,HIGH,0.68,Lateral Movement,pass_role + assume_role_chain
synthetic_00127,synthetic_00127_path_001,user:User2480,resource:Bucket2612,2,1,1,1,0,1,1,0,0,0,0,1,CRITICAL,0.85,Privilege Escalation,admin_permission
synthetic_00128,synthetic_00128_path_001,user:User1474,resource:Bucket5806,4,3,1,1,0,0,1,0,0,0,0,0,HIGH,0.68,Lateral Movement,assume_role_chain + long_privilege_escalation_chain
synthetic_00129,synthetic_00129_path_001,user:User9702,resource:Bucket3950,2,1,1,1,0,0,0,0,0,0,0,0,LOW,0.15,Data Access,read_only_access
synthetic_00130,synthetic_00130_path_001,user:User7267,role:AdminRole9153,2,2,1,1,1,0,0,0,0,0,0,0,HIGH,0.68,Lateral Movement,pass_role + assume_role_chain
synthetic_00131,synthetic_00131_path_001,user:237474074821,resource:Bucket6661,2,1,1,1,0,1,1,0,1,1,0,0,CRITICAL,0.88,Lateral Movement,external_trust + cross_account
synthetic_00132,synthetic_00132_path_001,user:User5949,resource:Bucket7302,2,1,1,1,0,1,1,0,0,0,0,0,MEDIUM,0.43,Data Access,wildcard_action + wildcard_resource
synthetic_00133,synthetic_00133_path_001,user:User6881,resource:Bucket5837,2,1,1,1,0,1,1,0,0,0,0,0,MEDIUM,0.43,Data Access,wildcard_action + wildcard_resource
synthetic_00134,synthetic_00134_path_001,user:User1803,resource:Bucket5689,2,1,1,1,0,0,0,0,0,0,0,0,LOW,0.15,Data Access,read_only_access
synthetic_00135,synthetic_00135_path_001,user:User5106,resource:Table1645,3,2,1,1,0,0,0,0,0,0,0,0,HIGH,0.65,Lateral Movement,assume_role_chain
synthetic_00136,synthetic_00136_path_001,user:User8222,resource:Bucket6977,2,1,1,1,0,1,1,0,0,0,0,0,MEDIUM,0.43,Data Access,wildcard_action + wildcard_resource
synthetic_00137,synthetic_00137_path_001,user:User7807,resource:Bucket4289,2,1,1,1,0,1,1,0,0,0,0,0,MEDIUM,0.43,Data Access,wildcard_action + wildcard_resource
synthetic_00138,synthetic_00138_path_001,user:User5465,role:AdminRole5210,2,2,1,1,1,0,0,0,0,0,0,0,HIGH,0.68,Lateral Movement,pass_role + assume_role_chain
synthetic_00139,synthetic_00139_path_001,user:745171236851,resource:Bucket1228,2,1,1,1,0,1,1,0,1,1,0,0,CRITICAL,0.88,Lateral Movement,external_trust + cross_account
synthetic_00140,synthetic_00140_path_001,user:User5295,resource:Bucket7086,2,1,1,1,0,1,1,0,0,0,0,0,MEDIUM,0.43,Data Access,wildcard_action + wildcard_resource
synthetic_00141,synthetic_00141_path_001,user:User6374,resource:Bucket2035,2,1,1,1,0,0,0,0,0,0,0,0,LOW,0.15,Data Access,read_only_access
synthetic_00142,synthetic_00142_path_001,user:User3290,resource:Bucket1609,2,1,1,1,0,1,1,0,0,0,0,0,MEDIUM,0.43,Data Access,wildcard_action + wildcard_resource
synthetic_00143,synthetic_00143_path_001,user:User9807,resource:Bucket7367,2,1,1,1,0,0,0,0,0,0,0,0,LOW,0.15,Data Access,read_only_access
synthetic_00144,synthetic_00144_path_001,user:User9850,resource:Bucket3531,2,1,1,1,0,1,1,0,0,0,0,1,CRITICAL,0.85,Privilege Escalation,admin_permission
synthetic_00145,synthetic_00145_path_001,user:User7686,resource:Bucket1536,2,1,1,1,0,1,1,0,0,0,0,0,MEDIUM,0.43,Data Access,wildcard_action + wildcard_resource
synthetic_00146,synthetic_00146_path_001,user:User4868,resource:Bucket2627,2,1,1,1,0,1,1,0,0,0,0,0,MEDIUM,0.43,Data Access,wildcard_action + wildcard_resource
synthetic_00147,synthetic_00147_path_001,user:User4109,resource:Bucket8450,2,1,1,1,0,1,1,0,0,0,0,0,MEDIUM,0.43,Data Access,wildcard_action + wildcard_resource
synthetic_00148,synthetic_00148_path_001,user:User1349,resource:Table4990,3,2,1,1,0,0,0,0,0,0,0,0,HIGH,0.65,Lateral Movement,assume_role_chain
synthetic_00149,synthetic_00149_path_001,user:User4362,resource:Bucket4394,2,1,1,1,0,1,1,0,0,0,0,1,CRITICAL,0.85,Privilege Escalation,admin_permission
synthetic_00150,synthetic_00150_path_001,user:partner-1046,resource:Secret3370,2,1,1,1,0,0,0,0,1,0,1,0,CRITICAL,0.85,Data Access,external_trust
synthetic_00151,synthetic_00151_path_001,user:partner-2801,resource:Secret3159,2,1,1,1,0,0,0,0,1,0,1,0,CRITICAL,0.85,Data Access,external_trust
synthetic_00152,synthetic_00152_path_001,user:partner-4898,resource:Secret1258,2,1,1,1,0,0,0,0,1,0,1,0,CRITICAL,0.85,Data Access,external_trust
synthetic_00153,synthetic_00153_path_001,user:User7897,resource:Bucket2862,2,1,1,1,0,0,0,0,0,0,0,0,LOW,0.15,Data Access,read_only_access
synthetic_00154,synthetic_00154_path_001,user:partner-9408,resource:Secret8405,2,1,1,1,0,0,0,0,1,0,1,0,CRITICAL,0.85,Data Access,external_trust
synthetic_00155,synthetic_00155_path_001,user:User9543,resource:Bucket1996,4,3,1,1,0,0,1,0,0,0,0,0,HIGH,0.68,Lateral Movement,assume_role_chain + long_privilege_escalation_chain
synthetic_00156,synthetic_00156_path_001,user:User9032,resource:Table2323,3,2,1,1,0,0,0,0,0,0,0,0,HIGH,0.65,Lateral Movement,assume_role_chain
synthetic_00157,synthetic_00157_path_001,user:User3430,resource:Bucket3067,2,1,1,1,0,1,1,0,0,0,0,0,MEDIUM,0.43,Data Access,wildcard_action + wildcard_resource
synthetic_00158,synthetic_00158_path_001,user:User9692,resource:Bucket8433,2,1,1,1,0,1,1,0,0,0,0,1,CRITICAL,0.85,Privilege Escalation,admin_permission
synthetic_00159,synthetic_00159_path_001,user:User4522,resource:Bucket7779,4,3,1,1,0,0,1,0,0,0,0,0,HIGH,0.68,Lateral Movement,assume_role_chain + long_privilege_escalation_chain
synthetic_00160,synthetic_00160_path_001,user:User2557,resource:Bucket7992,2,1,1,1,0,1,1,0,0,0,0,0,MEDIUM,0.43,Data Access,wildcard_action + wildcard_resource
synthetic_00161,synthetic_00161_path_001,user:User8770,resource:Bucket2494,2,1,1,1,0,1,1,0,0,0,0,1,CRITICAL,0.85,Privilege Escalation,admin_permission
synthetic_00162,synthetic_00162_path_001,user:User7105,resource:Bucket1982,2,1,1,1,0,0,0,0,0,0,0,0,LOW,0.15,Data Access,read_only_access
synthetic_00163,synthetic_00163_path_001,user:User7929,resource:Bucket5712,2,1,1,1,0,1,1,0,0,0,0,0,MEDIUM,0.43,Data Access,wildcard_action + wildcard_resource
synthetic_00164,synthetic_00164_path_001,user:User4485,role:AdminRole8900,2,2,1,1,1,0,0,0,0,0,0,0,HIGH,0.68,Lateral Movement,pass_role + assume_role_chain
synthetic_00165,synthetic_00165_path_001,user:User2773,resource:Bucket7022,2,1,1,1,0,0,0,0,0,0,0,0,LOW,0.15,Data Access,read_only_access
synthetic_00166,synthetic_00166_path_001,user:User8030,resource:Bucket5381,2,1,1,1,0,0,0,0,0,0,0,0,LOW,0.15,Data Access,read_only_access
synthetic_00167,synthetic_00167_path_001,user:User6062,resource:Bucket3972,4,3,1,1,0,0,1,0,0,0,0,0,HIGH,0.68,Lateral Movement,assume_role_chain + long_privilege_escalation_chain
synthetic_00168,synthetic_00168_path_001,user:User1502,resource:Bucket9691,2,1,1,1,0,0,0,0,0,0,0,0,LOW,0.15,Data Access,read_only_access
synthetic_00169,synthetic_00169_path_001,user:User3578,resource:Bucket6105,2,1,1,1,0,1,1,0,0,0,0,0,MEDIUM,0.43,Data Access,wildcard_action + wildcard_resource
synthetic_00170,synthetic_00170_path_001,user:User1815,resource:Bucket5458,2,1,1,1,0,0,0,0,0,0,0,0,LOW,0.15,Data Access,read_only_access
synthetic_00171,synthetic_00171_path_001,user:User7785,role:AdminRole4531,2,2,1,1,1,0,0,0,0,0,0,0,HIGH,0.68,Lateral Movement,pass_role + assume_role_chain
synthetic_00172,synthetic_00172_path_001,user:partner-2864,resource:Secret8043,2,1,1,1,0,0,0,0,1,0,1,0,CRITICAL,0.85,Data Access,external_trust
synthetic_00173,synthetic_00173_path_001,user:User8972,resource:Table1744,3,2,1,1,0,0,0,0,0,0,0,0,HIGH,0.65,Lateral Movement,assume_role_chain
synthetic_00174,synthetic_00174_path_001,user:User1897,resource:Bucket4349,2,1,1,1,0,0,0,0,0,0,0,0,LOW,0.15,Data Access,read_only_access
synthetic_00175,synthetic_00175_path_001,user:User5186,resource:Bucket6375,2,1,1,1,0,0,0,0,0,0,0,0,LOW,0.15,Data Access,read_only_access
synthetic_00176,synthetic_00176_path_001,user:User3878,resource:Bucket4770,4,3,1,1,0,0,1,0,0,0,0,0,HIGH,0.68,Lateral Movement,assume_role_chain + long_privilege_escalation_chain
synthetic_00177,synthetic_00177_path_001,user:User1693,resource:Policy1307,2,1,1,1,0,0,0,1,0,0,0,0,CRITICAL,0.85,Privilege Escalation,policy_modification
synthetic_00178,synthetic_00178_path_001,user:User8033,resource:Policy7843,2,1,1,1,0,0,0,1,0,0,0,0,CRITICAL,0.85,Privilege Escalation,policy_modification
synthetic_00179,synthetic_00179_path_001,user:User6321,resource:Bucket8538,2,1,1,1,0,1,1,0,0,0,0,0,MEDIUM,0.43,Data Access,wildcard_action + wildcard_resource
synthetic_00180,synthetic_00180_path_001,user:User4986,resource:Policy7560,2,1,1,1,0,0,0,1,0,0,0,0,CRITICAL,0.85,Privilege Escalation,policy_modification
synthetic_00181,synthetic_00181_path_001,user:User6562,resource:Policy6456,2,1,1,1,0,0,0,1,0,0,0,0,CRITICAL,0.85,Privilege Escalation,policy_modification
synthetic_00182,synthetic_00182_path_001,user:User2868,role:AdminRole9355,2,2,1,1,1,0,0,0,0,0,0,0,HIGH,0.68,Lateral Movement,pass_role + assume_role_chain
synthetic_00183,synthetic_00183_path_001,user:User6724,resource:Bucket3419,2,1,1,1,0,0,0,0,0,0,0,0,LOW,0.15,Data Access,read_only_access
synthetic_00184,synthetic_00184_path_001,user:User3842,resource:Bucket2234,2,1,1,1,0,1,1,0,0,0,0,0,MEDIUM,0.43,Data Access,wildcard_action + wildcard_resource
synthetic_00185,synthetic_00185_path_001,user:partner-8354,resource:Secret6179,2,1,1,1,0,0,0,0,1,0,1,0,CRITICAL,0.85,Data Access,external_trust
synthetic_00186,synthetic_00186_path_001,user:User8245,resource:Bucket5500,2,1,1,1,0,0,0,0,0,0,0,0,LOW,0.15,Data Access,read_only_access
synthetic_00187,synthetic_00187_path_001,user:User8565,resource:Bucket1616,2,1,1,1,0,0,0,0,0,0,0,0,LOW,0.15,Data Access,read_only_access
synthetic_00188,synthetic_00188_path_001,user:User2479,resource:Bucket7299,2,1,1,1,0,1,1,0,0,0,0,0,MEDIUM,0.43,Data Access,wildcard_action + wildcard_resource
synthetic_00189,synthetic_00189_path_001,user:935978207151,resource:Bucket3827,2,1,1,1,0,1,1,0,1,1,0,0,CRITICAL,0.88,Lateral Movement,external_trust + cross_account
synthetic_00190,synthetic_00190_path_001,user:User8199,resource:Bucket9564,2,1,1,1,0,1,1,0,0,0,0,0,MEDIUM,0.43,Data Access,wildcard_action + wildcard_resource
synthetic_00191,synthetic_00191_path_001,user:665905151864,resource:Bucket3463,2,1,1,1,0,1,1,0,1,1,0,0,CRITICAL,0.88,Lateral Movement,external_trust + cross_account
synthetic_00192,synthetic_00192_path_001,user:User6731,resource:Table3112,3,2,1,1,0,0,0,0,0,0,0,0,HIGH,0.65,Lateral Movement,assume_role_chain
synthetic_00193,synthetic_00193_path_001,user:User2388,role:AdminRole7171,2,2,1,1,1,0,0,0,0,0,0,0,HIGH,0.68,Lateral Movement,pass_role + assume_role_chain
synthetic_00194,synthetic_00194_path_001,user:User6381,resource:Table2531,3,2,1,1,0,0,0,0,0,0,0,0,HIGH,0.65,Lateral Movement,assume_role_chain
synthetic_00195,synthetic_00195_path_001,user:User7937,resource:Table1298,3,2,1,1,0,0,0,0,0,0,0,0,HIGH,0.65,Lateral Movement,assume_role_chain
synthetic_00196,synthetic_00196_path_001,user:User3953,resource:Bucket6598,2,1,1,1,0,1,1,0,0,0,0,0,MEDIUM,0.43,Data Access,wildcard_action + wildcard_resource
synthetic_00197,synthetic_00197_path_001,user:User3538,resource:Bucket5846,2,1,1,1,0,1,1,0,0,0,0,1,CRITICAL,0.85,Privilege Escalation,admin_permission
synthetic_00198,synthetic_00198_path_001,user:User3147,resource:Bucket3527,2,1,1,1,0,1,1,0,0,0,0,0,MEDIUM,0.43,Data Access,wildcard_action + wildcard_resource
synthetic_00199,synthetic_00199_path_001,user:User3712,resource:Bucket6968,4,3,1,1,0,0,1,0,0,0,0,0,HIGH,0.68,Lateral Movement,assume_role_chain + long_privilege_escalation_chain
synthetic_00200,synthetic_00200_path_001,user:User8355,resource:Bucket9749,2,1,1,1,0,1,1,0,0,0,0,0,MEDIUM,0.43,Data Access,wildcard_action + wildcard_resource
synthetic_00201,synthetic_00201_path_001,user:partner-4178,resource:Secret8218,2,1,1,1,0,0,0,0,1,0,1,0,CRITICAL,0.85,Data Access,external_trust
synthetic_00202,synthetic_00202_path_001,user:partner-9239,resource:Secret7859,2,1,1,1,0,0,0,0,1,0,1,0,CRITICAL,0.85,Data Access,external_trust
synthetic_00203,synthetic_00203_path_001,user:partner-3267,resource:Secret1854,2,1,1,1,0,0,0,0,1,0,1,0,CRITICAL,0.85,Data Access,external_trust
synthetic_00204,synthetic_00204_path_001,user:User2680,role:AdminRole3042,2,2,1,1,1,0,0,0,0,0,0,0,HIGH,0.68,Lateral Movement,pass_role + assume_role_chain
synthetic_00205,synthetic_00205_path_001,user:User3626,resource:Bucket8361,2,1,1,1,0,1,1,0,0,0,0,0,MEDIUM,0.43,Data Access,wildcard_action + wildcard_resource
synthetic_00206,synthetic_00206_path_001,user:User4637,resource:Bucket6727,2,1,1,1,0,1,1,0,0,0,0,1,CRITICAL,0.85,Privilege Escalation,admin_permission
synthetic_00207,synthetic_00207_path_001,user:User7126,resource:Bucket7326,2,1,1,1,0,1,1,0,0,0,0,0,MEDIUM,0.43,Data Access,wildcard_action + wildcard_resource
synthetic_00208,synthetic_00208_path_001,user:User2623,resource:Bucket3392,2,1,1,1,0,0,0,0,0,0,0,0,LOW,0.15,Data Access,read_only_access
synthetic_00209,synthetic_00209_path_001,user:727790104328,resource:Bucket7934,2,1,1,1,0,1,1,0,1,1,0,0,CRITICAL,0.88,Lateral Movement,external_trust + cross_account
synthetic_00210,synthetic_00210_path_001,user:User1782,resource:Bucket7878,2,1,1,1,0,1,1,0,0,0,0,0,MEDIUM,0.43,Data Access,wildcard_action + wildcard_resource
synthetic_00211,synthetic_00211_path_001,user:User9189,resource:Policy1269,2,1,1,1,0,0,0,1,0,0,0,0,CRITICAL,0.85,Privilege Escalation,policy_modification
synthetic_00212,synthetic_00212_path_001,user:User8032,resource:Bucket6780,2,1,1,1,0,0,0,0,0,0,0,0,LOW,0.15,Data Access,read_only_access
synthetic_00213,synthetic_00213_path_001,user:User2402,resource:Table2108,3,2,1,1,0,0,0,0,0,0,0,0,HIGH,0.65,Lateral Movement,assume_role_chain
synthetic_00214,synthetic_00214_path_001,user:User9914,resource:Bucket9316,2,1,1,1,0,1,1,0,0,0,0,1,CRITICAL,0.85,Privilege Escalation,admin_permission
synthetic_00215,synthetic_00215_path_001,user:User7338,resource:Bucket5155,2,1,1,1,0,1,1,0,0,0,0,0,MEDIUM,0.43,Data Access,wildcard_action + wildcard_resource
synthetic_00216,synthetic_00216_path_001,user:User4950,resource:Bucket6447,2,1,1,1,0,0,0,0,0,0,0,0,LOW,0.15,Data Access,read_only_access
synthetic_00217,synthetic_00217_path_001,user:User3868,role:AdminRole8840,2,2,1,1,1,0,0,0,0,0,0,0,HIGH,0.68,Lateral Movement,pass_role + assume_role_chain
synthetic_00218,synthetic_00218_path_001,user:User3209,resource:Table1605,3,2,1,1,0,0,0,0,0,0,0,0,HIGH,0.65,Lateral Movement,assume_role_chain
synthetic_00219,synthetic_00219_path_001,user:User1717,resource:Bucket1686,2,1,1,1,0,1,1,0,0,0,0,0,MEDIUM,0.43,Data Access,wildcard_action + wildcard_resource
synthetic_00220,synthetic_00220_path_001,user:User9897,resource:Bucket5150,2,1,1,1,0,1,1,0,0,0,0,0,MEDIUM,0.43,Data Access,wildcard_action + wildcard_resource
synthetic_00221,synthetic_00221_path_001,user:User1783,resource:Bucket5476,2,1,1,1,0,1,1,0,0,0,0,0,MEDIUM,0.43,Data Access,wildcard_action + wildcard_resource
synthetic_00222,synthetic_00222_path_001,user:765277584161,resource:Bucket3956,2,1,1,1,0,1,1,0,1,1,0,0,CRITICAL,0.88,Lateral Movement,external_trust + cross_account
synthetic_00223,synthetic_00223_path_001,user:User5843,resource:Bucket8305,2,1,1,1,0,0,0,0,0,0,0,0,LOW,0.15,Data Access,read_only_access
synthetic_00224,synthetic_00224_path_001,user:User8325,resource:Bucket6776,2,1,1,1,0,1,1,0,0,0,0,0,MEDIUM,0.43,Data Access,wildcard_action + wildcard_resource
synthetic_00225,synthetic_00225_path_001,user:User1939,resource:Bucket7655,2,1,1,1,0,1,1,0,0,0,0,1,CRITICAL,0.85,Privilege Escalation,admin_permission
synthetic_00226,synthetic_00226_path_001,user:User8179,resource:Bucket3068,2,1,1,1,0,0,0,0,0,0,0,0,LOW,0.15,Data Access,read_only_access
synthetic_00227,synthetic_00227_path_001,user:User6933,resource:Table3513,3,2,1,1,0,0,0,0,0,0,0,0,HIGH,0.65,Lateral Movement,assume_role_chain
synthetic_00228,synthetic_00228_path_001,user:User7077,resource:Table2259,3,2,1,1,0,0,0,0,0,0,0,0,HIGH,0.65,Lateral Movement,assume_role_chain
synthetic_00229,synthetic_00229_path_001,user:User9674,role:AdminRole7521,2,2,1,1,1,0,0,0,0,0,0,0,HIGH,0.68,Lateral Movement,pass_role + assume_role_chain
synthetic_00230,synthetic_00230_path_001,user:User5566,resource:Bucket2858,2,1,1,1,0,1,1,0,0,0,0,0,MEDIUM,0.43,Data Access,wildcard_action + wildcard_resource
synthetic_00231,synthetic_00231_path_001,user:User2929,role:AdminRole5264,2,2,1,1,1,0,0,0,0,0,0,0,HIGH,0.68,Lateral Movement,pass_role + assume_role_chain
synthetic_00232,synthetic_00232_path_001,user:User4515,resource:Bucket3009,4,3,1,1,0,0,1,0,0,0,0,0,HIGH,0.68,Lateral Movement,assume_role_chain + long_privilege_escalation_chain
synthetic_00233,synthetic_00233_path_001,user:User8292,resource:Bucket6236,2,1,1,1,0,0,0,0,0,0,0,0,LOW,0.15,Data Access,read_only_access
synthetic_00234,synthetic_00234_path_001,user:User5914,role:AdminRole3852,2,2,1,1,1,0,0,0,0,0,0,0,HIGH,0.68,Lateral Movement,pass_role + assume_role_chain
synthetic_00235,synthetic_00235_path_001,user:partner-9335,resource:Secret2988,2,1,1,1,0,0,0,0,1,0,1,0,CRITICAL,0.85,Data Access,external_trust
synthetic_00236,synthetic_00236_path_001,user:User9094,resource:Bucket6912,2,1,1,1,0,0,0,0,0,0,0,0,LOW,0.15,Data Access,read_only_access
synthetic_00237,synthetic_00237_path_001,user:User3126,resource:Bucket2077,2,1,1,1,0,1,1,0,0,0,0,1,CRITICAL,0.85,Privilege Escalation,admin_permission
synthetic_00238,synthetic_00238_path_001,user:User9612,resource:Bucket3053,4,3,1,1,0,0,1,0,0,0,0,0,HIGH,0.68,Lateral Movement,assume_role_chain + long_privilege_escalation_chain
synthetic_00239,synthetic_00239_path_001,user:User9476,resource:Bucket3102,2,1,1,1,0,1,1,0,0,0,0,0,MEDIUM,0.43,Data Access,wildcard_action + wildcard_resource
synthetic_00240,synthetic_00240_path_001,user:User1907,role:AdminRole9488,2,2,1,1,1,0,0,0,0,0,0,0,HIGH,0.68,Lateral Movement,pass_role + assume_role_chain
synthetic_00241,synthetic_00241_path_001,user:User3697,resource:Bucket6286,2,1,1,1,0,0,0,0,0,0,0,0,LOW,0.15,Data Access,read_only_access
synthetic_00242,synthetic_00242_path_001,user:143842498182,resource:Bucket3804,2,1,1,1,0,1,1,0,1,1,0,0,CRITICAL,0.88,Lateral Movement,external_trust + cross_account
synthetic_00243,synthetic_00243_path_001,user:User2330,resource:Policy5336,2,1,1,1,0,0,0,1,0,0,0,0,CRITICAL,0.85,Privilege Escalation,policy_modification
synthetic_00244,synthetic_00244_path_001,user:User1496,role:AdminRole9938,2,2,1,1,1,0,0,0,0,0,0,0,HIGH,0.68,Lateral Movement,pass_role + assume_role_chain
synthetic_00245,synthetic_00245_path_001,user:User5949,resource:Bucket5012,2,1,1,1,0,1,1,0,0,0,0,0,MEDIUM,0.43,Data Access,wildcard_action + wildcard_resource
synthetic_00246,synthetic_00246_path_001,user:User1981,resource:Bucket8202,2,1,1,1,0,0,0,0,0,0,0,0,LOW,0.15,Data Access,read_only_access
synthetic_00247,synthetic_00247_path_001,user:User3353,resource:Bucket6231,2,1,1,1,0,0,0,0,0,0,0,0,LOW,0.15,Data Access,read_only_access
synthetic_00248,synthetic_00248_path_001,user:partner-9437,resource:Secret6228,2,1,1,1,0,0,0,0,1,0,1,0,CRITICAL,0.85,Data Access,external_trust
synthetic_00249,synthetic_00249_path_001,user:User8366,resource:Bucket3308,2,1,1,1,0,0,0,0,0,0,0,0,LOW,0.15,Data Access,read_only_access
synthetic_00250,synthetic_00250_path_001,user:User7850,resource:Bucket3616,2,1,1,1,0,1,1,0,0,0,0,1,CRITICAL,0.85,Privilege Escalation,admin_permission
synthetic_00251,synthetic_00251_path_001,user:partner-9163,resource:Secret8648,2,1,1,1,0,0,0,0,1,0,1,0,CRITICAL,0.85,Data Access,external_trust
synthetic_00252,synthetic_00252_path_001,user:User2475,resource:Bucket9281,2,1,1,1,0,1,1,0,0,0,0,0,MEDIUM,0.43,Data Access,wildcard_action + wildcard_resource
synthetic_00253,synthetic_00253_path_001,user:User1797,role:AdminRole5609,2,2,1,1,1,0,0,0,0,0,0,0,HIGH,0.68,Lateral Movement,pass_role + assume_role_chain
synthetic_00254,synthetic_00254_path_001,user:User8710,resource:Bucket9793,2,1,1,1,0,1,1,0,0,0,0,0,MEDIUM,0.43,Data Access,wildcard_action + wildcard_resource
synthetic_00255,synthetic_00255_path_001,user:User5333,resource:Bucket7606,2,1,1,1,0,0,0,0,0,0,0,0,LOW,0.15,Data Access,read_only_access
synthetic_00256,synthetic_00256_path_001,user:User4189,resource:Bucket5728,2,1,1,1,0,0,0,0,0,0,0,0,LOW,0.15,Data Access,read_only_access
synthetic_00257,synthetic_00257_path_001,user:User5582,resource:Bucket3108,2,1,1,1,0,1,1,0,0,0,0,0,MEDIUM,0.43,Data Access,wildcard_action + wildcard_resource
synthetic_00258,synthetic_00258_path_001,user:partner-6555,resource:Secret3363,2,1,1,1,0,0,0,0,1,0,1,0,CRITICAL,0.85,Data Access,external_trust
synthetic_00259,synthetic_00259_path_001,user:User1742,role:AdminRole3245,2,2,1,1,1,0,0,0,0,0,0,0,HIGH,0.68,Lateral Movement,pass_role + assume_role_chain
synthetic_00260,synthetic_00260_path_001,user:User8761,resource:Bucket9446,4,3,1,1,0,0,1,0,0,0,0,0,HIGH,0.68,Lateral Movement,assume_role_chain + long_privilege_escalation_chain
synthetic_00261,synthetic_00261_path_001,user:User7438,resource:Bucket6511,2,1,1,1,0,1,1,0,0,0,0,0,MEDIUM,0.43,Data Access,wildcard_action + wildcard_resource
synthetic_00262,synthetic_00262_path_001,user:User7035,resource:Policy2795,2,1,1,1,0,0,0,1,0,0,0,0,CRITICAL,0.85,Privilege Escalation,policy_modification
synthetic_00263,synthetic_00263_path_001,user:User1436,resource:Bucket5350,2,1,1,1,0,1,1,0,0,0,0,0,MEDIUM,0.43,Data Access,wildcard_action + wildcard_resource
synthetic_00264,synthetic_00264_path_001,user:User9589,resource:Bucket3421,2,1,1,1,0,1,1,0,0,0,0,0,MEDIUM,0.43,Data Access,wildcard_action + wildcard_resource
synthetic_00265,synthetic_00265_path_001,user:User2800,resource:Bucket1310,2,1,1,1,0,1,1,0,0,0,0,1,CRITICAL,0.85,Privilege Escalation,admin_permission
synthetic_00266,synthetic_00266_path_001,user:User4340,resource:Bucket9221,2,1,1,1,0,0,0,0,0,0,0,0,LOW,0.15,Data Access,read_only_access
synthetic_00267,synthetic_00267_path_001,user:User4397,resource:Bucket8837,2,1,1,1,0,0,0,0,0,0,0,0,LOW,0.15,Data Access,read_only_access
synthetic_00268,synthetic_00268_path_001,user:User9734,resource:Bucket9950,2,1,1,1,0,1,1,0,0,0,0,0,MEDIUM,0.43,Data Access,wildcard_action + wildcard_resource
synthetic_00269,synthetic_00269_path_001,user:User5038,resource:Bucket5890,2,1,1,1,0,1,1,0,0,0,0,0,MEDIUM,0.43,Data Access,wildcard_action + wildcard_resource
synthetic_00270,synthetic_00270_path_001,user:User4396,resource:Bucket6194,2,1,1,1,0,1,1,0,0,0,0,0,MEDIUM,0.43,Data Access,wildcard_action + wildcard_resource
synthetic_00271,synthetic_00271_path_001,user:441986652404,resource:Bucket6674,2,1,1,1,0,1,1,0,1,1,0,0,CRITICAL,0.88,Lateral Movement,external_trust + cross_account
synthetic_00272,synthetic_00272_path_001,user:User4310,resource:Bucket5442,2,1,1,1,0,1,1,0,0,0,0,0,MEDIUM,0.43,Data Access,wildcard_action + wildcard_resource
synthetic_00273,synthetic_00273_path_001,user:User4920,role:AdminRole1831,2,2,1,1,1,0,0,0,0,0,0,0,HIGH,0.68,Lateral Movement,pass_role + assume_role_chain
synthetic_00274,synthetic_00274_path_001,user:User9700,resource:Table1860,3,2,1,1,0,0,0,0,0,0,0,0,HIGH,0.65,Lateral Movement,assume_role_chain
synthetic_00275,synthetic_00275_path_001,user:User6411,resource:Bucket2647,2,1,1,1,0,0,0,0,0,0,0,0,LOW,0.15,Data Access,read_only_access
synthetic_00276,synthetic_00276_path_001,user:User3587,resource:Bucket8793,2,1,1,1,0,1,1,0,0,0,0,1,CRITICAL,0.85,Privilege Escalation,admin_permission
synthetic_00277,synthetic_00277_path_001,user:User6262,resource:Bucket1969,2,1,1,1,0,1,1,0,0,0,0,1,CRITICAL,0.85,Privilege Escalation,admin_permission
synthetic_00278,synthetic_00278_path_001,user:User1611,resource:Bucket1595,4,3,1,1,0,0,1,0,0,0,0,0,HIGH,0.68,Lateral Movement,assume_role_chain + long_privilege_escalation_chain
synthetic_00279,synthetic_00279_path_001,user:400499154788,resource:Bucket3198,2,1,1,1,0,1,1,0,1,1,0,0,CRITICAL,0.88,Lateral Movement,external_trust + cross_account
synthetic_00280,synthetic_00280_path_001,user:partner-6417,resource:Secret8518,2,1,1,1,0,0,0,0,1,0,1,0,CRITICAL,0.85,Data Access,external_trust
synthetic_00281,synthetic_00281_path_001,user:User6523,resource:Bucket4164,2,1,1,1,0,0,0,0,0,0,0,0,LOW,0.15,Data Access,read_only_access
synthetic_00282,synthetic_00282_path_001,user:User6372,resource:Bucket7567,2,1,1,1,0,1,1,0,0,0,0,0,MEDIUM,0.43,Data Access,wildcard_action + wildcard_resource
synthetic_00283,synthetic_00283_path_001,user:User5064,resource:Bucket5272,2,1,1,1,0,1,1,0,0,0,0,0,MEDIUM,0.43,Data Access,wildcard_action + wildcard_resource
synthetic_00284,synthetic_00284_path_001,user:partner-6400,resource:Secret1187,2,1,1,1,0,0,0,0,1,0,1,0,CRITICAL,0.85,Data Access,external_trust
synthetic_00285,synthetic_00285_path_001,user:User2017,resource:Bucket3616,4,3,1,1,0,0,1,0,0,0,0,0,HIGH,0.68,Lateral Movement,assume_role_chain + long_privilege_escalation_chain
synthetic_00286,synthetic_00286_path_001,user:User5833,resource:Bucket4618,2,1,1,1,0,0,0,0,0,0,0,0,LOW,0.15,Data Access,read_only_access
synthetic_00287,synthetic_00287_path_001,user:User7121,resource:Bucket9998,2,1,1,1,0,0,0,0,0,0,0,0,LOW,0.15,Data Access,read_only_access
synthetic_00288,synthetic_00288_path_001,user:User2341,resource:Bucket8319,2,1,1,1,0,0,0,0,0,0,0,0,LOW,0.15,Data Access,read_only_access
synthetic_00289,synthetic_00289_path_001,user:User9972,resource:Bucket4312,2,1,1,1,0,0,0,0,0,0,0,0,LOW,0.15,Data Access,read_only_access
synthetic_00290,synthetic_00290_path_001,user:User8239,resource:Policy4365,2,1,1,1,0,0,0,1,0,0,0,0,CRITICAL,0.85,Privilege Escalation,policy_modification
synthetic_00291,synthetic_00291_path_001,user:707286790874,resource:Bucket7487,2,1,1,1,0,1,1,0,1,1,0,0,CRITICAL,0.88,Lateral Movement,external_trust + cross_account
synthetic_00292,synthetic_00292_path_001,user:User2196,resource:Bucket7941,2,1,1,1,0,0,0,0,0,0,0,0,LOW,0.15,Data Access,read_only_access
synthetic_00293,synthetic_00293_path_001,user:User2130,resource:Bucket1519,2,1,1,1,0,1,1,0,0,0,0,1,CRITICAL,0.85,Privilege Escalation,admin_permission
synthetic_00294,synthetic_00294_path_001,user:partner-7887,resource:Secret7266,2,1,1,1,0,0,0,0,1,0,1,0,CRITICAL,0.85,Data Access,external_trust
synthetic_00295,synthetic_00295_path_001,user:User9835,resource:Bucket6697,2,1,1,1,0,1,1,0,0,0,0,0,MEDIUM,0.43,Data Access,wildcard_action + wildcard_resource
synthetic_00296,synthetic_00296_path_001,user:User3086,resource:Bucket1056,2,1,1,1,0,1,1,0,0,0,0,0,MEDIUM,0.43,Data Access,wildcard_action + wildcard_resource
synthetic_00297,synthetic_00297_path_001,user:User9920,resource:Table7214,3,2,1,1,0,0,0,0,0,0,0,0,HIGH,0.65,Lateral Movement,assume_role_chain
synthetic_00298,synthetic_00298_path_001,user:User5055,resource:Policy6671,2,1,1,1,0,0,0,1,0,0,0,0,CRITICAL,0.85,Privilege Escalation,policy_modification
synthetic_00299,synthetic_00299_path_001,user:User2848,resource:Bucket7868,2,1,1,1,0,0,0,0,0,0,0,0,LOW,0.15,Data Access,read_only_access
synthetic_00300,synthetic_00300_path_001,user:User1550,resource:Bucket1797,2,1,1,1,0,0,0,0,0,0,0,0,LOW,0.15,Data Access,read_only_access
synthetic_00301,synthetic_00301_path_001,user:User9843,resource:Bucket1924,2,1,1,1,0,1,1,0,0,0,0,0,MEDIUM,0.43,Data Access,wildcard_action + wildcard_resource
synthetic_00302,synthetic_00302_path_001,user:User6224,resource:Policy4881,2,1,1,1,0,0,0,1,0,0,0,0,CRITICAL,0.85,Privilege Escalation,policy_modification
synthetic_00303,synthetic_00303_path_001,user:User9540,resource:Bucket7775,2,1,1,1,0,0,0,0,0,0,0,0,LOW,0.15,Data Access,read_only_access
synthetic_00304,synthetic_00304_path_001,user:User3869,role:AdminRole9120,2,2,1,1,1,0,0,0,0,0,0,0,HIGH,0.68,Lateral Movement,pass_role + assume_role_chain
synthetic_00305,synthetic_00305_path_001,user:User6642,resource:Bucket9592,2,1,1,1,0,0,0,0,0,0,0,0,LOW,0.15,Data Access,read_only_access
synthetic_00306,synthetic_00306_path_001,user:User7167,resource:Bucket9813,2,1,1,1,0,0,0,0,0,0,0,0,LOW,0.15,Data Access,read_only_access
synthetic_00307,synthetic_00307_path_001,user:User3365,resource:Bucket1944,2,1,1,1,0,0,0,0,0,0,0,0,LOW,0.15,Data Access,read_only_access
synthetic_00308,synthetic_00308_path_001,user:User7363,role:AdminRole5177,2,2,1,1,1,0,0,0,0,0,0,0,HIGH,0.68,Lateral Movement,pass_role + assume_role_chain
synthetic_00309,synthetic_00309_path_001,user:User2295,resource:Bucket7079,2,1,1,1,0,0,0,0,0,0,0,0,LOW,0.15,Data Access,read_only_access
synthetic_00310,synthetic_00310_path_001,user:User1647,resource:Bucket4082,2,1,1,1,0,1,1,0,0,0,0,0,MEDIUM,0.43,Data Access,wildcard_action + wildcard_resource
synthetic_00311,synthetic_00311_path_001,user:User6455,resource:Policy1251,2,1,1,1,0,0,0,1,0,0,0,0,CRITICAL,0.85,Privilege Escalation,policy_modification
synthetic_00312,synthetic_00312_path_001,user:User2922,resource:Bucket4974,2,1,1,1,0,1,1,0,0,0,0,1,CRITICAL,0.85,Privilege Escalation,admin_permission
synthetic_00313,synthetic_00313_path_001,user:User5637,role:AdminRole8639,2,2,1,1,1,0,0,0,0,0,0,0,HIGH,0.68,Lateral Movement,pass_role + assume_role_chain
synthetic_00314,synthetic_00314_path_001,user:User6886,role:AdminRole5285,2,2,1,1,1,0,0,0,0,0,0,0,HIGH,0.68,Lateral Movement,pass_role + assume_role_chain
synthetic_00315,synthetic_00315_path_001,user:User9147,resource:Bucket2615,2,1,1,1,0,1,1,0,0,0,0,0,MEDIUM,0.43,Data Access,wildcard_action + wildcard_resource
synthetic_00316,synthetic_00316_path_001,user:User7781,resource:Bucket4625,2,1,1,1,0,1,1,0,0,0,0,0,MEDIUM,0.43,Data Access,wildcard_action + wildcard_resource
synthetic_00317,synthetic_00317_path_001,user:User7841,role:AdminRole3497,2,2,1,1,1,0,0,0,0,0,0,0,HIGH,0.68,Lateral Movement,pass_role + assume_role_chain
synthetic_00318,synthetic_00318_path_001,user:User4768,resource:Bucket5026,2,1,1,1,0,0,0,0,0,0,0,0,LOW,0.15,Data Access,read_only_access
synthetic_00319,synthetic_00319_path_001,user:partner-9005,resource:Secret8550,2,1,1,1,0,0,0,0,1,0,1,0,CRITICAL,0.85,Data Access,external_trust
synthetic_00320,synthetic_00320_path_001,user:User9954,resource:Bucket4015,2,1,1,1,0,0,0,0,0,0,0,0,LOW,0.15,Data Access,read_only_access
synthetic_00321,synthetic_00321_path_001,user:User1794,resource:Policy7756,2,1,1,1,0,0,0,1,0,0,0,0,CRITICAL,0.85,Privilege Escalation,policy_modification
synthetic_00322,synthetic_00322_path_001,user:User2113,resource:Table4583,3,2,1,1,0,0,0,0,0,0,0,0,HIGH,0.65,Lateral Movement,assume_role_chain
synthetic_00323,synthetic_00323_path_001,user:User7114,role:AdminRole8916,2,2,1,1,1,0,0,0,0,0,0,0,HIGH,0.68,Lateral Movement,pass_role + assume_role_chain
synthetic_00324,synthetic_00324_path_001,user:User1257,resource:Table7739,3,2,1,1,0,0,0,0,0,0,0,0,HIGH,0.65,Lateral Movement,assume_role_chain
synthetic_00325,synthetic_00325_path_001,user:User9673,resource:Bucket9777,2,1,1,1,0,0,0,0,0,0,0,0,LOW,0.15,Data Access,read_only_access
synthetic_00326,synthetic_00326_path_001,user:User8054,resource:Policy2753,2,1,1,1,0,0,0,1,0,0,0,0,CRITICAL,0.85,Privilege Escalation,policy_modification
synthetic_00327,synthetic_00327_path_001,user:User4144,resource:Bucket5135,2,1,1,1,0,0,0,0,0,0,0,0,LOW,0.15,Data Access,read_only_access
synthetic_00328,synthetic_00328_path_001,user:User7112,resource:Bucket8520,2,1,1,1,0,1,1,0,0,0,0,0,MEDIUM,0.43,Data Access,wildcard_action + wildcard_resource
synthetic_00329,synthetic_00329_path_001,user:User2320,resource:Table7640,3,2,1,1,0,0,0,0,0,0,0,0,HIGH,0.65,Lateral Movement,assume_role_chain
synthetic_00330,synthetic_00330_path_001,user:User8798,resource:Bucket1154,2,1,1,1,0,1,1,0,0,0,0,0,MEDIUM,0.43,Data Access,wildcard_action + wildcard_resource
synthetic_00331,synthetic_00331_path_001,user:User6427,resource:Policy9653,2,1,1,1,0,0,0,1,0,0,0,0,CRITICAL,0.85,Privilege Escalation,policy_modification
synthetic_00332,synthetic_00332_path_001,user:User8790,resource:Bucket1762,2,1,1,1,0,0,0,0,0,0,0,0,LOW,0.15,Data Access,read_only_access
synthetic_00333,synthetic_00333_path_001,user:User1539,role:AdminRole6152,2,2,1,1,1,0,0,0,0,0,0,0,HIGH,0.68,Lateral Movement,pass_role + assume_role_chain
synthetic_00334,synthetic_00334_path_001,user:User4394,resource:Bucket7525,2,1,1,1,0,0,0,0,0,0,0,0,LOW,0.15,Data Access,read_only_access
synthetic_00335,synthetic_00335_path_001,user:User7375,role:AdminRole6435,2,2,1,1,1,0,0,0,0,0,0,0,HIGH,0.68,Lateral Movement,pass_role + assume_role_chain
synthetic_00336,synthetic_00336_path_001,user:User3292,resource:Bucket9204,2,1,1,1,0,1,1,0,0,0,0,0,MEDIUM,0.43,Data Access,wildcard_action + wildcard_resource
synthetic_00337,synthetic_00337_path_001,user:User2245,resource:Bucket7499,2,1,1,1,0,1,1,0,0,0,0,0,MEDIUM,0.43,Data Access,wildcard_action + wildcard_resource
synthetic_00338,synthetic_00338_path_001,user:User8381,resource:Bucket4737,2,1,1,1,0,1,1,0,0,0,0,0,MEDIUM,0.43,Data Access,wildcard_action + wildcard_resource
synthetic_00339,synthetic_00339_path_001,user:User7227,resource:Bucket5839,2,1,1,1,0,0,0,0,0,0,0,0,LOW,0.15,Data Access,read_only_access
synthetic_00340,synthetic_00340_path_001,user:User7225,resource:Bucket7383,2,1,1,1,0,1,1,0,0,0,0,0,MEDIUM,0.43,Data Access,wildcard_action + wildcard_resource
synthetic_00341,synthetic_00341_path_001,user:User6050,resource:Bucket6896,2,1,1,1,0,0,0,0,0,0,0,0,LOW,0.15,Data Access,read_only_access
synthetic_00342,synthetic_00342_path_001,user:User8061,resource:Bucket9395,2,1,1,1,0,0,0,0,0,0,0,0,LOW,0.15,Data Access,read_only_access
synthetic_00343,synthetic_00343_path_001,user:User2524,resource:Bucket7311,2,1,1,1,0,0,0,0,0,0,0,0,LOW,0.15,Data Access,read_only_access
synthetic_00344,synthetic_00344_path_001,user:User2387,resource:Bucket9537,2,1,1,1,0,1,1,0,0,0,0,0,MEDIUM,0.43,Data Access,wildcard_action + wildcard_resource
synthetic_00345,synthetic_00345_path_001,user:User5933,resource:Bucket9079,2,1,1,1,0,0,0,0,0,0,0,0,LOW,0.15,Data Access,read_only_access
synthetic_00346,synthetic_00346_path_001,user:User7899,resource:Bucket8933,2,1,1,1,0,1,1,0,0,0,0,0,MEDIUM,0.43,Data Access,wildcard_action + wildcard_resource
synthetic_00347,synthetic_00347_path_001,user:User9123,resource:Bucket8501,2,1,1,1,0,1,1,0,0,0,0,1,CRITICAL,0.85,Privilege Escalation,admin_permission
synthetic_00348,synthetic_00348_path_001,user:User7483,resource:Bucket7224,2,1,1,1,0,0,0,0,0,0,0,0,LOW,0.15,Data Access,read_only_access
synthetic_00349,synthetic_00349_path_001,user:User3230,resource:Bucket6253,2,1,1,1,0,1,1,0,0,0,0,0,MEDIUM,0.43,Data Access,wildcard_action + wildcard_resource
synthetic_00350,synthetic_00350_path_001,user:User7524,resource:Bucket5775,2,1,1,1,0,0,0,0,0,0,0,0,LOW,0.15,Data Access,read_only_access
synthetic_00351,synthetic_00351_path_001,user:User7437,resource:Bucket2865,2,1,1,1,0,1,1,0,0,0,0,0,MEDIUM,0.43,Data Access,wildcard_action + wildcard_resource
synthetic_00352,synthetic_00352_path_001,user:partner-1440,resource:Secret4434,2,1,1,1,0,0,0,0,1,0,1,0,CRITICAL,0.85,Data Access,external_trust
synthetic_00353,synthetic_00353_path_001,user:User2133,resource:Policy9180,2,1,1,1,0,0,0,1,0,0,0,0,CRITICAL,0.85,Privilege Escalation,policy_modification
synthetic_00354,synthetic_00354_path_001,user:User5139,resource:Bucket7932,2,1,1,1,0,1,1,0,0,0,0,0,MEDIUM,0.43,Data Access,wildcard_action + wildcard_resource
synthetic_00355,synthetic_00355_path_001,user:User8851,resource:Bucket9755,2,1,1,1,0,1,1,0,0,0,0,1,CRITICAL,0.85,Privilege Escalation,admin_permission
synthetic_00356,synthetic_00356_path_001,user:User9796,resource:Bucket2791,2,1,1,1,0,1,1,0,0,0,0,1,CRITICAL,0.85,Privilege Escalation,admin_permission
synthetic_00357,synthetic_00357_path_001,user:User1725,resource:Table8052,3,2,1,1,0,0,0,0,0,0,0,0,HIGH,0.65,Lateral Movement,assume_role_chain
synthetic_00358,synthetic_00358_path_001,user:User2615,resource:Bucket4637,2,1,1,1,0,0,0,0,0,0,0,0,LOW,0.15,Data Access,read_only_access
synthetic_00359,synthetic_00359_path_001,user:User9199,resource:Bucket6651,2,1,1,1,0,1,1,0,0,0,0,0,MEDIUM,0.43,Data Access,wildcard_action + wildcard_resource
synthetic_00360,synthetic_00360_path_001,user:User2406,resource:Bucket3321,2,1,1,1,0,1,1,0,0,0,0,0,MEDIUM,0.43,Data Access,wildcard_action + wildcard_resource
synthetic_00361,synthetic_00361_path_001,user:User4389,resource:Bucket8912,2,1,1,1,0,1,1,0,0,0,0,0,MEDIUM,0.43,Data Access,wildcard_action + wildcard_resource
synthetic_00362,synthetic_00362_path_001,user:User8412,resource:Bucket2100,2,1,1,1,0,1,1,0,0,0,0,0,MEDIUM,0.43,Data Access,wildcard_action + wildcard_resource
synthetic_00363,synthetic_00363_path_001,user:User1370,resource:Bucket4996,4,3,1,1,0,0,1,0,0,0,0,0,HIGH,0.68,Lateral Movement,assume_role_chain + long_privilege_escalation_chain
synthetic_00364,synthetic_00364_path_001,user:User8570,role:AdminRole7636,2,2,1,1,1,0,0,0,0,0,0,0,HIGH,0.68,Lateral Movement,pass_role + assume_role_chain
synthetic_00365,synthetic_00365_path_001,user:User4053,resource:Table1478,3,2,1,1,0,0,0,0,0,0,0,0,HIGH,0.65,Lateral Movement,assume_role_chain
synthetic_00366,synthetic_00366_path_001,user:User4232,resource:Bucket1072,4,3,1,1,0,0,1,0,0,0,0,0,HIGH,0.68,Lateral Movement,assume_role_chain + long_privilege_escalation_chain
synthetic_00367,synthetic_00367_path_001,user:partner-2025,resource:Secret9796,2,1,1,1,0,0,0,0,1,0,1,0,CRITICAL,0.85,Data Access,external_trust
synthetic_00368,synthetic_00368_path_001,user:User8496,resource:Bucket5298,2,1,1,1,0,1,1,0,0,0,0,0,MEDIUM,0.43,Data Access,wildcard_action + wildcard_resource
synthetic_00369,synthetic_00369_path_001,user:User7431,resource:Bucket6700,2,1,1,1,0,1,1,0,0,0,0,0,MEDIUM,0.43,Data Access,wildcard_action + wildcard_resource
synthetic_00370,synthetic_00370_path_001,user:User5873,resource:Bucket3194,2,1,1,1,0,0,0,0,0,0,0,0,LOW,0.15,Data Access,read_only_access
synthetic_00371,synthetic_00371_path_001,user:User3999,resource:Bucket3316,2,1,1,1,0,1,1,0,0,0,0,0,MEDIUM,0.43,Data Access,wildcard_action + wildcard_resource
synthetic_00372,synthetic_00372_path_001,user:User7286,resource:Bucket4043,2,1,1,1,0,0,0,0,0,0,0,0,LOW,0.15,Data Access,read_only_access
synthetic_00373,synthetic_00373_path_001,user:User5732,resource:Bucket4065,2,1,1,1,0,0,0,0,0,0,0,0,LOW,0.15,Data Access,read_only_access
synthetic_00374,synthetic_00374_path_001,user:User6882,resource:Bucket8939,2,1,1,1,0,0,0,0,0,0,0,0,LOW,0.15,Data Access,read_only_access
synthetic_00375,synthetic_00375_path_001,user:User9281,resource:Bucket7703,2,1,1,1,0,1,1,0,0,0,0,0,MEDIUM,0.43,Data Access,wildcard_action + wildcard_resource
synthetic_00376,synthetic_00376_path_001,user:User9006,resource:Policy2354,2,1,1,1,0,0,0,1,0,0,0,0,CRITICAL,0.85,Privilege Escalation,policy_modification
synthetic_00377,synthetic_00377_path_001,user:partner-5785,resource:Secret5503,2,1,1,1,0,0,0,0,1,0,1,0,CRITICAL,0.85,Data Access,external_trust
synthetic_00378,synthetic_00378_path_001,user:User8492,resource:Bucket9369,2,1,1,1,0,0,0,0,0,0,0,0,LOW,0.15,Data Access,read_only_access
synthetic_00379,synthetic_00379_path_001,user:partner-7010,resource:Secret1681,2,1,1,1,0,0,0,0,1,0,1,0,CRITICAL,0.85,Data Access,external_trust
synthetic_00380,synthetic_00380_path_001,user:User2677,resource:Bucket5877,2,1,1,1,0,1,1,0,0,0,0,1,CRITICAL,0.85,Privilege Escalation,admin_permission
synthetic_00381,synthetic_00381_path_001,user:User2425,resource:Bucket2923,2,1,1,1,0,1,1,0,0,0,0,0,MEDIUM,0.43,Data Access,wildcard_action + wildcard_resource
synthetic_00382,synthetic_00382_path_001,user:User6744,resource:Bucket4385,4,3,1,1,0,0,1,0,0,0,0,0,HIGH,0.68,Lateral Movement,assume_role_chain + long_privilege_escalation_chain
synthetic_00383,synthetic_00383_path_001,user:User5605,resource:Bucket3758,2,1,1,1,0,1,1,0,0,0,0,0,MEDIUM,0.43,Data Access,wildcard_action + wildcard_resource
synthetic_00384,synthetic_00384_path_001,user:User9428,role:AdminRole3221,2,2,1,1,1,0,0,0,0,0,0,0,HIGH,0.68,Lateral Movement,pass_role + assume_role_chain
synthetic_00385,synthetic_00385_path_001,user:User7743,resource:Bucket5543,2,1,1,1,0,1,1,0,0,0,0,1,CRITICAL,0.85,Privilege Escalation,admin_permission
synthetic_00386,synthetic_00386_path_001,user:User6277,resource:Bucket7434,2,1,1,1,0,0,0,0,0,0,0,0,LOW,0.15,Data Access,read_only_access
synthetic_00387,synthetic_00387_path_001,user:User7786,resource:Table2237,3,2,1,1,0,0,0,0,0,0,0,0,HIGH,0.65,Lateral Movement,assume_role_chain
synthetic_00388,synthetic_00388_path_001,user:User2525,resource:Table5558,3,2,1,1,0,0,0,0,0,0,0,0,HIGH,0.65,Lateral Movement,assume_role_chain
synthetic_00389,synthetic_00389_path_001,user:User7046,resource:Bucket1040,4,3,1,1,0,0,1,0,0,0,0,0,HIGH,0.68,Lateral Movement,assume_role_chain + long_privilege_escalation_chain
synthetic_00390,synthetic_00390_path_001,user:User6869,resource:Table7516,3,2,1,1,0,0,0,0,0,0,0,0,HIGH,0.65,Lateral Movement,assume_role_chain
synthetic_00391,synthetic_00391_path_001,user:User8039,resource:Bucket9105,2,1,1,1,0,0,0,0,0,0,0,0,LOW,0.15,Data Access,read_only_access
synthetic_00392,synthetic_00392_path_001,user:User9967,resource:Bucket8951,2,1,1,1,0,1,1,0,0,0,0,0,MEDIUM,0.43,Data Access,wildcard_action + wildcard_resource
synthetic_00393,synthetic_00393_path_001,user:User8529,resource:Bucket3035,2,1,1,1,0,0,0,0,0,0,0,0,LOW,0.15,Data Access,read_only_access
synthetic_00394,synthetic_00394_path_001,user:User8009,resource:Bucket3161,2,1,1,1,0,0,0,0,0,0,0,0,LOW,0.15,Data Access,read_only_access
synthetic_00395,synthetic_00395_path_001,user:415415206436,resource:Bucket2559,2,1,1,1,0,1,1,0,1,1,0,0,CRITICAL,0.88,Lateral Movement,external_trust + cross_account
synthetic_00396,synthetic_00396_path_001,user:User4705,resource:Bucket8291,2,1,1,1,0,0,0,0,0,0,0,0,LOW,0.15,Data Access,read_only_access
synthetic_00397,synthetic_00397_path_001,user:User2975,resource:Bucket3165,2,1,1,1,0,1,1,0,0,0,0,0,MEDIUM,0.43,Data Access,wildcard_action + wildcard_resource
synthetic_00398,synthetic_00398_path_001,user:User2678,resource:Bucket6133,2,1,1,1,0,1,1,0,0,0,0,0,MEDIUM,0.43,Data Access,wildcard_action + wildcard_resource
synthetic_00399,synthetic_00399_path_001,user:User3181,resource:Bucket2120,2,1,1,1,0,1,1,0,0,0,0,0,MEDIUM,0.43,Data Access,wildcard_action + wildcard_resource
synthetic_00400,synthetic_00400_path_001,user:User4490,resource:Bucket7745,2,1,1,1,0,1,1,0,0,0,0,0,MEDIUM,0.43,Data Access,wildcard_action + wildcard_resource
synthetic_00401,synthetic_00401_path_001,user:219656523413,resource:Bucket1439,2,1,1,1,0,1,1,0,1,1,0,0,CRITICAL,0.88,Lateral Movement,external_trust + cross_account
synthetic_00402,synthetic_00402_path_001,user:User4090,role:AdminRole5842,2,2,1,1,1,0,0,0,0,0,0,0,HIGH,0.68,Lateral Movement,pass_role + assume_role_chain
synthetic_00403,synthetic_00403_path_001,user:User4921,resource:Table2847,3,2,1,1,0,0,0,0,0,0,0,0,HIGH,0.65,Lateral Movement,assume_role_chain
synthetic_00404,synthetic_00404_path_001,user:User2163,resource:Bucket1197,2,1,1,1,0,0,0,0,0,0,0,0,LOW,0.15,Data Access,read_only_access
synthetic_00405,synthetic_00405_path_001,user:User7895,resource:Bucket9951,2,1,1,1,0,1,1,0,0,0,0,0,MEDIUM,0.43,Data Access,wildcard_action + wildcard_resource
synthetic_00406,synthetic_00406_path_001,user:User2106,resource:Bucket5295,2,1,1,1,0,0,0,0,0,0,0,0,LOW,0.15,Data Access,read_only_access
synthetic_00407,synthetic_00407_path_001,user:User7520,resource:Bucket5693,2,1,1,1,0,1,1,0,0,0,0,1,CRITICAL,0.85,Privilege Escalation,admin_permission
synthetic_00408,synthetic_00408_path_001,user:User9791,resource:Bucket3501,2,1,1,1,0,1,1,0,0,0,0,0,MEDIUM,0.43,Data Access,wildcard_action + wildcard_resource
synthetic_00409,synthetic_00409_path_001,user:User4329,resource:Bucket9788,2,1,1,1,0,0,0,0,0,0,0,0,LOW,0.15,Data Access,read_only_access
synthetic_00410,synthetic_00410_path_001,user:User2083,resource:Table4909,3,2,1,1,0,0,0,0,0,0,0,0,HIGH,0.65,Lateral Movement,assume_role_chain
synthetic_00411,synthetic_00411_path_001,user:User2412,resource:Bucket2900,2,1,1,1,0,0,0,0,0,0,0,0,LOW,0.15,Data Access,read_only_access
synthetic_00412,synthetic_00412_path_001,user:User3877,resource:Table3248,3,2,1,1,0,0,0,0,0,0,0,0,HIGH,0.65,Lateral Movement,assume_role_chain
synthetic_00413,synthetic_00413_path_001,user:User3684,resource:Bucket9474,4,3,1,1,0,0,1,0,0,0,0,0,HIGH,0.68,Lateral Movement,assume_role_chain + long_privilege_escalation_chain
synthetic_00414,synthetic_00414_path_001,user:User5403,resource:Bucket1480,2,1,1,1,0,0,0,0,0,0,0,0,LOW,0.15,Data Access,read_only_access
synthetic_00415,synthetic_00415_path_001,user:User5308,role:AdminRole9128,2,2,1,1,1,0,0,0,0,0,0,0,HIGH,0.68,Lateral Movement,pass_role + assume_role_chain
synthetic_00416,synthetic_00416_path_001,user:User6900,resource:Bucket9185,2,1,1,1,0,1,1,0,0,0,0,0,MEDIUM,0.43,Data Access,wildcard_action + wildcard_resource
synthetic_00417,synthetic_00417_path_001,user:User2685,resource:Bucket4742,2,1,1,1,0,1,1,0,0,0,0,0,MEDIUM,0.43,Data Access,wildcard_action + wildcard_resource
synthetic_00418,synthetic_00418_path_001,user:User5006,resource:Policy8729,2,1,1,1,0,0,0,1,0,0,0,0,CRITICAL,0.85,Privilege Escalation,policy_modification
synthetic_00419,synthetic_00419_path_001,user:208635365419,resource:Bucket2956,2,1,1,1,0,1,1,0,1,1,0,0,CRITICAL,0.88,Lateral Movement,external_trust + cross_account
synthetic_00420,synthetic_00420_path_001,user:partner-1752,resource:Secret2129,2,1,1,1,0,0,0,0,1,0,1,0,CRITICAL,0.85,Data Access,external_trust
synthetic_00421,synthetic_00421_path_001,user:partner-6090,resource:Secret2415,2,1,1,1,0,0,0,0,1,0,1,0,CRITICAL,0.85,Data Access,external_trust
synthetic_00422,synthetic_00422_path_001,user:User5777,resource:Bucket4974,2,1,1,1,0,1,1,0,0,0,0,0,MEDIUM,0.43,Data Access,wildcard_action + wildcard_resource
synthetic_00423,synthetic_00423_path_001,user:User4201,resource:Bucket5016,2,1,1,1,0,1,1,0,0,0,0,1,CRITICAL,0.85,Privilege Escalation,admin_permission
synthetic_00424,synthetic_00424_path_001,user:User9872,resource:Bucket1157,2,1,1,1,0,0,0,0,0,0,0,0,LOW,0.15,Data Access,read_only_access
synthetic_00425,synthetic_00425_path_001,user:User6038,resource:Table9680,3,2,1,1,0,0,0,0,0,0,0,0,HIGH,0.65,Lateral Movement,assume_role_chain
synthetic_00426,synthetic_00426_path_001,user:User7878,resource:Bucket1981,2,1,1,1,0,1,1,0,0,0,0,1,CRITICAL,0.85,Privilege Escalation,admin_permission
synthetic_00427,synthetic_00427_path_001,user:User4792,resource:Bucket7767,2,1,1,1,0,0,0,0,0,0,0,0,LOW,0.15,Data Access,read_only_access
synthetic_00428,synthetic_00428_path_001,user:User2565,resource:Bucket3187,2,1,1,1,0,0,0,0,0,0,0,0,LOW,0.15,Data Access,read_only_access
synthetic_00429,synthetic_00429_path_001,user:User8126,role:AdminRole4879,2,2,1,1,1,0,0,0,0,0,0,0,HIGH,0.68,Lateral Movement,pass_role + assume_role_chain
synthetic_00430,synthetic_00430_path_001,user:User6161,resource:Bucket6345,2,1,1,1,0,1,1,0,0,0,0,0,MEDIUM,0.43,Data Access,wildcard_action + wildcard_resource
synthetic_00431,synthetic_00431_path_001,user:User4321,resource:Bucket2785,2,1,1,1,0,0,0,0,0,0,0,0,LOW,0.15,Data Access,read_only_access
synthetic_00432,synthetic_00432_path_001,user:User6145,resource:Bucket2978,2,1,1,1,0,1,1,0,0,0,0,0,MEDIUM,0.43,Data Access,wildcard_action + wildcard_resource
synthetic_00433,synthetic_00433_path_001,user:User5341,resource:Bucket2481,2,1,1,1,0,1,1,0,0,0,0,0,MEDIUM,0.43,Data Access,wildcard_action + wildcard_resource
synthetic_00434,synthetic_00434_path_001,user:User1660,resource:Bucket2494,4,3,1,1,0,0,1,0,0,0,0,0,HIGH,0.68,Lateral Movement,assume_role_chain + long_privilege_escalation_chain
synthetic_00435,synthetic_00435_path_001,user:User5896,role:AdminRole3848,2,2,1,1,1,0,0,0,0,0,0,0,HIGH,0.68,Lateral Movement,pass_role + assume_role_chain
synthetic_00436,synthetic_00436_path_001,user:User7625,resource:Bucket5093,2,1,1,1,0,0,0,0,0,0,0,0,LOW,0.15,Data Access,read_only_access
synthetic_00437,synthetic_00437_path_001,user:partner-3290,resource:Secret1195,2,1,1,1,0,0,0,0,1,0,1,0,CRITICAL,0.85,Data Access,external_trust
synthetic_00438,synthetic_00438_path_001,user:User7563,resource:Bucket2376,2,1,1,1,0,0,0,0,0,0,0,0,LOW,0.15,Data Access,read_only_access
synthetic_00439,synthetic_00439_path_001,user:User4239,resource:Bucket3110,2,1,1,1,0,1,1,0,0,0,0,1,CRITICAL,0.85,Privilege Escalation,admin_permission
synthetic_00440,synthetic_00440_path_001,user:User8552,resource:Bucket3752,2,1,1,1,0,0,0,0,0,0,0,0,LOW,0.15,Data Access,read_only_access
synthetic_00441,synthetic_00441_path_001,user:User7990,resource:Bucket6799,2,1,1,1,0,0,0,0,0,0,0,0,LOW,0.15,Data Access,read_only_access
synthetic_00442,synthetic_00442_path_001,user:User3435,resource:Bucket5026,2,1,1,1,0,1,1,0,0,0,0,0,MEDIUM,0.43,Data Access,wildcard_action + wildcard_resource
synthetic_00443,synthetic_00443_path_001,user:701462638380,resource:Bucket6883,2,1,1,1,0,1,1,0,1,1,0,0,CRITICAL,0.88,Lateral Movement,external_trust + cross_account
synthetic_00444,synthetic_00444_path_001,user:856420593040,resource:Bucket9674,2,1,1,1,0,1,1,0,1,1,0,0,CRITICAL,0.88,Lateral Movement,external_trust + cross_account
synthetic_00445,synthetic_00445_path_001,user:User4951,resource:Bucket9743,2,1,1,1,0,0,0,0,0,0,0,0,LOW,0.15,Data Access,read_only_access
synthetic_00446,synthetic_00446_path_001,user:User7363,resource:Policy3846,2,1,1,1,0,0,0,1,0,0,0,0,CRITICAL,0.85,Privilege Escalation,policy_modification
synthetic_00447,synthetic_00447_path_001,user:User6878,role:AdminRole6761,2,2,1,1,1,0,0,0,0,0,0,0,HIGH,0.68,Lateral Movement,pass_role + assume_role_chain
synthetic_00448,synthetic_00448_path_001,user:User3328,resource:Bucket9064,2,1,1,1,0,1,1,0,0,0,0,1,CRITICAL,0.85,Privilege Escalation,admin_permission
synthetic_00449,synthetic_00449_path_001,user:User1920,resource:Bucket4584,2,1,1,1,0,0,0,0,0,0,0,0,LOW,0.15,Data Access,read_only_access
synthetic_00450,synthetic_00450_path_001,user:User4300,resource:Bucket6582,2,1,1,1,0,1,1,0,0,0,0,0,MEDIUM,0.43,Data Access,wildcard_action + wildcard_resource
synthetic_00451,synthetic_00451_path_001,user:User3320,resource:Bucket9622,2,1,1,1,0,0,0,0,0,0,0,0,LOW,0.15,Data Access,read_only_access
synthetic_00452,synthetic_00452_path_001,user:User7481,resource:Bucket6285,4,3,1,1,0,0,1,0,0,0,0,0,HIGH,0.68,Lateral Movement,assume_role_chain + long_privilege_escalation_chain
synthetic_00453,synthetic_00453_path_001,user:User8982,resource:Bucket3854,2,1,1,1,0,1,1,0,0,0,0,1,CRITICAL,0.85,Privilege Escalation,admin_permission
synthetic_00454,synthetic_00454_path_001,user:User3872,role:AdminRole6026,2,2,1,1,1,0,0,0,0,0,0,0,HIGH,0.68,Lateral Movement,pass_role + assume_role_chain
synthetic_00455,synthetic_00455_path_001,user:User5825,resource:Bucket7415,4,3,1,1,0,0,1,0,0,0,0,0,HIGH,0.68,Lateral Movement,assume_role_chain + long_privilege_escalation_chain
synthetic_00456,synthetic_00456_path_001,user:User4619,resource:Bucket9129,2,1,1,1,0,1,1,0,0,0,0,0,MEDIUM,0.43,Data Access,wildcard_action + wildcard_resource
synthetic_00457,synthetic_00457_path_001,user:User6682,resource:Bucket3750,2,1,1,1,0,0,0,0,0,0,0,0,LOW,0.15,Data Access,read_only_access
synthetic_00458,synthetic_00458_path_001,user:User4435,resource:Bucket2110,2,1,1,1,0,0,0,0,0,0,0,0,LOW,0.15,Data Access,read_only_access
synthetic_00459,synthetic_00459_path_001,user:User1020,resource:Bucket7323,2,1,1,1,0,0,0,0,0,0,0,0,LOW,0.15,Data Access,read_only_access
synthetic_00460,synthetic_00460_path_001,user:765861793271,resource:Bucket5831,2,1,1,1,0,1,1,0,1,1,0,0,CRITICAL,0.88,Lateral Movement,external_trust + cross_account
synthetic_00461,synthetic_00461_path_001,user:User2215,resource:Bucket3787,2,1,1,1,0,1,1,0,0,0,0,1,CRITICAL,0.85,Privilege Escalation,admin_permission
synthetic_00462,synthetic_00462_path_001,user:User2525,resource:Bucket8909,2,1,1,1,0,0,0,0,0,0,0,0,LOW,0.15,Data Access,read_only_access
synthetic_00463,synthetic_00463_path_001,user:User8113,resource:Bucket1877,2,1,1,1,0,0,0,0,0,0,0,0,LOW,0.15,Data Access,read_only_access
synthetic_00464,synthetic_00464_path_001,user:User7705,resource:Bucket5346,2,1,1,1,0,1,1,0,0,0,0,1,CRITICAL,0.85,Privilege Escalation,admin_permission
synthetic_00465,synthetic_00465_path_001,user:User7437,resource:Bucket3516,2,1,1,1,0,0,0,0,0,0,0,0,LOW,0.15,Data Access,read_only_access
synthetic_00466,synthetic_00466_path_001,user:User5825,resource:Bucket4271,2,1,1,1,0,1,1,0,0,0,0,0,MEDIUM,0.43,Data Access,wildcard_action + wildcard_resource
synthetic_00467,synthetic_00467_path_001,user:User5781,resource:Bucket8758,2,1,1,1,0,0,0,0,0,0,0,0,LOW,0.15,Data Access,read_only_access
synthetic_00468,synthetic_00468_path_001,user:User9013,resource:Bucket2493,2,1,1,1,0,1,1,0,0,0,0,0,MEDIUM,0.43,Data Access,wildcard_action + wildcard_resource
synthetic_00469,synthetic_00469_path_001,user:527047743490,resource:Bucket2584,2,1,1,1,0,1,1,0,1,1,0,0,CRITICAL,0.88,Lateral Movement,external_trust + cross_account
synthetic_00470,synthetic_00470_path_001,user:User4727,role:AdminRole7342,2,2,1,1,1,0,0,0,0,0,0,0,HIGH,0.68,Lateral Movement,pass_role + assume_role_chain
synthetic_00471,synthetic_00471_path_001,user:User7858,resource:Policy8779,2,1,1,1,0,0,0,1,0,0,0,0,CRITICAL,0.85,Privilege Escalation,policy_modification
synthetic_00472,synthetic_00472_path_001,user:User7468,resource:Bucket9226,2,1,1,1,0,1,1,0,0,0,0,0,MEDIUM,0.43,Data Access,wildcard_action + wildcard_resource
synthetic_00473,synthetic_00473_path_001,user:User3738,resource:Bucket4157,2,1,1,1,0,1,1,0,0,0,0,0,MEDIUM,0.43,Data Access,wildcard_action + wildcard_resource
synthetic_00474,synthetic_00474_path_001,user:User8133,resource:Bucket3422,2,1,1,1,0,0,0,0,0,0,0,0,LOW,0.15,Data Access,read_only_access
synthetic_00475,synthetic_00475_path_001,user:116868548709,resource:Bucket7874,2,1,1,1,0,1,1,0,1,1,0,0,CRITICAL,0.88,Lateral Movement,external_trust + cross_account
synthetic_00476,synthetic_00476_path_001,user:User2641,resource:Bucket2654,2,1,1,1,0,0,0,0,0,0,0,0,LOW,0.15,Data Access,read_only_access
synthetic_00477,synthetic_00477_path_001,user:User7275,resource:Bucket8750,2,1,1,1,0,1,1,0,0,0,0,0,MEDIUM,0.43,Data Access,wildcard_action + wildcard_resource
synthetic_00478,synthetic_00478_path_001,user:User7581,resource:Bucket7484,2,1,1,1,0,1,1,0,0,0,0,0,MEDIUM,0.43,Data Access,wildcard_action + wildcard_resource
synthetic_00479,synthetic_00479_path_001,user:User5400,resource:Bucket5965,4,3,1,1,0,0,1,0,0,0,0,0,HIGH,0.68,Lateral Movement,assume_role_chain + long_privilege_escalation_chain
synthetic_00480,synthetic_00480_path_001,user:User2609,resource:Bucket3201,2,1,1,1,0,1,1,0,0,0,0,0,MEDIUM,0.43,Data Access,wildcard_action + wildcard_resource
synthetic_00481,synthetic_00481_path_001,user:User5414,resource:Policy2462,2,1,1,1,0,0,0,1,0,0,0,0,CRITICAL,0.85,Privilege Escalation,policy_modification
synthetic_00482,synthetic_00482_path_001,user:User7671,resource:Bucket9462,2,1,1,1,0,0,0,0,0,0,0,0,LOW,0.15,Data Access,read_only_access
synthetic_00483,synthetic_00483_path_001,user:partner-2075,resource:Secret9303,2,1,1,1,0,0,0,0,1,0,1,0,CRITICAL,0.85,Data Access,external_trust
synthetic_00484,synthetic_00484_path_001,user:partner-9589,resource:Secret3846,2,1,1,1,0,0,0,0,1,0,1,0,CRITICAL,0.85,Data Access,external_trust
synthetic_00485,synthetic_00485_path_001,user:User5087,resource:Policy8478,2,1,1,1,0,0,0,1,0,0,0,0,CRITICAL,0.85,Privilege Escalation,policy_modification
synthetic_00486,synthetic_00486_path_001,user:User5488,resource:Bucket7503,4,3,1,1,0,0,1,0,0,0,0,0,HIGH,0.68,Lateral Movement,assume_role_chain + long_privilege_escalation_chain
synthetic_00487,synthetic_00487_path_001,user:User8308,resource:Bucket8775,2,1,1,1,0,1,1,0,0,0,0,0,MEDIUM,0.43,Data Access,wildcard_action + wildcard_resource
synthetic_00488,synthetic_00488_path_001,user:User5237,resource:Policy5670,2,1,1,1,0,0,0,1,0,0,0,0,CRITICAL,0.85,Privilege Escalation,policy_modification
synthetic_00489,synthetic_00489_path_001,user:User4511,resource:Bucket4688,2,1,1,1,0,0,0,0,0,0,0,0,LOW,0.15,Data Access,read_only_access
synthetic_00490,synthetic_00490_path_001,user:User1328,resource:Bucket8767,2,1,1,1,0,1,1,0,0,0,0,0,MEDIUM,0.43,Data Access,wildcard_action + wildcard_resource
synthetic_00491,synthetic_00491_path_001,user:partner-4666,resource:Secret6004,2,1,1,1,0,0,0,0,1,0,1,0,CRITICAL,0.85,Data Access,external_trust
synthetic_00492,synthetic_00492_path_001,user:574374896910,resource:Bucket7131,2,1,1,1,0,1,1,0,1,1,0,0,CRITICAL,0.88,Lateral Movement,external_trust + cross_account
synthetic_00493,synthetic_00493_path_001,user:User2045,resource:Bucket5529,2,1,1,1,0,0,0,0,0,0,0,0,LOW,0.15,Data Access,read_only_access
synthetic_00494,synthetic_00494_path_001,user:User5895,resource:Table9475,3,2,1,1,0,0,0,0,0,0,0,0,HIGH,0.65,Lateral Movement,assume_role_chain
synthetic_00495,synthetic_00495_path_001,user:partner-1930,resource:Secret6236,2,1,1,1,0,0,0,0,1,0,1,0,CRITICAL,0.85,Data Access,external_trust
synthetic_00496,synthetic_00496_path_001,user:User5843,resource:Table7628,3,2,1,1,0,0,0,0,0,0,0,0,HIGH,0.65,Lateral Movement,assume_role_chain
synthetic_00497,synthetic_00497_path_001,user:User1578,resource:Bucket6622,2,1,1,1,0,1,1,0,0,0,0,0,MEDIUM,0.43,Data Access,wildcard_action + wildcard_resource
synthetic_00498,synthetic_00498_path_001,user:User5918,resource:Bucket3967,2,1,1,1,0,1,1,0,0,0,0,0,MEDIUM,0.43,Data Access,wildcard_action + wildcard_resource
synthetic_00499,synthetic_00499_path_001,user:User5237,resource:Bucket6499,2,1,1,1,0,0,0,0,0,0,0,0,LOW,0.15,Data Access,read_only_access
synthetic_00500,synthetic_00500_path_001,user:User6031,resource:Bucket6428,2,1,1,1,0,0,0,0,0,0,0,0,LOW,0.15,Data Access,read_only_access
synthetic_00501,synthetic_00501_path_001,user:User2929,resource:Bucket1879,2,1,1,1,0,1,1,0,0,0,0,0,MEDIUM,0.43,Data Access,wildcard_action + wildcard_resource
synthetic_00502,synthetic_00502_path_001,user:User7253,role:AdminRole5888,2,2,1,1,1,0,0,0,0,0,0,0,HIGH,0.68,Lateral Movement,pass_role + assume_role_chain
synthetic_00503,synthetic_00503_path_001,user:User3470,resource:Bucket4281,2,1,1,1,0,1,1,0,0,0,0,0,MEDIUM,0.43,Data Access,wildcard_action + wildcard_resource
synthetic_00504,synthetic_00504_path_001,user:725217525007,resource:Bucket4430,2,1,1,1,0,1,1,0,1,1,0,0,CRITICAL,0.88,Lateral Movement,external_trust + cross_account
synthetic_00505,synthetic_00505_path_001,user:partner-2442,resource:Secret8105,2,1,1,1,0,0,0,0,1,0,1,0,CRITICAL,0.85,Data Access,external_trust
synthetic_00506,synthetic_00506_path_001,user:User8821,resource:Bucket1076,2,1,1,1,0,1,1,0,0,0,0,0,MEDIUM,0.43,Data Access,wildcard_action + wildcard_resource
synthetic_00507,synthetic_00507_path_001,user:User1230,resource:Bucket9700,2,1,1,1,0,1,1,0,0,0,0,0,MEDIUM,0.43,Data Access,wildcard_action + wildcard_resource
synthetic_00508,synthetic_00508_path_001,user:User5076,resource:Bucket6641,2,1,1,1,0,0,0,0,0,0,0,0,LOW,0.15,Data Access,read_only_access
synthetic_00509,synthetic_00509_path_001,user:User6015,resource:Bucket2069,2,1,1,1,0,1,1,0,0,0,0,0,MEDIUM,0.43,Data Access,wildcard_action + wildcard_resource
synthetic_00510,synthetic_00510_path_001,user:User9524,resource:Bucket6535,2,1,1,1,0,1,1,0,0,0,0,0,MEDIUM,0.43,Data Access,wildcard_action + wildcard_resource
synthetic_00511,synthetic_00511_path_001,user:User9031,resource:Bucket4087,2,1,1,1,0,1,1,0,0,0,0,1,CRITICAL,0.85,Privilege Escalation,admin_permission
synthetic_00512,synthetic_00512_path_001,user:User3149,resource:Bucket1359,2,1,1,1,0,0,0,0,0,0,0,0,LOW,0.15,Data Access,read_only_access
synthetic_00513,synthetic_00513_path_001,user:User1612,resource:Bucket1796,4,3,1,1,0,0,1,0,0,0,0,0,HIGH,0.68,Lateral Movement,assume_role_chain + long_privilege_escalation_chain
synthetic_00514,synthetic_00514_path_001,user:User1790,resource:Policy7828,2,1,1,1,0,0,0,1,0,0,0,0,CRITICAL,0.85,Privilege Escalation,policy_modification
synthetic_00515,synthetic_00515_path_001,user:User5140,resource:Bucket3508,2,1,1,1,0,0,0,0,0,0,0,0,LOW,0.15,Data Access,read_only_access
synthetic_00516,synthetic_00516_path_001,user:User2654,resource:Bucket5423,2,1,1,1,0,1,1,0,0,0,0,0,MEDIUM,0.43,Data Access,wildcard_action + wildcard_resource
synthetic_00517,synthetic_00517_path_001,user:891411739348,resource:Bucket6864,2,1,1,1,0,1,1,0,1,1,0,0,CRITICAL,0.88,Lateral Movement,external_trust + cross_account
synthetic_00518,synthetic_00518_path_001,user:User9132,resource:Bucket8875,2,1,1,1,0,0,0,0,0,0,0,0,LOW,0.15,Data Access,read_only_access
synthetic_00519,synthetic_00519_path_001,user:User2458,resource:Bucket9095,2,1,1,1,0,0,0,0,0,0,0,0,LOW,0.15,Data Access,read_only_access
synthetic_00520,synthetic_00520_path_001,user:User2659,role:AdminRole4787,2,2,1,1,1,0,0,0,0,0,0,0,HIGH,0.68,Lateral Movement,pass_role + assume_role_chain
synthetic_00521,synthetic_00521_path_001,user:User5850,resource:Bucket8606,2,1,1,1,0,1,1,0,0,0,0,0,MEDIUM,0.43,Data Access,wildcard_action + wildcard_resource
synthetic_00522,synthetic_00522_path_001,user:User1646,resource:Bucket6901,2,1,1,1,0,0,0,0,0,0,0,0,LOW,0.15,Data Access,read_only_access
synthetic_00523,synthetic_00523_path_001,user:User1751,resource:Bucket3267,2,1,1,1,0,0,0,0,0,0,0,0,LOW,0.15,Data Access,read_only_access
synthetic_00524,synthetic_00524_path_001,user:941552166746,resource:Bucket7909,2,1,1,1,0,1,1,0,1,1,0,0,CRITICAL,0.88,Lateral Movement,external_trust + cross_account
synthetic_00525,synthetic_00525_path_001,user:User1960,resource:Bucket8908,4,3,1,1,0,0,1,0,0,0,0,0,HIGH,0.68,Lateral Movement,assume_role_chain + long_privilege_escalation_chain
synthetic_00526,synthetic_00526_path_001,user:User6875,resource:Bucket3140,2,1,1,1,0,1,1,0,0,0,0,0,MEDIUM,0.43,Data Access,wildcard_action + wildcard_resource
synthetic_00527,synthetic_00527_path_001,user:701450899358,resource:Bucket2560,2,1,1,1,0,1,1,0,1,1,0,0,CRITICAL,0.88,Lateral Movement,external_trust + cross_account
synthetic_00528,synthetic_00528_path_001,user:User7305,resource:Bucket1894,2,1,1,1,0,1,1,0,0,0,0,0,MEDIUM,0.43,Data Access,wildcard_action + wildcard_resource
synthetic_00529,synthetic_00529_path_001,user:User9123,resource:Policy2226,2,1,1,1,0,0,0,1,0,0,0,0,CRITICAL,0.85,Privilege Escalation,policy_modification
synthetic_00530,synthetic_00530_path_001,user:User5557,resource:Bucket9305,2,1,1,1,0,0,0,0,0,0,0,0,LOW,0.15,Data Access,read_only_access
synthetic_00531,synthetic_00531_path_001,user:User2291,resource:Policy8277,2,1,1,1,0,0,0,1,0,0,0,0,CRITICAL,0.85,Privilege Escalation,policy_modification
synthetic_00532,synthetic_00532_path_001,user:User8324,resource:Policy2944,2,1,1,1,0,0,0,1,0,0,0,0,CRITICAL,0.85,Privilege Escalation,policy_modification
synthetic_00533,synthetic_00533_path_001,user:User2681,resource:Table1587,3,2,1,1,0,0,0,0,0,0,0,0,HIGH,0.65,Lateral Movement,assume_role_chain
synthetic_00534,synthetic_00534_path_001,user:User1002,role:AdminRole5990,2,2,1,1,1,0,0,0,0,0,0,0,HIGH,0.68,Lateral Movement,pass_role + assume_role_chain
synthetic_00535,synthetic_00535_path_001,user:837550375899,resource:Bucket6952,2,1,1,1,0,1,1,0,1,1,0,0,CRITICAL,0.88,Lateral Movement,external_trust + cross_account
synthetic_00536,synthetic_00536_path_001,user:partner-4633,resource:Secret6592,2,1,1,1,0,0,0,0,1,0,1,0,CRITICAL,0.85,Data Access,external_trust
synthetic_00537,synthetic_00537_path_001,user:User7125,role:AdminRole1750,2,2,1,1,1,0,0,0,0,0,0,0,HIGH,0.68,Lateral Movement,pass_role + assume_role_chain
synthetic_00538,synthetic_00538_path_001,user:726149331637,resource:Bucket6536,2,1,1,1,0,1,1,0,1,1,0,0,CRITICAL,0.88,Lateral Movement,external_trust + cross_account
synthetic_00539,synthetic_00539_path_001,user:917798270808,resource:Bucket8912,2,1,1,1,0,1,1,0,1,1,0,0,CRITICAL,0.88,Lateral Movement,external_trust + cross_account
synthetic_00540,synthetic_00540_path_001,user:User2696,resource:Policy6273,2,1,1,1,0,0,0,1,0,0,0,0,CRITICAL,0.85,Privilege Escalation,policy_modification
synthetic_00541,synthetic_00541_path_001,user:User5067,resource:Bucket7518,2,1,1,1,0,1,1,0,0,0,0,1,CRITICAL,0.85,Privilege Escalation,admin_permission
synthetic_00542,synthetic_00542_path_001,user:partner-3263,resource:Secret9393,2,1,1,1,0,0,0,0,1,0,1,0,CRITICAL,0.85,Data Access,external_trust
synthetic_00543,synthetic_00543_path_001,user:User4560,resource:Bucket6657,4,3,1,1,0,0,1,0,0,0,0,0,HIGH,0.68,Lateral Movement,assume_role_chain + long_privilege_escalation_chain
synthetic_00544,synthetic_00544_path_001,user:User6281,role:AdminRole6771,2,2,1,1,1,0,0,0,0,0,0,0,HIGH,0.68,Lateral Movement,pass_role + assume_role_chain
synthetic_00545,synthetic_00545_path_001,user:User7839,role:AdminRole5684,2,2,1,1,1,0,0,0,0,0,0,0,HIGH,0.68,Lateral Movement,pass_role + assume_role_chain
synthetic_00546,synthetic_00546_path_001,user:608106200342,resource:Bucket5105,2,1,1,1,0,1,1,0,1,1,0,0,CRITICAL,0.88,Lateral Movement,external_trust + cross_account
synthetic_00547,synthetic_00547_path_001,user:partner-4342,resource:Secret1529,2,1,1,1,0,0,0,0,1,0,1,0,CRITICAL,0.85,Data Access,external_trust
synthetic_00548,synthetic_00548_path_001,user:User4675,resource:Bucket4892,2,1,1,1,0,0,0,0,0,0,0,0,LOW,0.15,Data Access,read_only_access
synthetic_00549,synthetic_00549_path_001,user:User6122,resource:Bucket1212,2,1,1,1,0,1,1,0,0,0,0,0,MEDIUM,0.43,Data Access,wildcard_action + wildcard_resource
synthetic_00550,synthetic_00550_path_001,user:User8259,resource:Policy7025,2,1,1,1,0,0,0,1,0,0,0,0,CRITICAL,0.85,Privilege Escalation,policy_modification
synthetic_00551,synthetic_00551_path_001,user:User4170,resource:Bucket2220,4,3,1,1,0,0,1,0,0,0,0,0,HIGH,0.68,Lateral Movement,assume_role_chain + long_privilege_escalation_chain
synthetic_00552,synthetic_00552_path_001,user:User7180,role:AdminRole8020,2,2,1,1,1,0,0,0,0,0,0,0,HIGH,0.68,Lateral Movement,pass_role + assume_role_chain
synthetic_00553,synthetic_00553_path_001,user:User5329,resource:Bucket3636,2,1,1,1,0,1,1,0,0,0,0,0,MEDIUM,0.43,Data Access,wildcard_action + wildcard_resource
synthetic_00554,synthetic_00554_path_001,user:User3536,resource:Bucket3518,2,1,1,1,0,1,1,0,0,0,0,0,MEDIUM,0.43,Data Access,wildcard_action + wildcard_resource
synthetic_00555,synthetic_00555_path_001,user:947985158328,resource:Bucket9276,2,1,1,1,0,1,1,0,1,1,0,0,CRITICAL,0.88,Lateral Movement,external_trust + cross_account
synthetic_00556,synthetic_00556_path_001,user:User2506,role:AdminRole4624,2,2,1,1,1,0,0,0,0,0,0,0,HIGH,0.68,Lateral Movement,pass_role + assume_role_chain
synthetic_00557,synthetic_00557_path_001,user:555439878015,resource:Bucket4937,2,1,1,1,0,1,1,0,1,1,0,0,CRITICAL,0.88,Lateral Movement,external_trust + cross_account
synthetic_00558,synthetic_00558_path_001,user:616484085887,resource:Bucket1718,2,1,1,1,0,1,1,0,1,1,0,0,CRITICAL,0.88,Lateral Movement,external_trust + cross_account
synthetic_00559,synthetic_00559_path_001,user:User2572,role:AdminRole9814,2,2,1,1,1,0,0,0,0,0,0,0,HIGH,0.68,Lateral Movement,pass_role + assume_role_chain
synthetic_00560,synthetic_00560_path_001,user:User2072,role:AdminRole4492,2,2,1,1,1,0,0,0,0,0,0,0,HIGH,0.68,Lateral Movement,pass_role + assume_role_chain
synthetic_00561,synthetic_00561_path_001,user:User7950,resource:Policy4368,2,1,1,1,0,0,0,1,0,0,0,0,CRITICAL,0.85,Privilege Escalation,policy_modification
synthetic_00562,synthetic_00562_path_001,user:User2181,resource:Policy1389,2,1,1,1,0,0,0,1,0,0,0,0,CRITICAL,0.85,Privilege Escalation,policy_modification
synthetic_00563,synthetic_00563_path_001,user:User2433,resource:Bucket1889,2,1,1,1,0,1,1,0,0,0,0,0,MEDIUM,0.43,Data Access,wildcard_action + wildcard_resource
synthetic_00564,synthetic_00564_path_001,user:User4729,resource:Bucket7678,2,1,1,1,0,0,0,0,0,0,0,0,LOW,0.15,Data Access,read_only_access
synthetic_00565,synthetic_00565_path_001,user:User6183,resource:Bucket7381,2,1,1,1,0,1,1,0,0,0,0,0,MEDIUM,0.43,Data Access,wildcard_action + wildcard_resource
synthetic_00566,synthetic_00566_path_001,user:User2036,resource:Bucket9238,4,3,1,1,0,0,1,0,0,0,0,0,HIGH,0.68,Lateral Movement,assume_role_chain + long_privilege_escalation_chain
synthetic_00567,synthetic_00567_path_001,user:User2417,resource:Table7249,3,2,1,1,0,0,0,0,0,0,0,0,HIGH,0.65,Lateral Movement,assume_role_chain
synthetic_00568,synthetic_00568_path_001,user:User1504,resource:Bucket3561,2,1,1,1,0,1,1,0,0,0,0,0,MEDIUM,0.43,Data Access,wildcard_action + wildcard_resource
synthetic_00569,synthetic_00569_path_001,user:User9941,resource:Bucket3360,2,1,1,1,0,1,1,0,0,0,0,0,MEDIUM,0.43,Data Access,wildcard_action + wildcard_resource
synthetic_00570,synthetic_00570_path_001,user:User3316,role:AdminRole1684,2,2,1,1,1,0,0,0,0,0,0,0,HIGH,0.68,Lateral Movement,pass_role + assume_role_chain
synthetic_00571,synthetic_00571_path_001,user:User7456,resource:Bucket9970,2,1,1,1,0,0,0,0,0,0,0,0,LOW,0.15,Data Access,read_only_access
synthetic_00572,synthetic_00572_path_001,user:User6633,resource:Bucket3333,4,3,1,1,0,0,1,0,0,0,0,0,HIGH,0.68,Lateral Movement,assume_role_chain + long_privilege_escalation_chain
synthetic_00573,synthetic_00573_path_001,user:User5140,role:AdminRole2877,2,2,1,1,1,0,0,0,0,0,0,0,HIGH,0.68,Lateral Movement,pass_role + assume_role_chain
synthetic_00574,synthetic_00574_path_001,user:User1891,resource:Bucket8557,2,1,1,1,0,0,0,0,0,0,0,0,LOW,0.15,Data Access,read_only_access
synthetic_00575,synthetic_00575_path_001,user:User2608,resource:Bucket8982,2,1,1,1,0,0,0,0,0,0,0,0,LOW,0.15,Data Access,read_only_access
synthetic_00576,synthetic_00576_path_001,user:User4842,resource:Table2143,3,2,1,1,0,0,0,0,0,0,0,0,HIGH,0.65,Lateral Movement,assume_role_chain
synthetic_00577,synthetic_00577_path_001,user:577594929955,resource:Bucket3762,2,1,1,1,0,1,1,0,1,1,0,0,CRITICAL,0.88,Lateral Movement,external_trust + cross_account
synthetic_00578,synthetic_00578_path_001,user:partner-8145,resource:Secret6889,2,1,1,1,0,0,0,0,1,0,1,0,CRITICAL,0.85,Data Access,external_trust
synthetic_00579,synthetic_00579_path_001,user:775478129142,resource:Bucket4218,2,1,1,1,0,1,1,0,1,1,0,0,CRITICAL,0.88,Lateral Movement,external_trust + cross_account
synthetic_00580,synthetic_00580_path_001,user:User1305,resource:Bucket1511,2,1,1,1,0,0,0,0,0,0,0,0,LOW,0.15,Data Access,read_only_access
synthetic_00581,synthetic_00581_path_001,user:User9904,role:AdminRole8734,2,2,1,1,1,0,0,0,0,0,0,0,HIGH,0.68,Lateral Movement,pass_role + assume_role_chain
synthetic_00582,synthetic_00582_path_001,user:User3435,resource:Table4658,3,2,1,1,0,0,0,0,0,0,0,0,HIGH,0.65,Lateral Movement,assume_role_chain
synthetic_00583,synthetic_00583_path_001,user:942788165803,resource:Bucket9423,2,1,1,1,0,1,1,0,1,1,0,0,CRITICAL,0.88,Lateral Movement,external_trust + cross_account
synthetic_00584,synthetic_00584_path_001,user:User3395,resource:Bucket6878,2,1,1,1,0,0,0,0,0,0,0,0,LOW,0.15,Data Access,read_only_access
synthetic_00585,synthetic_00585_path_001,user:User2029,resource:Bucket7052,2,1,1,1,0,1,1,0,0,0,0,0,MEDIUM,0.43,Data Access,wildcard_action + wildcard_resource
synthetic_00586,synthetic_00586_path_001,user:User6918,resource:Bucket8695,2,1,1,1,0,0,0,0,0,0,0,0,LOW,0.15,Data Access,read_only_access
synthetic_00587,synthetic_00587_path_001,user:User6309,resource:Bucket9542,2,1,1,1,0,1,1,0,0,0,0,1,CRITICAL,0.85,Privilege Escalation,admin_permission
synthetic_00588,synthetic_00588_path_001,user:User3848,role:AdminRole7201,2,2,1,1,1,0,0,0,0,0,0,0,HIGH,0.68,Lateral Movement,pass_role + assume_role_chain
synthetic_00589,synthetic_00589_path_001,user:User2275,resource:Bucket5121,2,1,1,1,0,1,1,0,0,0,0,0,MEDIUM,0.43,Data Access,wildcard_action + wildcard_resource
synthetic_00590,synthetic_00590_path_001,user:User6653,resource:Bucket8898,2,1,1,1,0,1,1,0,0,0,0,0,MEDIUM,0.43,Data Access,wildcard_action + wildcard_resource
synthetic_00591,synthetic_00591_path_001,user:User2263,resource:Bucket5600,2,1,1,1,0,0,0,0,0,0,0,0,LOW,0.15,Data Access,read_only_access
synthetic_00592,synthetic_00592_path_001,user:User2938,resource:Bucket7793,2,1,1,1,0,0,0,0,0,0,0,0,LOW,0.15,Data Access,read_only_access
synthetic_00593,synthetic_00593_path_001,user:User8848,resource:Table7732,3,2,1,1,0,0,0,0,0,0,0,0,HIGH,0.65,Lateral Movement,assume_role_chain
synthetic_00594,synthetic_00594_path_001,user:User1706,resource:Bucket3639,2,1,1,1,0,0,0,0,0,0,0,0,LOW,0.15,Data Access,read_only_access
synthetic_00595,synthetic_00595_path_001,user:User3725,resource:Bucket3949,2,1,1,1,0,0,0,0,0,0,0,0,LOW,0.15,Data Access,read_only_access
synthetic_00596,synthetic_00596_path_001,user:User5644,resource:Bucket8723,4,3,1,1,0,0,1,0,0,0,0,0,HIGH,0.68,Lateral Movement,assume_role_chain + long_privilege_escalation_chain
synthetic_00597,synthetic_00597_path_001,user:User3338,resource:Policy9369,2,1,1,1,0,0,0,1,0,0,0,0,CRITICAL,0.85,Privilege Escalation,policy_modification
synthetic_00598,synthetic_00598_path_001,user:User6614,resource:Bucket7196,4,3,1,1,0,0,1,0,0,0,0,0,HIGH,0.68,Lateral Movement,assume_role_chain + long_privilege_escalation_chain
synthetic_00599,synthetic_00599_path_001,user:User9564,resource:Bucket7877,2,1,1,1,0,0,0,0,0,0,0,0,LOW,0.15,Data Access,read_only_access
synthetic_00600,synthetic_00600_path_001,user:User1639,resource:Bucket9246,2,1,1,1,0,1,1,0,0,0,0,0,MEDIUM,0.43,Data Access,wildcard_action + wildcard_resource
synthetic_00601,synthetic_00601_path_001,user:User9835,resource:Table9553,3,2,1,1,0,0,0,0,0,0,0,0,HIGH,0.65,Lateral Movement,assume_role_chain
synthetic_00602,synthetic_00602_path_001,user:User1711,resource:Bucket8028,2,1,1,1,0,1,1,0,0,0,0,0,MEDIUM,0.43,Data Access,wildcard_action + wildcard_resource
synthetic_00603,synthetic_00603_path_001,user:partner-6742,resource:Secret7971,2,1,1,1,0,0,0,0,1,0,1,0,CRITICAL,0.85,Data Access,external_trust
synthetic_00604,synthetic_00604_path_001,user:User4809,resource:Bucket5641,2,1,1,1,0,1,1,0,0,0,0,0,MEDIUM,0.43,Data Access,wildcard_action + wildcard_resource
synthetic_00605,synthetic_00605_path_001,user:User1116,resource:Bucket2930,2,1,1,1,0,0,0,0,0,0,0,0,LOW,0.15,Data Access,read_only_access
synthetic_00606,synthetic_00606_path_001,user:User6175,resource:Bucket6935,2,1,1,1,0,0,0,0,0,0,0,0,LOW,0.15,Data Access,read_only_access
synthetic_00607,synthetic_00607_path_001,user:User5155,resource:Table7939,3,2,1,1,0,0,0,0,0,0,0,0,HIGH,0.65,Lateral Movement,assume_role_chain
synthetic_00608,synthetic_00608_path_001,user:User5514,role:AdminRole4337,2,2,1,1,1,0,0,0,0,0,0,0,HIGH,0.68,Lateral Movement,pass_role + assume_role_chain
synthetic_00609,synthetic_00609_path_001,user:User8904,resource:Bucket7065,2,1,1,1,0,1,1,0,0,0,0,0,MEDIUM,0.43,Data Access,wildcard_action + wildcard_resource
synthetic_00610,synthetic_00610_path_001,user:User7522,role:AdminRole2951,2,2,1,1,1,0,0,0,0,0,0,0,HIGH,0.68,Lateral Movement,pass_role + assume_role_chain
synthetic_00611,synthetic_00611_path_001,user:User8317,resource:Bucket9328,4,3,1,1,0,0,1,0,0,0,0,0,HIGH,0.68,Lateral Movement,assume_role_chain + long_privilege_escalation_chain
synthetic_00612,synthetic_00612_path_001,user:User1852,role:AdminRole7375,2,2,1,1,1,0,0,0,0,0,0,0,HIGH,0.68,Lateral Movement,pass_role + assume_role_chain
synthetic_00613,synthetic_00613_path_001,user:User1086,resource:Bucket3381,2,1,1,1,0,1,1,0,0,0,0,1,CRITICAL,0.85,Privilege Escalation,admin_permission
synthetic_00614,synthetic_00614_path_001,user:User4633,resource:Bucket2311,2,1,1,1,0,0,0,0,0,0,0,0,LOW,0.15,Data Access,read_only_access
synthetic_00615,synthetic_00615_path_001,user:User9536,role:AdminRole1941,2,2,1,1,1,0,0,0,0,0,0,0,HIGH,0.68,Lateral Movement,pass_role + assume_role_chain
synthetic_00616,synthetic_00616_path_001,user:User3871,resource:Bucket8192,2,1,1,1,0,1,1,0,0,0,0,1,CRITICAL,0.85,Privilege Escalation,admin_permission
synthetic_00617,synthetic_00617_path_001,user:User9489,resource:Table1550,3,2,1,1,0,0,0,0,0,0,0,0,HIGH,0.65,Lateral Movement,assume_role_chain
synthetic_00618,synthetic_00618_path_001,user:partner-9364,resource:Secret4795,2,1,1,1,0,0,0,0,1,0,1,0,CRITICAL,0.85,Data Access,external_trust
synthetic_00619,synthetic_00619_path_001,user:User1004,resource:Bucket2422,2,1,1,1,0,1,1,0,0,0,0,0,MEDIUM,0.43,Data Access,wildcard_action + wildcard_resource
synthetic_00620,synthetic_00620_path_001,user:User7642,resource:Table1251,3,2,1,1,0,0,0,0,0,0,0,0,HIGH,0.65,Lateral Movement,assume_role_chain
synthetic_00621,synthetic_00621_path_001,user:User2124,resource:Bucket6693,4,3,1,1,0,0,1,0,0,0,0,0,HIGH,0.68,Lateral Movement,assume_role_chain + long_privilege_escalation_chain
synthetic_00622,synthetic_00622_path_001,user:User8450,resource:Bucket1076,2,1,1,1,0,1,1,0,0,0,0,1,CRITICAL,0.85,Privilege Escalation,admin_permission
synthetic_00623,synthetic_00623_path_001,user:User2185,role:AdminRole5821,2,2,1,1,1,0,0,0,0,0,0,0,HIGH,0.68,Lateral Movement,pass_role + assume_role_chain
synthetic_00624,synthetic_00624_path_001,user:User2917,resource:Bucket5222,2,1,1,1,0,1,1,0,0,0,0,0,MEDIUM,0.43,Data Access,wildcard_action + wildcard_resource
synthetic_00625,synthetic_00625_path_001,user:User4985,role:AdminRole8517,2,2,1,1,1,0,0,0,0,0,0,0,HIGH,0.68,Lateral Movement,pass_role + assume_role_chain
synthetic_00626,synthetic_00626_path_001,user:User1448,resource:Table5224,3,2,1,1,0,0,0,0,0,0,0,0,HIGH,0.65,Lateral Movement,assume_role_chain
synthetic_00627,synthetic_00627_path_001,user:User4610,resource:Bucket6172,2,1,1,1,0,0,0,0,0,0,0,0,LOW,0.15,Data Access,read_only_access
synthetic_00628,synthetic_00628_path_001,user:User5314,role:AdminRole5706,2,2,1,1,1,0,0,0,0,0,0,0,HIGH,0.68,Lateral Movement,pass_role + assume_role_chain
synthetic_00629,synthetic_00629_path_001,user:User6603,resource:Bucket3924,2,1,1,1,0,0,0,0,0,0,0,0,LOW,0.15,Data Access,read_only_access
synthetic_00630,synthetic_00630_path_001,user:User5408,resource:Bucket4115,2,1,1,1,0,0,0,0,0,0,0,0,LOW,0.15,Data Access,read_only_access
synthetic_00631,synthetic_00631_path_001,user:User5348,resource:Bucket5091,4,3,1,1,0,0,1,0,0,0,0,0,HIGH,0.68,Lateral Movement,assume_role_chain + long_privilege_escalation_chain
synthetic_00632,synthetic_00632_path_001,user:User2285,resource:Bucket1108,2,1,1,1,0,0,0,0,0,0,0,0,LOW,0.15,Data Access,read_only_access
synthetic_00633,synthetic_00633_path_001,user:User9066,role:AdminRole9041,2,2,1,1,1,0,0,0,0,0,0,0,HIGH,0.68,Lateral Movement,pass_role + assume_role_chain
synthetic_00634,synthetic_00634_path_001,user:User9374,resource:Bucket7518,2,1,1,1,0,0,0,0,0,0,0,0,LOW,0.15,Data Access,read_only_access
synthetic_00635,synthetic_00635_path_001,user:User7933,role:AdminRole9859,2,2,1,1,1,0,0,0,0,0,0,0,HIGH,0.68,Lateral Movement,pass_role + assume_role_chain
synthetic_00636,synthetic_00636_path_001,user:User6689,resource:Bucket3863,2,1,1,1,0,0,0,0,0,0,0,0,LOW,0.15,Data Access,read_only_access
synthetic_00637,synthetic_00637_path_001,user:User6171,role:AdminRole1193,2,2,1,1,1,0,0,0,0,0,0,0,HIGH,0.68,Lateral Movement,pass_role + assume_role_chain
synthetic_00638,synthetic_00638_path_001,user:User7216,resource:Table6924,3,2,1,1,0,0,0,0,0,0,0,0,HIGH,0.65,Lateral Movement,assume_role_chain
synthetic_00639,synthetic_00639_path_001,user:User5254,role:AdminRole9987,2,2,1,1,1,0,0,0,0,0,0,0,HIGH,0.68,Lateral Movement,pass_role + assume_role_chain
synthetic_00640,synthetic_00640_path_001,user:User5413,resource:Bucket6621,2,1,1,1,0,1,1,0,0,0,0,0,MEDIUM,0.43,Data Access,wildcard_action + wildcard_resource
synthetic_00641,synthetic_00641_path_001,user:User7866,resource:Bucket6981,2,1,1,1,0,1,1,0,0,0,0,0,MEDIUM,0.43,Data Access,wildcard_action + wildcard_resource
synthetic_00642,synthetic_00642_path_001,user:User3148,resource:Bucket2636,2,1,1,1,0,0,0,0,0,0,0,0,LOW,0.15,Data Access,read_only_access
synthetic_00643,synthetic_00643_path_001,user:User7240,resource:Bucket3389,2,1,1,1,0,1,1,0,0,0,0,0,MEDIUM,0.43,Data Access,wildcard_action + wildcard_resource
synthetic_00644,synthetic_00644_path_001,user:User7906,resource:Bucket3203,2,1,1,1,0,0,0,0,0,0,0,0,LOW,0.15,Data Access,read_only_access
synthetic_00645,synthetic_00645_path_001,user:User1781,resource:Bucket2621,2,1,1,1,0,1,1,0,0,0,0,0,MEDIUM,0.43,Data Access,wildcard_action + wildcard_resource
synthetic_00646,synthetic_00646_path_001,user:User8807,resource:Policy8370,2,1,1,1,0,0,0,1,0,0,0,0,CRITICAL,0.85,Privilege Escalation,policy_modification
synthetic_00647,synthetic_00647_path_001,user:User5222,resource:Bucket1324,2,1,1,1,0,1,1,0,0,0,0,0,MEDIUM,0.43,Data Access,wildcard_action + wildcard_resource
synthetic_00648,synthetic_00648_path_001,user:User4259,resource:Policy3859,2,1,1,1,0,0,0,1,0,0,0,0,CRITICAL,0.85,Privilege Escalation,policy_modification
synthetic_00649,synthetic_00649_path_001,user:User9363,resource:Bucket8322,2,1,1,1,0,1,1,0,0,0,0,0,MEDIUM,0.43,Data Access,wildcard_action + wildcard_resource
synthetic_00650,synthetic_00650_path_001,user:User3373,resource:Bucket6527,2,1,1,1,0,1,1,0,0,0,0,0,MEDIUM,0.43,Data Access,wildcard_action + wildcard_resource
synthetic_00651,synthetic_00651_path_001,user:125355449647,resource:Bucket9535,2,1,1,1,0,1,1,0,1,1,0,0,CRITICAL,0.88,Lateral Movement,external_trust + cross_account
synthetic_00652,synthetic_00652_path_001,user:User1378,resource:Bucket4844,2,1,1,1,0,0,0,0,0,0,0,0,LOW,0.15,Data Access,read_only_access
synthetic_00653,synthetic_00653_path_001,user:User2687,resource:Bucket2045,2,1,1,1,0,0,0,0,0,0,0,0,LOW,0.15,Data Access,read_only_access
synthetic_00654,synthetic_00654_path_001,user:partner-9584,resource:Secret2702,2,1,1,1,0,0,0,0,1,0,1,0,CRITICAL,0.85,Data Access,external_trust
synthetic_00655,synthetic_00655_path_001,user:User7387,resource:Bucket4757,2,1,1,1,0,0,0,0,0,0,0,0,LOW,0.15,Data Access,read_only_access
synthetic_00656,synthetic_00656_path_001,user:User3150,resource:Table1468,3,2,1,1,0,0,0,0,0,0,0,0,HIGH,0.65,Lateral Movement,assume_role_chain
synthetic_00657,synthetic_00657_path_001,user:User6846,resource:Bucket8801,2,1,1,1,0,0,0,0,0,0,0,0,LOW,0.15,Data Access,read_only_access
synthetic_00658,synthetic_00658_path_001,user:User9835,resource:Bucket8480,2,1,1,1,0,1,1,0,0,0,0,0,MEDIUM,0.43,Data Access,wildcard_action + wildcard_resource
synthetic_00659,synthetic_00659_path_001,user:User4721,resource:Bucket8239,2,1,1,1,0,1,1,0,0,0,0,0,MEDIUM,0.43,Data Access,wildcard_action + wildcard_resource
synthetic_00660,synthetic_00660_path_001,user:User5973,resource:Bucket1001,2,1,1,1,0,1,1,0,0,0,0,0,MEDIUM,0.43,Data Access,wildcard_action + wildcard_resource
synthetic_00661,synthetic_00661_path_001,user:User1136,resource:Bucket8816,2,1,1,1,0,1,1,0,0,0,0,0,MEDIUM,0.43,Data Access,wildcard_action + wildcard_resource
synthetic_00662,synthetic_00662_path_001,user:User5799,resource:Bucket1118,2,1,1,1,0,1,1,0,0,0,0,0,MEDIUM,0.43,Data Access,wildcard_action + wildcard_resource
synthetic_00663,synthetic_00663_path_001,user:663266341638,resource:Bucket5664,2,1,1,1,0,1,1,0,1,1,0,0,CRITICAL,0.88,Lateral Movement,external_trust + cross_account
synthetic_00664,synthetic_00664_path_001,user:User3988,resource:Policy5744,2,1,1,1,0,0,0,1,0,0,0,0,CRITICAL,0.85,Privilege Escalation,policy_modification
synthetic_00665,synthetic_00665_path_001,user:User8418,resource:Bucket9060,2,1,1,1,0,1,1,0,0,0,0,0,MEDIUM,0.43,Data Access,wildcard_action + wildcard_resource
synthetic_00666,synthetic_00666_path_001,user:User9764,resource:Bucket4046,2,1,1,1,0,0,0,0,0,0,0,0,LOW,0.15,Data Access,read_only_access
synthetic_00667,synthetic_00667_path_001,user:User8183,resource:Bucket4814,2,1,1,1,0,0,0,0,0,0,0,0,LOW,0.15,Data Access,read_only_access
synthetic_00668,synthetic_00668_path_001,user:User6601,resource:Bucket6104,2,1,1,1,0,1,1,0,0,0,0,0,MEDIUM,0.43,Data Access,wildcard_action + wildcard_resource
synthetic_00669,synthetic_00669_path_001,user:User1519,resource:Bucket1918,4,3,1,1,0,0,1,0,0,0,0,0,HIGH,0.68,Lateral Movement,assume_role_chain + long_privilege_escalation_chain
synthetic_00670,synthetic_00670_path_001,user:User3975,role:AdminRole5097,2,2,1,1,1,0,0,0,0,0,0,0,HIGH,0.68,Lateral Movement,pass_role + assume_role_chain
synthetic_00671,synthetic_00671_path_001,user:User1206,resource:Policy5078,2,1,1,1,0,0,0,1,0,0,0,0,CRITICAL,0.85,Privilege Escalation,policy_modification
synthetic_00672,synthetic_00672_path_001,user:User5049,resource:Bucket4263,2,1,1,1,0,1,1,0,0,0,0,1,CRITICAL,0.85,Privilege Escalation,admin_permission
synthetic_00673,synthetic_00673_path_001,user:User4415,resource:Table6113,3,2,1,1,0,0,0,0,0,0,0,0,HIGH,0.65,Lateral Movement,assume_role_chain
synthetic_00674,synthetic_00674_path_001,user:208814743503,resource:Bucket4866,2,1,1,1,0,1,1,0,1,1,0,0,CRITICAL,0.88,Lateral Movement,external_trust + cross_account
synthetic_00675,synthetic_00675_path_001,user:User5523,resource:Bucket7484,2,1,1,1,0,0,0,0,0,0,0,0,LOW,0.15,Data Access,read_only_access
synthetic_00676,synthetic_00676_path_001,user:User8786,role:AdminRole7084,2,2,1,1,1,0,0,0,0,0,0,0,HIGH,0.68,Lateral Movement,pass_role + assume_role_chain
synthetic_00677,synthetic_00677_path_001,user:partner-5075,resource:Secret9190,2,1,1,1,0,0,0,0,1,0,1,0,CRITICAL,0.85,Data Access,external_trust
synthetic_00678,synthetic_00678_path_001,user:005281273585,resource:Bucket4161,2,1,1,1,0,1,1,0,1,1,0,0,CRITICAL,0.88,Lateral Movement,external_trust + cross_account
synthetic_00679,synthetic_00679_path_001,user:User5107,resource:Bucket5828,4,3,1,1,0,0,1,0,0,0,0,0,HIGH,0.68,Lateral Movement,assume_role_chain + long_privilege_escalation_chain
synthetic_00680,synthetic_00680_path_001,user:User6696,resource:Bucket8674,2,1,1,1,0,0,0,0,0,0,0,0,LOW,0.15,Data Access,read_only_access
synthetic_00681,synthetic_00681_path_001,user:User8362,role:AdminRole5314,2,2,1,1,1,0,0,0,0,0,0,0,HIGH,0.68,Lateral Movement,pass_role + assume_role_chain
synthetic_00682,synthetic_00682_path_001,user:User8439,role:AdminRole9289,2,2,1,1,1,0,0,0,0,0,0,0,HIGH,0.68,Lateral Movement,pass_role + assume_role_chain
synthetic_00683,synthetic_00683_path_001,user:User4039,resource:Bucket6965,2,1,1,1,0,1,1,0,0,0,0,0,MEDIUM,0.43,Data Access,wildcard_action + wildcard_resource
synthetic_00684,synthetic_00684_path_001,user:User9830,resource:Bucket4110,2,1,1,1,0,0,0,0,0,0,0,0,LOW,0.15,Data Access,read_only_access
synthetic_00685,synthetic_00685_path_001,user:User7714,resource:Bucket2809,2,1,1,1,0,1,1,0,0,0,0,0,MEDIUM,0.43,Data Access,wildcard_action + wildcard_resource
synthetic_00686,synthetic_00686_path_001,user:User3126,resource:Policy1512,2,1,1,1,0,0,0,1,0,0,0,0,CRITICAL,0.85,Privilege Escalation,policy_modification
synthetic_00687,synthetic_00687_path_001,user:User2617,resource:Bucket7366,2,1,1,1,0,1,1,0,0,0,0,0,MEDIUM,0.43,Data Access,wildcard_action + wildcard_resource
synthetic_00688,synthetic_00688_path_001,user:User2161,resource:Bucket4419,2,1,1,1,0,1,1,0,0,0,0,0,MEDIUM,0.43,Data Access,wildcard_action + wildcard_resource
synthetic_00689,synthetic_00689_path_001,user:partner-1994,resource:Secret7814,2,1,1,1,0,0,0,0,1,0,1,0,CRITICAL,0.85,Data Access,external_trust
synthetic_00690,synthetic_00690_path_001,user:User5355,resource:Policy1666,2,1,1,1,0,0,0,1,0,0,0,0,CRITICAL,0.85,Privilege Escalation,policy_modification
synthetic_00691,synthetic_00691_path_001,user:User4537,resource:Bucket2591,2,1,1,1,0,1,1,0,0,0,0,0,MEDIUM,0.43,Data Access,wildcard_action + wildcard_resource
synthetic_00692,synthetic_00692_path_001,user:User4164,resource:Bucket5075,2,1,1,1,0,1,1,0,0,0,0,0,MEDIUM,0.43,Data Access,wildcard_action + wildcard_resource
synthetic_00693,synthetic_00693_path_001,user:User6864,resource:Bucket7997,2,1,1,1,0,0,0,0,0,0,0,0,LOW,0.15,Data Access,read_only_access
synthetic_00694,synthetic_00694_path_001,user:User7579,resource:Bucket6529,2,1,1,1,0,0,0,0,0,0,0,0,LOW,0.15,Data Access,read_only_access
synthetic_00695,synthetic_00695_path_001,user:855665939836,resource:Bucket6898,2,1,1,1,0,1,1,0,1,1,0,0,CRITICAL,0.88,Lateral Movement,external_trust + cross_account
synthetic_00696,synthetic_00696_path_001,user:User1567,resource:Bucket1267,2,1,1,1,0,0,0,0,0,0,0,0,LOW,0.15,Data Access,read_only_access
synthetic_00697,synthetic_00697_path_001,user:User4635,resource:Bucket6159,2,1,1,1,0,1,1,0,0,0,0,0,MEDIUM,0.43,Data Access,wildcard_action + wildcard_resource
synthetic_00698,synthetic_00698_path_001,user:User3534,role:AdminRole1618,2,2,1,1,1,0,0,0,0,0,0,0,HIGH,0.68,Lateral Movement,pass_role + assume_role_chain
synthetic_00699,synthetic_00699_path_001,user:User3557,resource:Bucket5341,2,1,1,1,0,1,1,0,0,0,0,0,MEDIUM,0.43,Data Access,wildcard_action + wildcard_resource
synthetic_00700,synthetic_00700_path_001,user:User5920,resource:Bucket7550,2,1,1,1,0,1,1,0,0,0,0,0,MEDIUM,0.43,Data Access,wildcard_action + wildcard_resource
synthetic_00701,synthetic_00701_path_001,user:User8905,resource:Bucket8999,2,1,1,1,0,1,1,0,0,0,0,0,MEDIUM,0.43,Data Access,wildcard_action + wildcard_resource
synthetic_00702,synthetic_00702_path_001,user:User7251,resource:Bucket6700,4,3,1,1,0,0,1,0,0,0,0,0,HIGH,0.68,Lateral Movement,assume_role_chain + long_privilege_escalation_chain
synthetic_00703,synthetic_00703_path_001,user:User4714,resource:Bucket7266,2,1,1,1,0,0,0,0,0,0,0,0,LOW,0.15,Data Access,read_only_access
synthetic_00704,synthetic_00704_path_001,user:User9846,resource:Bucket6354,2,1,1,1,0,0,0,0,0,0,0,0,LOW,0.15,Data Access,read_only_access
synthetic_00705,synthetic_00705_path_001,user:User7436,resource:Table2475,3,2,1,1,0,0,0,0,0,0,0,0,HIGH,0.65,Lateral Movement,assume_role_chain
synthetic_00706,synthetic_00706_path_001,user:User5747,resource:Bucket3425,2,1,1,1,0,0,0,0,0,0,0,0,LOW,0.15,Data Access,read_only_access
synthetic_00707,synthetic_00707_path_001,user:User1807,resource:Bucket7540,2,1,1,1,0,1,1,0,0,0,0,0,MEDIUM,0.43,Data Access,wildcard_action + wildcard_resource
synthetic_00708,synthetic_00708_path_001,user:User3136,role:AdminRole8879,2,2,1,1,1,0,0,0,0,0,0,0,HIGH,0.68,Lateral Movement,pass_role + assume_role_chain
synthetic_00709,synthetic_00709_path_001,user:User8993,role:AdminRole4212,2,2,1,1,1,0,0,0,0,0,0,0,HIGH,0.68,Lateral Movement,pass_role + assume_role_chain
synthetic_00710,synthetic_00710_path_001,user:User9589,role:AdminRole4970,2,2,1,1,1,0,0,0,0,0,0,0,HIGH,0.68,Lateral Movement,pass_role + assume_role_chain
synthetic_00711,synthetic_00711_path_001,user:User8046,resource:Bucket2467,2,1,1,1,0,0,0,0,0,0,0,0,LOW,0.15,Data Access,read_only_access
synthetic_00712,synthetic_00712_path_001,user:User4120,resource:Bucket6644,2,1,1,1,0,1,1,0,0,0,0,0,MEDIUM,0.43,Data Access,wildcard_action + wildcard_resource
synthetic_00713,synthetic_00713_path_001,user:User8245,resource:Bucket8216,2,1,1,1,0,1,1,0,0,0,0,1,CRITICAL,0.85,Privilege Escalation,admin_permission
synthetic_00714,synthetic_00714_path_001,user:User3555,resource:Table1893,3,2,1,1,0,0,0,0,0,0,0,0,HIGH,0.65,Lateral Movement,assume_role_chain
synthetic_00715,synthetic_00715_path_001,user:User3419,resource:Bucket1225,2,1,1,1,0,0,0,0,0,0,0,0,LOW,0.15,Data Access,read_only_access
synthetic_00716,synthetic_00716_path_001,user:User1372,resource:Bucket4424,2,1,1,1,0,1,1,0,0,0,0,0,MEDIUM,0.43,Data Access,wildcard_action + wildcard_resource
synthetic_00717,synthetic_00717_path_001,user:User5237,role:AdminRole8913,2,2,1,1,1,0,0,0,0,0,0,0,HIGH,0.68,Lateral Movement,pass_role + assume_role_chain
synthetic_00718,synthetic_00718_path_001,user:User3315,role:AdminRole7170,2,2,1,1,1,0,0,0,0,0,0,0,HIGH,0.68,Lateral Movement,pass_role + assume_role_chain
synthetic_00719,synthetic_00719_path_001,user:User9631,role:AdminRole5185,2,2,1,1,1,0,0,0,0,0,0,0,HIGH,0.68,Lateral Movement,pass_role + assume_role_chain
synthetic_00720,synthetic_00720_path_001,user:User5653,resource:Bucket5444,2,1,1,1,0,0,0,0,0,0,0,0,LOW,0.15,Data Access,read_only_access
synthetic_00721,synthetic_00721_path_001,user:User2091,resource:Bucket5445,2,1,1,1,0,1,1,0,0,0,0,1,CRITICAL,0.85,Privilege Escalation,admin_permission
synthetic_00722,synthetic_00722_path_001,user:User7332,resource:Bucket7237,2,1,1,1,0,1,1,0,0,0,0,0,MEDIUM,0.43,Data Access,wildcard_action + wildcard_resource
synthetic_00723,synthetic_00723_path_001,user:User9709,resource:Policy4054,2,1,1,1,0,0,0,1,0,0,0,0,CRITICAL,0.85,Privilege Escalation,policy_modification
synthetic_00724,synthetic_00724_path_001,user:User1352,resource:Bucket5053,2,1,1,1,0,1,1,0,0,0,0,1,CRITICAL,0.85,Privilege Escalation,admin_permission
synthetic_00725,synthetic_00725_path_001,user:User3572,resource:Bucket6681,2,1,1,1,0,1,1,0,0,0,0,0,MEDIUM,0.43,Data Access,wildcard_action + wildcard_resource
synthetic_00726,synthetic_00726_path_001,user:User9212,resource:Bucket2015,2,1,1,1,0,1,1,0,0,0,0,0,MEDIUM,0.43,Data Access,wildcard_action + wildcard_resource
synthetic_00727,synthetic_00727_path_001,user:User5590,resource:Bucket3485,2,1,1,1,0,1,1,0,0,0,0,1,CRITICAL,0.85,Privilege Escalation,admin_permission
synthetic_00728,synthetic_00728_path_001,user:User7262,resource:Bucket4726,2,1,1,1,0,0,0,0,0,0,0,0,LOW,0.15,Data Access,read_only_access
synthetic_00729,synthetic_00729_path_001,user:User6118,resource:Bucket8359,2,1,1,1,0,0,0,0,0,0,0,0,LOW,0.15,Data Access,read_only_access
synthetic_00730,synthetic_00730_path_001,user:User9869,resource:Bucket3262,2,1,1,1,0,0,0,0,0,0,0,0,LOW,0.15,Data Access,read_only_access
synthetic_00731,synthetic_00731_path_001,user:User3378,resource:Bucket6201,2,1,1,1,0,1,1,0,0,0,0,1,CRITICAL,0.85,Privilege Escalation,admin_permission
synthetic_00732,synthetic_00732_path_001,user:User3384,resource:Bucket6221,2,1,1,1,0,1,1,0,0,0,0,0,MEDIUM,0.43,Data Access,wildcard_action + wildcard_resource
synthetic_00733,synthetic_00733_path_001,user:User5485,resource:Bucket4079,2,1,1,1,0,1,1,0,0,0,0,0,MEDIUM,0.43,Data Access,wildcard_action + wildcard_resource
synthetic_00734,synthetic_00734_path_001,user:User5372,resource:Bucket4804,2,1,1,1,0,0,0,0,0,0,0,0,LOW,0.15,Data Access,read_only_access
synthetic_00735,synthetic_00735_path_001,user:User8808,resource:Bucket9230,2,1,1,1,0,0,0,0,0,0,0,0,LOW,0.15,Data Access,read_only_access
synthetic_00736,synthetic_00736_path_001,user:User9051,resource:Policy3253,2,1,1,1,0,0,0,1,0,0,0,0,CRITICAL,0.85,Privilege Escalation,policy_modification
synthetic_00737,synthetic_00737_path_001,user:User7694,resource:Bucket5421,2,1,1,1,0,0,0,0,0,0,0,0,LOW,0.15,Data Access,read_only_access
synthetic_00738,synthetic_00738_path_001,user:User4323,resource:Table3901,3,2,1,1,0,0,0,0,0,0,0,0,HIGH,0.65,Lateral Movement,assume_role_chain
synthetic_00739,synthetic_00739_path_001,user:797573660965,resource:Bucket9784,2,1,1,1,0,1,1,0,1,1,0,0,CRITICAL,0.88,Lateral Movement,external_trust + cross_account
synthetic_00740,synthetic_00740_path_001,user:User1694,resource:Bucket9498,2,1,1,1,0,1,1,0,0,0,0,0,MEDIUM,0.43,Data Access,wildcard_action + wildcard_resource
synthetic_00741,synthetic_00741_path_001,user:User1807,resource:Bucket5770,2,1,1,1,0,1,1,0,0,0,0,0,MEDIUM,0.43,Data Access,wildcard_action + wildcard_resource
synthetic_00742,synthetic_00742_path_001,user:partner-5684,resource:Secret3727,2,1,1,1,0,0,0,0,1,0,1,0,CRITICAL,0.85,Data Access,external_trust
synthetic_00743,synthetic_00743_path_001,user:User1893,role:AdminRole3330,2,2,1,1,1,0,0,0,0,0,0,0,HIGH,0.68,Lateral Movement,pass_role + assume_role_chain
synthetic_00744,synthetic_00744_path_001,user:User8400,resource:Bucket9202,2,1,1,1,0,1,1,0,0,0,0,0,MEDIUM,0.43,Data Access,wildcard_action + wildcard_resource
synthetic_00745,synthetic_00745_path_001,user:User9952,role:AdminRole7440,2,2,1,1,1,0,0,0,0,0,0,0,HIGH,0.68,Lateral Movement,pass_role + assume_role_chain
synthetic_00746,synthetic_00746_path_001,user:User8387,resource:Bucket3930,2,1,1,1,0,1,1,0,0,0,0,0,MEDIUM,0.43,Data Access,wildcard_action + wildcard_resource
synthetic_00747,synthetic_00747_path_001,user:User6309,resource:Bucket3024,2,1,1,1,0,0,0,0,0,0,0,0,LOW,0.15,Data Access,read_only_access
synthetic_00748,synthetic_00748_path_001,user:User6946,resource:Bucket9582,2,1,1,1,0,1,1,0,0,0,0,0,MEDIUM,0.43,Data Access,wildcard_action + wildcard_resource
synthetic_00749,synthetic_00749_path_001,user:User1719,role:AdminRole6491,2,2,1,1,1,0,0,0,0,0,0,0,HIGH,0.68,Lateral Movement,pass_role + assume_role_chain
synthetic_00750,synthetic_00750_path_001,user:User3459,role:AdminRole3369,2,2,1,1,1,0,0,0,0,0,0,0,HIGH,0.68,Lateral Movement,pass_role + assume_role_chain
synthetic_00751,synthetic_00751_path_001,user:User1840,resource:Bucket6047,2,1,1,1,0,0,0,0,0,0,0,0,LOW,0.15,Data Access,read_only_access
synthetic_00752,synthetic_00752_path_001,user:User2926,resource:Table1057,3,2,1,1,0,0,0,0,0,0,0,0,HIGH,0.65,Lateral Movement,assume_role_chain
synthetic_00753,synthetic_00753_path_001,user:User5146,role:AdminRole8514,2,2,1,1,1,0,0,0,0,0,0,0,HIGH,0.68,Lateral Movement,pass_role + assume_role_chain
synthetic_00754,synthetic_00754_path_001,user:User9169,resource:Bucket1094,2,1,1,1,0,1,1,0,0,0,0,0,MEDIUM,0.43,Data Access,wildcard_action + wildcard_resource
synthetic_00755,synthetic_00755_path_001,user:User8794,role:AdminRole7719,2,2,1,1,1,0,0,0,0,0,0,0,HIGH,0.68,Lateral Movement,pass_role + assume_role_chain
synthetic_00756,synthetic_00756_path_001,user:User1107,resource:Bucket9967,2,1,1,1,0,1,1,0,0,0,0,0,MEDIUM,0.43,Data Access,wildcard_action + wildcard_resource
synthetic_00757,synthetic_00757_path_001,user:User1902,resource:Bucket1601,2,1,1,1,0,0,0,0,0,0,0,0,LOW,0.15,Data Access,read_only_access
synthetic_00758,synthetic_00758_path_001,user:User5889,role:AdminRole2436,2,2,1,1,1,0,0,0,0,0,0,0,HIGH,0.68,Lateral Movement,pass_role + assume_role_chain
synthetic_00759,synthetic_00759_path_001,user:User7831,resource:Bucket3643,2,1,1,1,0,0,0,0,0,0,0,0,LOW,0.15,Data Access,read_only_access
synthetic_00760,synthetic_00760_path_001,user:User6901,resource:Bucket6289,4,3,1,1,0,0,1,0,0,0,0,0,HIGH,0.68,Lateral Movement,assume_role_chain + long_privilege_escalation_chain
synthetic_00761,synthetic_00761_path_001,user:User8001,resource:Bucket5797,2,1,1,1,0,0,0,0,0,0,0,0,LOW,0.15,Data Access,read_only_access
synthetic_00762,synthetic_00762_path_001,user:User5496,resource:Bucket9595,4,3,1,1,0,0,1,0,0,0,0,0,HIGH,0.68,Lateral Movement,assume_role_chain + long_privilege_escalation_chain
synthetic_00763,synthetic_00763_path_001,user:User9666,resource:Bucket8924,2,1,1,1,0,0,0,0,0,0,0,0,LOW,0.15,Data Access,read_only_access
synthetic_00764,synthetic_00764_path_001,user:User5254,resource:Policy6797,2,1,1,1,0,0,0,1,0,0,0,0,CRITICAL,0.85,Privilege Escalation,policy_modification
synthetic_00765,synthetic_00765_path_001,user:User9514,role:AdminRole9069,2,2,1,1,1,0,0,0,0,0,0,0,HIGH,0.68,Lateral Movement,pass_role + assume_role_chain
synthetic_00766,synthetic_00766_path_001,user:partner-4812,resource:Secret4171,2,1,1,1,0,0,0,0,1,0,1,0,CRITICAL,0.85,Data Access,external_trust
synthetic_00767,synthetic_00767_path_001,user:User2932,resource:Bucket7793,2,1,1,1,0,0,0,0,0,0,0,0,LOW,0.15,Data Access,read_only_access
synthetic_00768,synthetic_00768_path_001,user:User4478,resource:Bucket4296,2,1,1,1,0,1,1,0,0,0,0,0,MEDIUM,0.43,Data Access,wildcard_action + wildcard_resource
synthetic_00769,synthetic_00769_path_001,user:User5919,resource:Bucket6307,2,1,1,1,0,0,0,0,0,0,0,0,LOW,0.15,Data Access,read_only_access
synthetic_00770,synthetic_00770_path_001,user:User7488,resource:Bucket3877,2,1,1,1,0,1,1,0,0,0,0,0,MEDIUM,0.43,Data Access,wildcard_action + wildcard_resource
synthetic_00771,synthetic_00771_path_001,user:User8849,resource:Bucket1582,2,1,1,1,0,1,1,0,0,0,0,0,MEDIUM,0.43,Data Access,wildcard_action + wildcard_resource
synthetic_00772,synthetic_00772_path_001,user:User9797,resource:Table7782,3,2,1,1,0,0,0,0,0,0,0,0,HIGH,0.65,Lateral Movement,assume_role_chain
synthetic_00773,synthetic_00773_path_001,user:084958803955,resource:Bucket3446,2,1,1,1,0,1,1,0,1,1,0,0,CRITICAL,0.88,Lateral Movement,external_trust + cross_account
synthetic_00774,synthetic_00774_path_001,user:User9753,resource:Bucket7382,2,1,1,1,0,1,1,0,0,0,0,1,CRITICAL,0.85,Privilege Escalation,admin_permission
synthetic_00775,synthetic_00775_path_001,user:partner-6050,resource:Secret1518,2,1,1,1,0,0,0,0,1,0,1,0,CRITICAL,0.85,Data Access,external_trust
synthetic_00776,synthetic_00776_path_001,user:User4893,resource:Bucket8404,2,1,1,1,0,0,0,0,0,0,0,0,LOW,0.15,Data Access,read_only_access
synthetic_00777,synthetic_00777_path_001,user:User2838,resource:Bucket1612,2,1,1,1,0,1,1,0,0,0,0,0,MEDIUM,0.43,Data Access,wildcard_action + wildcard_resource
synthetic_00778,synthetic_00778_path_001,user:User8907,role:AdminRole3524,2,2,1,1,1,0,0,0,0,0,0,0,HIGH,0.68,Lateral Movement,pass_role + assume_role_chain
synthetic_00779,synthetic_00779_path_001,user:User8921,resource:Bucket6084,2,1,1,1,0,0,0,0,0,0,0,0,LOW,0.15,Data Access,read_only_access
synthetic_00780,synthetic_00780_path_001,user:User9456,resource:Policy4361,2,1,1,1,0,0,0,1,0,0,0,0,CRITICAL,0.85,Privilege Escalation,policy_modification
synthetic_00781,synthetic_00781_path_001,user:User9558,resource:Bucket1067,2,1,1,1,0,1,1,0,0,0,0,0,MEDIUM,0.43,Data Access,wildcard_action + wildcard_resource
synthetic_00782,synthetic_00782_path_001,user:User2426,resource:Policy8649,2,1,1,1,0,0,0,1,0,0,0,0,CRITICAL,0.85,Privilege Escalation,policy_modification
synthetic_00783,synthetic_00783_path_001,user:User6119,role:AdminRole6114,2,2,1,1,1,0,0,0,0,0,0,0,HIGH,0.68,Lateral Movement,pass_role + assume_role_chain
synthetic_00784,synthetic_00784_path_001,user:User4438,resource:Table4154,3,2,1,1,0,0,0,0,0,0,0,0,HIGH,0.65,Lateral Movement,assume_role_chain
synthetic_00785,synthetic_00785_path_001,user:User9720,resource:Bucket8227,2,1,1,1,0,1,1,0,0,0,0,0,MEDIUM,0.43,Data Access,wildcard_action + wildcard_resource
synthetic_00786,synthetic_00786_path_001,user:User2875,resource:Bucket9422,2,1,1,1,0,0,0,0,0,0,0,0,LOW,0.15,Data Access,read_only_access
synthetic_00787,synthetic_00787_path_001,user:User6218,resource:Bucket3319,2,1,1,1,0,1,1,0,0,0,0,0,MEDIUM,0.43,Data Access,wildcard_action + wildcard_resource
synthetic_00788,synthetic_00788_path_001,user:User6549,resource:Bucket8268,2,1,1,1,0,0,0,0,0,0,0,0,LOW,0.15,Data Access,read_only_access
synthetic_00789,synthetic_00789_path_001,user:User1826,resource:Bucket7284,2,1,1,1,0,1,1,0,0,0,0,0,MEDIUM,0.43,Data Access,wildcard_action + wildcard_resource
synthetic_00790,synthetic_00790_path_001,user:User8304,resource:Bucket6119,2,1,1,1,0,1,1,0,0,0,0,0,MEDIUM,0.43,Data Access,wildcard_action + wildcard_resource
synthetic_00791,synthetic_00791_path_001,user:partner-9740,resource:Secret8629,2,1,1,1,0,0,0,0,1,0,1,0,CRITICAL,0.85,Data Access,external_trust
synthetic_00792,synthetic_00792_path_001,user:User8672,resource:Policy8464,2,1,1,1,0,0,0,1,0,0,0,0,CRITICAL,0.85,Privilege Escalation,policy_modification
synthetic_00793,synthetic_00793_path_001,user:User8625,resource:Table4666,3,2,1,1,0,0,0,0,0,0,0,0,HIGH,0.65,Lateral Movement,assume_role_chain
synthetic_00794,synthetic_00794_path_001,user:User5227,resource:Bucket7423,2,1,1,1,0,0,0,0,0,0,0,0,LOW,0.15,Data Access,read_only_access
synthetic_00795,synthetic_00795_path_001,user:User6320,resource:Policy8987,2,1,1,1,0,0,0,1,0,0,0,0,CRITICAL,0.85,Privilege Escalation,policy_modification
synthetic_00796,synthetic_00796_path_001,user:User6758,resource:Bucket8556,2,1,1,1,0,1,1,0,0,0,0,0,MEDIUM,0.43,Data Access,wildcard_action + wildcard_resource
synthetic_00797,synthetic_00797_path_001,user:User3087,resource:Bucket2686,2,1,1,1,0,1,1,0,0,0,0,0,MEDIUM,0.43,Data Access,wildcard_action + wildcard_resource
synthetic_00798,synthetic_00798_path_001,user:User2162,role:AdminRole9728,2,2,1,1,1,0,0,0,0,0,0,0,HIGH,0.68,Lateral Movement,pass_role + assume_role_chain
synthetic_00799,synthetic_00799_path_001,user:User7773,resource:Bucket4992,2,1,1,1,0,1,1,0,0,0,0,0,MEDIUM,0.43,Data Access,wildcard_action + wildcard_resource
synthetic_00800,synthetic_00800_path_001,user:User4411,resource:Bucket8132,2,1,1,1,0,0,0,0,0,0,0,0,LOW,0.15,Data Access,read_only_access
synthetic_00801,synthetic_00801_path_001,user:User2276,resource:Table8584,3,2,1,1,0,0,0,0,0,0,0,0,HIGH,0.65,Lateral Movement,assume_role_chain
synthetic_00802,synthetic_00802_path_001,user:User2599,resource:Bucket3886,2,1,1,1,0,1,1,0,0,0,0,0,MEDIUM,0.43,Data Access,wildcard_action + wildcard_resource
synthetic_00803,synthetic_00803_path_001,user:User7208,role:AdminRole9098,2,2,1,1,1,0,0,0,0,0,0,0,HIGH,0.68,Lateral Movement,pass_role + assume_role_chain
synthetic_00804,synthetic_00804_path_001,user:User2007,resource:Table3276,3,2,1,1,0,0,0,0,0,0,0,0,HIGH,0.65,Lateral Movement,assume_role_chain
synthetic_00805,synthetic_00805_path_001,user:022784699733,resource:Bucket5910,2,1,1,1,0,1,1,0,1,1,0,0,CRITICAL,0.88,Lateral Movement,external_trust + cross_account
synthetic_00806,synthetic_00806_path_001,user:User6640,resource:Bucket1133,2,1,1,1,0,1,1,0,0,0,0,1,CRITICAL,0.85,Privilege Escalation,admin_permission
synthetic_00807,synthetic_00807_path_001,user:User7049,resource:Bucket1870,2,1,1,1,0,1,1,0,0,0,0,0,MEDIUM,0.43,Data Access,wildcard_action + wildcard_resource
synthetic_00808,synthetic_00808_path_001,user:User1510,resource:Policy8073,2,1,1,1,0,0,0,1,0,0,0,0,CRITICAL,0.85,Privilege Escalation,policy_modification
synthetic_00809,synthetic_00809_path_001,user:User7271,resource:Bucket7251,2,1,1,1,0,1,1,0,0,0,0,0,MEDIUM,0.43,Data Access,wildcard_action + wildcard_resource
synthetic_00810,synthetic_00810_path_001,user:User3278,resource:Bucket7301,2,1,1,1,0,0,0,0,0,0,0,0,LOW,0.15,Data Access,read_only_access
synthetic_00811,synthetic_00811_path_001,user:User3056,resource:Bucket1190,2,1,1,1,0,1,1,0,0,0,0,0,MEDIUM,0.43,Data Access,wildcard_action + wildcard_resource
synthetic_00812,synthetic_00812_path_001,user:User8974,resource:Bucket3248,4,3,1,1,0,0,1,0,0,0,0,0,HIGH,0.68,Lateral Movement,assume_role_chain + long_privilege_escalation_chain
synthetic_00813,synthetic_00813_path_001,user:User7974,resource:Bucket7948,4,3,1,1,0,0,1,0,0,0,0,0,HIGH,0.68,Lateral Movement,assume_role_chain + long_privilege_escalation_chain
synthetic_00814,synthetic_00814_path_001,user:User7959,resource:Bucket9161,2,1,1,1,0,0,0,0,0,0,0,0,LOW,0.15,Data Access,read_only_access
synthetic_00815,synthetic_00815_path_001,user:950097519712,resource:Bucket5578,2,1,1,1,0,1,1,0,1,1,0,0,CRITICAL,0.88,Lateral Movement,external_trust + cross_account
synthetic_00816,synthetic_00816_path_001,user:137189490580,resource:Bucket8438,2,1,1,1,0,1,1,0,1,1,0,0,CRITICAL,0.88,Lateral Movement,external_trust + cross_account
synthetic_00817,synthetic_00817_path_001,user:User5827,resource:Bucket3744,2,1,1,1,0,1,1,0,0,0,0,0,MEDIUM,0.43,Data Access,wildcard_action + wildcard_resource
synthetic_00818,synthetic_00818_path_001,user:partner-5267,resource:Secret8752,2,1,1,1,0,0,0,0,1,0,1,0,CRITICAL,0.85,Data Access,external_trust
synthetic_00819,synthetic_00819_path_001,user:User5780,resource:Table8942,3,2,1,1,0,0,0,0,0,0,0,0,HIGH,0.65,Lateral Movement,assume_role_chain
synthetic_00820,synthetic_00820_path_001,user:User9283,resource:Bucket5552,2,1,1,1,0,0,0,0,0,0,0,0,LOW,0.15,Data Access,read_only_access
synthetic_00821,synthetic_00821_path_001,user:User5209,resource:Bucket2827,2,1,1,1,0,1,1,0,0,0,0,0,MEDIUM,0.43,Data Access,wildcard_action + wildcard_resource
synthetic_00822,synthetic_00822_path_001,user:User3873,resource:Bucket4869,2,1,1,1,0,1,1,0,0,0,0,0,MEDIUM,0.43,Data Access,wildcard_action + wildcard_resource
synthetic_00823,synthetic_00823_path_001,user:User1542,role:AdminRole2382,2,2,1,1,1,0,0,0,0,0,0,0,HIGH,0.68,Lateral Movement,pass_role + assume_role_chain
synthetic_00824,synthetic_00824_path_001,user:User3525,resource:Bucket7765,2,1,1,1,0,1,1,0,0,0,0,1,CRITICAL,0.85,Privilege Escalation,admin_permission
synthetic_00825,synthetic_00825_path_001,user:User3740,resource:Bucket6653,2,1,1,1,0,1,1,0,0,0,0,0,MEDIUM,0.43,Data Access,wildcard_action + wildcard_resource
synthetic_00826,synthetic_00826_path_001,user:User1860,resource:Policy8602,2,1,1,1,0,0,0,1,0,0,0,0,CRITICAL,0.85,Privilege Escalation,policy_modification
synthetic_00827,synthetic_00827_path_001,user:User9724,resource:Bucket7222,2,1,1,1,0,1,1,0,0,0,0,0,MEDIUM,0.43,Data Access,wildcard_action + wildcard_resource
synthetic_00828,synthetic_00828_path_001,user:User8122,resource:Bucket5731,2,1,1,1,0,0,0,0,0,0,0,0,LOW,0.15,Data Access,read_only_access
synthetic_00829,synthetic_00829_path_001,user:User9687,resource:Bucket2595,2,1,1,1,0,1,1,0,0,0,0,0,MEDIUM,0.43,Data Access,wildcard_action + wildcard_resource
synthetic_00830,synthetic_00830_path_001,user:454414967393,resource:Bucket6528,2,1,1,1,0,1,1,0,1,1,0,0,CRITICAL,0.88,Lateral Movement,external_trust + cross_account
synthetic_00831,synthetic_00831_path_001,user:User1138,resource:Bucket1195,2,1,1,1,0,0,0,0,0,0,0,0,LOW,0.15,Data Access,read_only_access
synthetic_00832,synthetic_00832_path_001,user:User8306,resource:Bucket4594,2,1,1,1,0,0,0,0,0,0,0,0,LOW,0.15,Data Access,read_only_access
synthetic_00833,synthetic_00833_path_001,user:User2506,resource:Bucket4552,2,1,1,1,0,0,0,0,0,0,0,0,LOW,0.15,Data Access,read_only_access
synthetic_00834,synthetic_00834_path_001,user:User3128,resource:Policy4027,2,1,1,1,0,0,0,1,0,0,0,0,CRITICAL,0.85,Privilege Escalation,policy_modification
synthetic_00835,synthetic_00835_path_001,user:User5826,resource:Bucket2240,2,1,1,1,0,0,0,0,0,0,0,0,LOW,0.15,Data Access,read_only_access
synthetic_00836,synthetic_00836_path_001,user:User6298,resource:Bucket3653,2,1,1,1,0,1,1,0,0,0,0,0,MEDIUM,0.43,Data Access,wildcard_action + wildcard_resource
synthetic_00837,synthetic_00837_path_001,user:User7366,resource:Bucket1984,2,1,1,1,0,0,0,0,0,0,0,0,LOW,0.15,Data Access,read_only_access
synthetic_00838,synthetic_00838_path_001,user:User9056,resource:Bucket7432,2,1,1,1,0,1,1,0,0,0,0,0,MEDIUM,0.43,Data Access,wildcard_action + wildcard_resource
synthetic_00839,synthetic_00839_path_001,user:User8065,resource:Bucket2740,2,1,1,1,0,0,0,0,0,0,0,0,LOW,0.15,Data Access,read_only_access
synthetic_00840,synthetic_00840_path_001,user:User2153,resource:Bucket8305,2,1,1,1,0,0,0,0,0,0,0,0,LOW,0.15,Data Access,read_only_access
synthetic_00841,synthetic_00841_path_001,user:User1014,resource:Table5365,3,2,1,1,0,0,0,0,0,0,0,0,HIGH,0.65,Lateral Movement,assume_role_chain
synthetic_00842,synthetic_00842_path_001,user:User6403,resource:Bucket1060,2,1,1,1,0,0,0,0,0,0,0,0,LOW,0.15,Data Access,read_only_access
synthetic_00843,synthetic_00843_path_001,user:User2148,resource:Bucket4700,2,1,1,1,0,1,1,0,0,0,0,0,MEDIUM,0.43,Data Access,wildcard_action + wildcard_resource
synthetic_00844,synthetic_00844_path_001,user:User8898,resource:Policy9770,2,1,1,1,0,0,0,1,0,0,0,0,CRITICAL,0.85,Privilege Escalation,policy_modification
synthetic_00845,synthetic_00845_path_001,user:User7563,resource:Table6985,3,2,1,1,0,0,0,0,0,0,0,0,HIGH,0.65,Lateral Movement,assume_role_chain
synthetic_00846,synthetic_00846_path_001,user:User6571,role:AdminRole8530,2,2,1,1,1,0,0,0,0,0,0,0,HIGH,0.68,Lateral Movement,pass_role + assume_role_chain
synthetic_00847,synthetic_00847_path_001,user:partner-5750,resource:Secret3893,2,1,1,1,0,0,0,0,1,0,1,0,CRITICAL,0.85,Data Access,external_trust
synthetic_00848,synthetic_00848_path_001,user:User5896,resource:Table6886,3,2,1,1,0,0,0,0,0,0,0,0,HIGH,0.65,Lateral Movement,assume_role_chain
synthetic_00849,synthetic_00849_path_001,user:User8175,resource:Bucket3292,2,1,1,1,0,1,1,0,0,0,0,0,MEDIUM,0.43,Data Access,wildcard_action + wildcard_resource
synthetic_00850,synthetic_00850_path_001,user:User4907,resource:Bucket9856,4,3,1,1,0,0,1,0,0,0,0,0,HIGH,0.68,Lateral Movement,assume_role_chain + long_privilege_escalation_chain
synthetic_00851,synthetic_00851_path_001,user:User8361,resource:Bucket1606,2,1,1,1,0,1,1,0,0,0,0,1,CRITICAL,0.85,Privilege Escalation,admin_permission
synthetic_00852,synthetic_00852_path_001,user:partner-1701,resource:Secret2936,2,1,1,1,0,0,0,0,1,0,1,0,CRITICAL,0.85,Data Access,external_trust
synthetic_00853,synthetic_00853_path_001,user:User9791,resource:Bucket4817,2,1,1,1,0,1,1,0,0,0,0,1,CRITICAL,0.85,Privilege Escalation,admin_permission
synthetic_00854,synthetic_00854_path_001,user:User1312,resource:Bucket1750,2,1,1,1,0,0,0,0,0,0,0,0,LOW,0.15,Data Access,read_only_access
synthetic_00855,synthetic_00855_path_001,user:User1818,resource:Bucket2594,2,1,1,1,0,0,0,0,0,0,0,0,LOW,0.15,Data Access,read_only_access
synthetic_00856,synthetic_00856_path_001,user:User2742,role:AdminRole9145,2,2,1,1,1,0,0,0,0,0,0,0,HIGH,0.68,Lateral Movement,pass_role + assume_role_chain
synthetic_00857,synthetic_00857_path_001,user:User4613,role:AdminRole4320,2,2,1,1,1,0,0,0,0,0,0,0,HIGH,0.68,Lateral Movement,pass_role + assume_role_chain
synthetic_00858,synthetic_00858_path_001,user:User7586,resource:Bucket2979,2,1,1,1,0,1,1,0,0,0,0,0,MEDIUM,0.43,Data Access,wildcard_action + wildcard_resource
synthetic_00859,synthetic_00859_path_001,user:User4493,resource:Bucket3841,2,1,1,1,0,1,1,0,0,0,0,1,CRITICAL,0.85,Privilege Escalation,admin_permission
synthetic_00860,synthetic_00860_path_001,user:User7801,resource:Bucket7060,2,1,1,1,0,1,1,0,0,0,0,0,MEDIUM,0.43,Data Access,wildcard_action + wildcard_resource
synthetic_00861,synthetic_00861_path_001,user:021962071002,resource:Bucket5648,2,1,1,1,0,1,1,0,1,1,0,0,CRITICAL,0.88,Lateral Movement,external_trust + cross_account
synthetic_00862,synthetic_00862_path_001,user:User3344,resource:Bucket9570,2,1,1,1,0,0,0,0,0,0,0,0,LOW,0.15,Data Access,read_only_access
synthetic_00863,synthetic_00863_path_001,user:User1616,resource:Bucket9190,2,1,1,1,0,1,1,0,0,0,0,1,CRITICAL,0.85,Privilege Escalation,admin_permission
synthetic_00864,synthetic_00864_path_001,user:User4860,resource:Bucket2925,2,1,1,1,0,1,1,0,0,0,0,0,MEDIUM,0.43,Data Access,wildcard_action + wildcard_resource
synthetic_00865,synthetic_00865_path_001,user:partner-9842,resource:Secret4592,2,1,1,1,0,0,0,0,1,0,1,0,CRITICAL,0.85,Data Access,external_trust
synthetic_00866,synthetic_00866_path_001,user:User4173,resource:Bucket3444,2,1,1,1,0,1,1,0,0,0,0,0,MEDIUM,0.43,Data Access,wildcard_action + wildcard_resource
synthetic_00867,synthetic_00867_path_001,user:User1706,resource:Bucket6966,2,1,1,1,0,0,0,0,0,0,0,0,LOW,0.15,Data Access,read_only_access
synthetic_00868,synthetic_00868_path_001,user:User8424,resource:Bucket2710,2,1,1,1,0,1,1,0,0,0,0,0,MEDIUM,0.43,Data Access,wildcard_action + wildcard_resource
synthetic_00869,synthetic_00869_path_001,user:partner-8947,resource:Secret2901,2,1,1,1,0,0,0,0,1,0,1,0,CRITICAL,0.85,Data Access,external_trust
synthetic_00870,synthetic_00870_path_001,user:User6340,resource:Bucket4769,4,3,1,1,0,0,1,0,0,0,0,0,HIGH,0.68,Lateral Movement,assume_role_chain + long_privilege_escalation_chain
synthetic_00871,synthetic_00871_path_001,user:User7759,resource:Bucket7152,2,1,1,1,0,0,0,0,0,0,0,0,LOW,0.15,Data Access,read_only_access
synthetic_00872,synthetic_00872_path_001,user:User1890,role:AdminRole3374,2,2,1,1,1,0,0,0,0,0,0,0,HIGH,0.68,Lateral Movement,pass_role + assume_role_chain
synthetic_00873,synthetic_00873_path_001,user:User8454,resource:Bucket7346,2,1,1,1,0,0,0,0,0,0,0,0,LOW,0.15,Data Access,read_only_access
synthetic_00874,synthetic_00874_path_001,user:User6875,resource:Bucket3084,4,3,1,1,0,0,1,0,0,0,0,0,HIGH,0.68,Lateral Movement,assume_role_chain + long_privilege_escalation_chain
synthetic_00875,synthetic_00875_path_001,user:User8627,resource:Bucket7852,2,1,1,1,0,0,0,0,0,0,0,0,LOW,0.15,Data Access,read_only_access
synthetic_00876,synthetic_00876_path_001,user:929298316873,resource:Bucket8581,2,1,1,1,0,1,1,0,1,1,0,0,CRITICAL,0.88,Lateral Movement,external_trust + cross_account
synthetic_00877,synthetic_00877_path_001,user:User5041,resource:Bucket6362,2,1,1,1,0,1,1,0,0,0,0,0,MEDIUM,0.43,Data Access,wildcard_action + wildcard_resource
synthetic_00878,synthetic_00878_path_001,user:User1083,resource:Bucket1724,2,1,1,1,0,1,1,0,0,0,0,1,CRITICAL,0.85,Privilege Escalation,admin_permission
synthetic_00879,synthetic_00879_path_001,user:partner-1550,resource:Secret9701,2,1,1,1,0,0,0,0,1,0,1,0,CRITICAL,0.85,Data Access,external_trust
synthetic_00880,synthetic_00880_path_001,user:partner-2605,resource:Secret9114,2,1,1,1,0,0,0,0,1,0,1,0,CRITICAL,0.85,Data Access,external_trust
synthetic_00881,synthetic_00881_path_001,user:User1203,role:AdminRole4571,2,2,1,1,1,0,0,0,0,0,0,0,HIGH,0.68,Lateral Movement,pass_role + assume_role_chain
synthetic_00882,synthetic_00882_path_001,user:User5846,resource:Bucket2486,2,1,1,1,0,0,0,0,0,0,0,0,LOW,0.15,Data Access,read_only_access
synthetic_00883,synthetic_00883_path_001,user:User8524,resource:Bucket8452,2,1,1,1,0,1,1,0,0,0,0,0,MEDIUM,0.43,Data Access,wildcard_action + wildcard_resource
synthetic_00884,synthetic_00884_path_001,user:User4030,resource:Bucket2158,4,3,1,1,0,0,1,0,0,0,0,0,HIGH,0.68,Lateral Movement,assume_role_chain + long_privilege_escalation_chain
synthetic_00885,synthetic_00885_path_001,user:User7977,resource:Bucket9887,2,1,1,1,0,0,0,0,0,0,0,0,LOW,0.15,Data Access,read_only_access
synthetic_00886,synthetic_00886_path_001,user:085016579055,resource:Bucket2097,2,1,1,1,0,1,1,0,1,1,0,0,CRITICAL,0.88,Lateral Movement,external_trust + cross_account
synthetic_00887,synthetic_00887_path_001,user:User2860,resource:Bucket4437,2,1,1,1,0,0,0,0,0,0,0,0,LOW,0.15,Data Access,read_only_access
synthetic_00888,synthetic_00888_path_001,user:864015577881,resource:Bucket9714,2,1,1,1,0,1,1,0,1,1,0,0,CRITICAL,0.88,Lateral Movement,external_trust + cross_account
synthetic_00889,synthetic_00889_path_001,user:User2075,resource:Bucket8501,2,1,1,1,0,1,1,0,0,0,0,0,MEDIUM,0.43,Data Access,wildcard_action + wildcard_resource
synthetic_00890,synthetic_00890_path_001,user:411241272380,resource:Bucket7824,2,1,1,1,0,1,1,0,1,1,0,0,CRITICAL,0.88,Lateral Movement,external_trust + cross_account
synthetic_00891,synthetic_00891_path_001,user:User1351,resource:Bucket4097,2,1,1,1,0,1,1,0,0,0,0,0,MEDIUM,0.43,Data Access,wildcard_action + wildcard_resource
synthetic_00892,synthetic_00892_path_001,user:partner-9513,resource:Secret7745,2,1,1,1,0,0,0,0,1,0,1,0,CRITICAL,0.85,Data Access,external_trust
synthetic_00893,synthetic_00893_path_001,user:User9686,resource:Bucket8295,2,1,1,1,0,1,1,0,0,0,0,0,MEDIUM,0.43,Data Access,wildcard_action + wildcard_resource
synthetic_00894,synthetic_00894_path_001,user:User6021,resource:Bucket5259,2,1,1,1,0,0,0,0,0,0,0,0,LOW,0.15,Data Access,read_only_access
synthetic_00895,synthetic_00895_path_001,user:User1775,resource:Bucket6785,2,1,1,1,0,1,1,0,0,0,0,1,CRITICAL,0.85,Privilege Escalation,admin_permission
synthetic_00896,synthetic_00896_path_001,user:User3634,role:AdminRole5673,2,2,1,1,1,0,0,0,0,0,0,0,HIGH,0.68,Lateral Movement,pass_role + assume_role_chain
synthetic_00897,synthetic_00897_path_001,user:User3873,resource:Bucket3641,2,1,1,1,0,0,0,0,0,0,0,0,LOW,0.15,Data Access,read_only_access
synthetic_00898,synthetic_00898_path_001,user:User3072,resource:Bucket5266,2,1,1,1,0,1,1,0,0,0,0,1,CRITICAL,0.85,Privilege Escalation,admin_permission
synthetic_00899,synthetic_00899_path_001,user:User1568,role:AdminRole6633,2,2,1,1,1,0,0,0,0,0,0,0,HIGH,0.68,Lateral Movement,pass_role + assume_role_chain
synthetic_00900,synthetic_00900_path_001,user:User8347,resource:Bucket3663,2,1,1,1,0,0,0,0,0,0,0,0,LOW,0.15,Data Access,read_only_access
synthetic_00901,synthetic_00901_path_001,user:User9182,resource:Bucket8504,2,1,1,1,0,1,1,0,0,0,0,0,MEDIUM,0.43,Data Access,wildcard_action + wildcard_resource
synthetic_00902,synthetic_00902_path_001,user:User9948,resource:Bucket6427,2,1,1,1,0,1,1,0,0,0,0,1,CRITICAL,0.85,Privilege Escalation,admin_permission
synthetic_00903,synthetic_00903_path_001,user:User3409,resource:Bucket6549,2,1,1,1,0,1,1,0,0,0,0,1,CRITICAL,0.85,Privilege Escalation,admin_permission
synthetic_00904,synthetic_00904_path_001,user:User2914,resource:Bucket1406,2,1,1,1,0,0,0,0,0,0,0,0,LOW,0.15,Data Access,read_only_access
synthetic_00905,synthetic_00905_path_001,user:User6347,resource:Bucket4197,2,1,1,1,0,1,1,0,0,0,0,0,MEDIUM,0.43,Data Access,wildcard_action + wildcard_resource
synthetic_00906,synthetic_00906_path_001,user:User9821,resource:Bucket2431,2,1,1,1,0,0,0,0,0,0,0,0,LOW,0.15,Data Access,read_only_access
synthetic_00907,synthetic_00907_path_001,user:User9381,resource:Bucket6915,2,1,1,1,0,1,1,0,0,0,0,0,MEDIUM,0.43,Data Access,wildcard_action + wildcard_resource
synthetic_00908,synthetic_00908_path_001,user:User7056,resource:Policy7108,2,1,1,1,0,0,0,1,0,0,0,0,CRITICAL,0.85,Privilege Escalation,policy_modification
synthetic_00909,synthetic_00909_path_001,user:User6047,resource:Bucket2435,2,1,1,1,0,1,1,0,0,0,0,0,MEDIUM,0.43,Data Access,wildcard_action + wildcard_resource
synthetic_00910,synthetic_00910_path_001,user:User8249,resource:Bucket3683,2,1,1,1,0,1,1,0,0,0,0,1,CRITICAL,0.85,Privilege Escalation,admin_permission
synthetic_00911,synthetic_00911_path_001,user:User2410,resource:Policy4404,2,1,1,1,0,0,0,1,0,0,0,0,CRITICAL,0.85,Privilege Escalation,policy_modification
synthetic_00912,synthetic_00912_path_001,user:User9606,resource:Bucket2083,2,1,1,1,0,1,1,0,0,0,0,1,CRITICAL,0.85,Privilege Escalation,admin_permission
synthetic_00913,synthetic_00913_path_001,user:User5478,resource:Bucket3865,2,1,1,1,0,1,1,0,0,0,0,0,MEDIUM,0.43,Data Access,wildcard_action + wildcard_resource
synthetic_00914,synthetic_00914_path_001,user:User7254,resource:Bucket9037,2,1,1,1,0,0,0,0,0,0,0,0,LOW,0.15,Data Access,read_only_access
synthetic_00915,synthetic_00915_path_001,user:User9095,role:AdminRole4678,2,2,1,1,1,0,0,0,0,0,0,0,HIGH,0.68,Lateral Movement,pass_role + assume_role_chain
synthetic_00916,synthetic_00916_path_001,user:User1040,resource:Bucket5303,2,1,1,1,0,0,0,0,0,0,0,0,LOW,0.15,Data Access,read_only_access
synthetic_00917,synthetic_00917_path_001,user:User5713,resource:Table9059,3,2,1,1,0,0,0,0,0,0,0,0,HIGH,0.65,Lateral Movement,assume_role_chain
synthetic_00918,synthetic_00918_path_001,user:301471959796,resource:Bucket8799,2,1,1,1,0,1,1,0,1,1,0,0,CRITICAL,0.88,Lateral Movement,external_trust + cross_account
synthetic_00919,synthetic_00919_path_001,user:User1287,resource:Bucket3394,4,3,1,1,0,0,1,0,0,0,0,0,HIGH,0.68,Lateral Movement,assume_role_chain + long_privilege_escalation_chain
synthetic_00920,synthetic_00920_path_001,user:User6855,resource:Bucket6917,4,3,1,1,0,0,1,0,0,0,0,0,HIGH,0.68,Lateral Movement,assume_role_chain + long_privilege_escalation_chain
synthetic_00921,synthetic_00921_path_001,user:User9677,resource:Bucket9419,2,1,1,1,0,1,1,0,0,0,0,0,MEDIUM,0.43,Data Access,wildcard_action + wildcard_resource
synthetic_00922,synthetic_00922_path_001,user:User3738,resource:Bucket6285,2,1,1,1,0,0,0,0,0,0,0,0,LOW,0.15,Data Access,read_only_access
synthetic_00923,synthetic_00923_path_001,user:User6939,resource:Table6761,3,2,1,1,0,0,0,0,0,0,0,0,HIGH,0.65,Lateral Movement,assume_role_chain
synthetic_00924,synthetic_00924_path_001,user:User1211,resource:Policy9489,2,1,1,1,0,0,0,1,0,0,0,0,CRITICAL,0.85,Privilege Escalation,policy_modification
synthetic_00925,synthetic_00925_path_001,user:partner-7750,resource:Secret3671,2,1,1,1,0,0,0,0,1,0,1,0,CRITICAL,0.85,Data Access,external_trust
synthetic_00926,synthetic_00926_path_001,user:User4622,resource:Bucket9612,2,1,1,1,0,0,0,0,0,0,0,0,LOW,0.15,Data Access,read_only_access
synthetic_00927,synthetic_00927_path_001,user:120754527985,resource:Bucket5991,2,1,1,1,0,1,1,0,1,1,0,0,CRITICAL,0.88,Lateral Movement,external_trust + cross_account
synthetic_00928,synthetic_00928_path_001,user:User3332,resource:Bucket6036,2,1,1,1,0,0,0,0,0,0,0,0,LOW,0.15,Data Access,read_only_access
synthetic_00929,synthetic_00929_path_001,user:User7960,resource:Bucket2273,2,1,1,1,0,1,1,0,0,0,0,1,CRITICAL,0.85,Privilege Escalation,admin_permission
synthetic_00930,synthetic_00930_path_001,user:User4217,resource:Bucket1537,2,1,1,1,0,1,1,0,0,0,0,0,MEDIUM,0.43,Data Access,wildcard_action + wildcard_resource
synthetic_00931,synthetic_00931_path_001,user:014011939325,resource:Bucket2487,2,1,1,1,0,1,1,0,1,1,0,0,CRITICAL,0.88,Lateral Movement,external_trust + cross_account
synthetic_00932,synthetic_00932_path_001,user:User3630,resource:Bucket4962,2,1,1,1,0,1,1,0,0,0,0,0,MEDIUM,0.43,Data Access,wildcard_action + wildcard_resource
synthetic_00933,synthetic_00933_path_001,user:User1229,role:AdminRole4555,2,2,1,1,1,0,0,0,0,0,0,0,HIGH,0.68,Lateral Movement,pass_role + assume_role_chain
synthetic_00934,synthetic_00934_path_001,user:User5617,resource:Bucket2616,4,3,1,1,0,0,1,0,0,0,0,0,HIGH,0.68,Lateral Movement,assume_role_chain + long_privilege_escalation_chain
synthetic_00935,synthetic_00935_path_001,user:User4033,resource:Bucket6813,4,3,1,1,0,0,1,0,0,0,0,0,HIGH,0.68,Lateral Movement,assume_role_chain + long_privilege_escalation_chain
synthetic_00936,synthetic_00936_path_001,user:User7677,role:AdminRole6149,2,2,1,1,1,0,0,0,0,0,0,0,HIGH,0.68,Lateral Movement,pass_role + assume_role_chain
synthetic_00937,synthetic_00937_path_001,user:User2807,resource:Bucket3226,2,1,1,1,0,0,0,0,0,0,0,0,LOW,0.15,Data Access,read_only_access
synthetic_00938,synthetic_00938_path_001,user:User1665,resource:Bucket6375,2,1,1,1,0,1,1,0,0,0,0,0,MEDIUM,0.43,Data Access,wildcard_action + wildcard_resource
synthetic_00939,synthetic_00939_path_001,user:User6111,resource:Bucket4700,2,1,1,1,0,1,1,0,0,0,0,0,MEDIUM,0.43,Data Access,wildcard_action + wildcard_resource
synthetic_00940,synthetic_00940_path_001,user:User2140,resource:Bucket7020,2,1,1,1,0,1,1,0,0,0,0,0,MEDIUM,0.43,Data Access,wildcard_action + wildcard_resource
synthetic_00941,synthetic_00941_path_001,user:User2723,resource:Bucket8177,2,1,1,1,0,1,1,0,0,0,0,0,MEDIUM,0.43,Data Access,wildcard_action + wildcard_resource
synthetic_00942,synthetic_00942_path_001,user:User2666,resource:Bucket2060,2,1,1,1,0,1,1,0,0,0,0,0,MEDIUM,0.43,Data Access,wildcard_action + wildcard_resource
synthetic_00943,synthetic_00943_path_001,user:User7623,resource:Bucket4815,2,1,1,1,0,0,0,0,0,0,0,0,LOW,0.15,Data Access,read_only_access
synthetic_00944,synthetic_00944_path_001,user:partner-5472,resource:Secret6834,2,1,1,1,0,0,0,0,1,0,1,0,CRITICAL,0.85,Data Access,external_trust
synthetic_00945,synthetic_00945_path_001,user:User9379,resource:Bucket3414,2,1,1,1,0,1,1,0,0,0,0,1,CRITICAL,0.85,Privilege Escalation,admin_permission
synthetic_00946,synthetic_00946_path_001,user:User9147,resource:Bucket3205,2,1,1,1,0,1,1,0,0,0,0,0,MEDIUM,0.43,Data Access,wildcard_action + wildcard_resource
synthetic_00947,synthetic_00947_path_001,user:User2117,resource:Bucket1438,2,1,1,1,0,0,0,0,0,0,0,0,LOW,0.15,Data Access,read_only_access
synthetic_00948,synthetic_00948_path_001,user:User3502,resource:Table2253,3,2,1,1,0,0,0,0,0,0,0,0,HIGH,0.65,Lateral Movement,assume_role_chain
synthetic_00949,synthetic_00949_path_001,user:User9518,resource:Table4308,3,2,1,1,0,0,0,0,0,0,0,0,HIGH,0.65,Lateral Movement,assume_role_chain
synthetic_00950,synthetic_00950_path_001,user:User9157,resource:Bucket9270,2,1,1,1,0,1,1,0,0,0,0,0,MEDIUM,0.43,Data Access,wildcard_action + wildcard_resource
synthetic_00951,synthetic_00951_path_001,user:User9955,resource:Policy1517,2,1,1,1,0,0,0,1,0,0,0,0,CRITICAL,0.85,Privilege Escalation,policy_modification
synthetic_00952,synthetic_00952_path_001,user:User6153,resource:Bucket8250,2,1,1,1,0,1,1,0,0,0,0,0,MEDIUM,0.43,Data Access,wildcard_action + wildcard_resource
synthetic_00953,synthetic_00953_path_001,user:User5965,resource:Bucket9052,2,1,1,1,0,0,0,0,0,0,0,0,LOW,0.15,Data Access,read_only_access
synthetic_00954,synthetic_00954_path_001,user:User8986,resource:Bucket8697,4,3,1,1,0,0,1,0,0,0,0,0,HIGH,0.68,Lateral Movement,assume_role_chain + long_privilege_escalation_chain
synthetic_00955,synthetic_00955_path_001,user:User5315,resource:Bucket7189,2,1,1,1,0,0,0,0,0,0,0,0,LOW,0.15,Data Access,read_only_access
synthetic_00956,synthetic_00956_path_001,user:User1739,resource:Bucket7003,2,1,1,1,0,0,0,0,0,0,0,0,LOW,0.15,Data Access,read_only_access
synthetic_00957,synthetic_00957_path_001,user:561655650333,resource:Bucket2391,2,1,1,1,0,1,1,0,1,1,0,0,CRITICAL,0.88,Lateral Movement,external_trust + cross_account
synthetic_00958,synthetic_00958_path_001,user:User1322,resource:Bucket6343,2,1,1,1,0,1,1,0,0,0,0,0,MEDIUM,0.43,Data Access,wildcard_action + wildcard_resource
synthetic_00959,synthetic_00959_path_001,user:User9433,resource:Policy5368,2,1,1,1,0,0,0,1,0,0,0,0,CRITICAL,0.85,Privilege Escalation,policy_modification
synthetic_00960,synthetic_00960_path_001,user:User1364,resource:Bucket7188,2,1,1,1,0,1,1,0,0,0,0,0,MEDIUM,0.43,Data Access,wildcard_action + wildcard_resource
synthetic_00961,synthetic_00961_path_001,user:User9001,resource:Bucket4373,2,1,1,1,0,0,0,0,0,0,0,0,LOW,0.15,Data Access,read_only_access
synthetic_00962,synthetic_00962_path_001,user:partner-6563,resource:Secret5907,2,1,1,1,0,0,0,0,1,0,1,0,CRITICAL,0.85,Data Access,external_trust
synthetic_00963,synthetic_00963_path_001,user:User2234,resource:Bucket4507,2,1,1,1,0,0,0,0,0,0,0,0,LOW,0.15,Data Access,read_only_access
synthetic_00964,synthetic_00964_path_001,user:User7586,resource:Bucket2506,2,1,1,1,0,1,1,0,0,0,0,0,MEDIUM,0.43,Data Access,wildcard_action + wildcard_resource
synthetic_00965,synthetic_00965_path_001,user:User9700,resource:Bucket7997,2,1,1,1,0,0,0,0,0,0,0,0,LOW,0.15,Data Access,read_only_access
synthetic_00966,synthetic_00966_path_001,user:User5945,resource:Bucket5913,2,1,1,1,0,0,0,0,0,0,0,0,LOW,0.15,Data Access,read_only_access
synthetic_00967,synthetic_00967_path_001,user:User5116,resource:Bucket8425,2,1,1,1,0,1,1,0,0,0,0,0,MEDIUM,0.43,Data Access,wildcard_action + wildcard_resource
synthetic_00968,synthetic_00968_path_001,user:User4056,resource:Bucket5389,4,3,1,1,0,0,1,0,0,0,0,0,HIGH,0.68,Lateral Movement,assume_role_chain + long_privilege_escalation_chain
synthetic_00969,synthetic_00969_path_001,user:User8577,resource:Bucket4938,2,1,1,1,0,0,0,0,0,0,0,0,LOW,0.15,Data Access,read_only_access
synthetic_00970,synthetic_00970_path_001,user:User6220,resource:Bucket4335,2,1,1,1,0,1,1,0,0,0,0,0,MEDIUM,0.43,Data Access,wildcard_action + wildcard_resource
synthetic_00971,synthetic_00971_path_001,user:User3631,resource:Bucket4868,2,1,1,1,0,1,1,0,0,0,0,0,MEDIUM,0.43,Data Access,wildcard_action + wildcard_resource
synthetic_00972,synthetic_00972_path_001,user:User1453,resource:Bucket6087,2,1,1,1,0,0,0,0,0,0,0,0,LOW,0.15,Data Access,read_only_access
synthetic_00973,synthetic_00973_path_001,user:User7914,resource:Bucket4309,2,1,1,1,0,1,1,0,0,0,0,1,CRITICAL,0.85,Privilege Escalation,admin_permission
synthetic_00974,synthetic_00974_path_001,user:User5551,resource:Bucket1691,2,1,1,1,0,0,0,0,0,0,0,0,LOW,0.15,Data Access,read_only_access
synthetic_00975,synthetic_00975_path_001,user:User2375,resource:Policy5882,2,1,1,1,0,0,0,1,0,0,0,0,CRITICAL,0.85,Privilege Escalation,policy_modification
synthetic_00976,synthetic_00976_path_001,user:162319818984,resource:Bucket2478,2,1,1,1,0,1,1,0,1,1,0,0,CRITICAL,0.88,Lateral Movement,external_trust + cross_account
synthetic_00977,synthetic_00977_path_001,user:partner-6395,resource:Secret4865,2,1,1,1,0,0,0,0,1,0,1,0,CRITICAL,0.85,Data Access,external_trust
synthetic_00978,synthetic_00978_path_001,user:User3869,resource:Bucket5498,2,1,1,1,0,0,0,0,0,0,0,0,LOW,0.15,Data Access,read_only_access
synthetic_00979,synthetic_00979_path_001,user:User1916,resource:Policy9740,2,1,1,1,0,0,0,1,0,0,0,0,CRITICAL,0.85,Privilege Escalation,policy_modification
synthetic_00980,synthetic_00980_path_001,user:User6185,resource:Bucket7943,2,1,1,1,0,1,1,0,0,0,0,1,CRITICAL,0.85,Privilege Escalation,admin_permission
synthetic_00981,synthetic_00981_path_001,user:257540900348,resource:Bucket6067,2,1,1,1,0,1,1,0,1,1,0,0,CRITICAL,0.88,Lateral Movement,external_trust + cross_account
synthetic_00982,synthetic_00982_path_001,user:User8248,resource:Policy1128,2,1,1,1,0,0,0,1,0,0,0,0,CRITICAL,0.85,Privilege Escalation,policy_modification
synthetic_00983,synthetic_00983_path_001,user:User4857,resource:Bucket4446,2,1,1,1,0,1,1,0,0,0,0,0,MEDIUM,0.43,Data Access,wildcard_action + wildcard_resource
synthetic_00984,synthetic_00984_path_001,user:User7656,resource:Bucket5489,2,1,1,1,0,1,1,0,0,0,0,0,MEDIUM,0.43,Data Access,wildcard_action + wildcard_resource
synthetic_00985,synthetic_00985_path_001,user:User6451,resource:Bucket5275,4,3,1,1,0,0,1,0,0,0,0,0,HIGH,0.68,Lateral Movement,assume_role_chain + long_privilege_escalation_chain
synthetic_00986,synthetic_00986_path_001,user:User9973,role:AdminRole8426,2,2,1,1,1,0,0,0,0,0,0,0,HIGH,0.68,Lateral Movement,pass_role + assume_role_chain
synthetic_00987,synthetic_00987_path_001,user:User1853,resource:Bucket1050,4,3,1,1,0,0,1,0,0,0,0,0,HIGH,0.68,Lateral Movement,assume_role_chain + long_privilege_escalation_chain
synthetic_00988,synthetic_00988_path_001,user:User2347,resource:Bucket3585,2,1,1,1,0,1,1,0,0,0,0,0,MEDIUM,0.43,Data Access,wildcard_action + wildcard_resource
synthetic_00989,synthetic_00989_path_001,user:User7722,role:AdminRole8397,2,2,1,1,1,0,0,0,0,0,0,0,HIGH,0.68,Lateral Movement,pass_role + assume_role_chain
synthetic_00990,synthetic_00990_path_001,user:User3187,resource:Bucket3842,2,1,1,1,0,1,1,0,0,0,0,0,MEDIUM,0.43,Data Access,wildcard_action + wildcard_resource
synthetic_00991,synthetic_00991_path_001,user:User7022,resource:Bucket7447,2,1,1,1,0,0,0,0,0,0,0,0,LOW,0.15,Data Access,read_only_access
synthetic_00992,synthetic_00992_path_001,user:User4747,resource:Bucket8576,2,1,1,1,0,1,1,0,0,0,0,1,CRITICAL,0.85,Privilege Escalation,admin_permission
synthetic_00993,synthetic_00993_path_001,user:User1815,resource:Policy8027,2,1,1,1,0,0,0,1,0,0,0,0,CRITICAL,0.85,Privilege Escalation,policy_modification
synthetic_00994,synthetic_00994_path_001,user:User7028,resource:Bucket2922,2,1,1,1,0,0,0,0,0,0,0,0,LOW,0.15,Data Access,read_only_access
synthetic_00995,synthetic_00995_path_001,user:771333447626,resource:Bucket4531,2,1,1,1,0,1,1,0,1,1,0,0,CRITICAL,0.88,Lateral Movement,external_trust + cross_account
synthetic_00996,synthetic_00996_path_001,user:User3391,resource:Bucket5754,2,1,1,1,0,0,0,0,0,0,0,0,LOW,0.15,Data Access,read_only_access
synthetic_00997,synthetic_00997_path_001,user:User5068,resource:Bucket8506,2,1,1,1,0,1,1,0,0,0,0,0,MEDIUM,0.43,Data Access,wildcard_action + wildcard_resource
synthetic_00998,synthetic_00998_path_001,user:User6296,resource:Bucket4476,2,1,1,1,0,0,0,0,0,0,0,0,LOW,0.15,Data Access,read_only_access
synthetic_00999,synthetic_00999_path_001,user:User2196,role:AdminRole1962,2,2,1,1,1,0,0,0,0,0,0,0,HIGH,0.68,Lateral Movement,pass_role + assume_role_chain
synthetic_01000,synthetic_01000_path_001,user:User4847,resource:Bucket6804,2,1,1,1,0,0,0,0,0,0,0,0,LOW,0.15,Data Access,read_only_access
synthetic_01001,synthetic_01001_path_001,user:User7241,role:AdminRole7466,2,2,1,1,1,0,0,0,0,0,0,0,HIGH,0.68,Lateral Movement,pass_role + assume_role_chain
synthetic_01002,synthetic_01002_path_001,user:User3166,resource:Table5264,3,2,1,1,0,0,0,0,0,0,0,0,HIGH,0.65,Lateral Movement,assume_role_chain
synthetic_01003,synthetic_01003_path_001,user:User9074,resource:Bucket8669,2,1,1,1,0,0,0,0,0,0,0,0,LOW,0.15,Data Access,read_only_access
synthetic_01004,synthetic_01004_path_001,user:User8093,resource:Bucket6132,4,3,1,1,0,0,1,0,0,0,0,0,HIGH,0.68,Lateral Movement,assume_role_chain + long_privilege_escalation_chain
synthetic_01005,synthetic_01005_path_001,user:User5603,resource:Policy8046,2,1,1,1,0,0,0,1,0,0,0,0,CRITICAL,0.85,Privilege Escalation,policy_modification
synthetic_01006,synthetic_01006_path_001,user:User5321,resource:Bucket6128,2,1,1,1,0,1,1,0,0,0,0,0,MEDIUM,0.43,Data Access,wildcard_action + wildcard_resource
synthetic_01007,synthetic_01007_path_001,user:User9049,resource:Bucket4095,4,3,1,1,0,0,1,0,0,0,0,0,HIGH,0.68,Lateral Movement,assume_role_chain + long_privilege_escalation_chain
synthetic_01008,synthetic_01008_path_001,user:User8704,resource:Bucket3679,2,1,1,1,0,0,0,0,0,0,0,0,LOW,0.15,Data Access,read_only_access
synthetic_01009,synthetic_01009_path_001,user:User9108,resource:Bucket8233,2,1,1,1,0,1,1,0,0,0,0,1,CRITICAL,0.85,Privilege Escalation,admin_permission
synthetic_01010,synthetic_01010_path_001,user:User3425,resource:Bucket6727,2,1,1,1,0,1,1,0,0,0,0,0,MEDIUM,0.43,Data Access,wildcard_action + wildcard_resource
synthetic_01011,synthetic_01011_path_001,user:User3757,resource:Bucket5469,2,1,1,1,0,1,1,0,0,0,0,0,MEDIUM,0.43,Data Access,wildcard_action + wildcard_resource
synthetic_01012,synthetic_01012_path_001,user:partner-3958,resource:Secret2258,2,1,1,1,0,0,0,0,1,0,1,0,CRITICAL,0.85,Data Access,external_trust
synthetic_01013,synthetic_01013_path_001,user:User6384,resource:Table2998,3,2,1,1,0,0,0,0,0,0,0,0,HIGH,0.65,Lateral Movement,assume_role_chain
synthetic_01014,synthetic_01014_path_001,user:User2737,resource:Bucket3519,2,1,1,1,0,1,1,0,0,0,0,0,MEDIUM,0.43,Data Access,wildcard_action + wildcard_resource
synthetic_01015,synthetic_01015_path_001,user:User8861,resource:Policy5412,2,1,1,1,0,0,0,1,0,0,0,0,CRITICAL,0.85,Privilege Escalation,policy_modification
synthetic_01016,synthetic_01016_path_001,user:User8423,resource:Bucket3118,2,1,1,1,0,1,1,0,0,0,0,1,CRITICAL,0.85,Privilege Escalation,admin_permission
synthetic_01017,synthetic_01017_path_001,user:User6294,resource:Table9964,3,2,1,1,0,0,0,0,0,0,0,0,HIGH,0.65,Lateral Movement,assume_role_chain
synthetic_01018,synthetic_01018_path_001,user:User7248,resource:Bucket7534,2,1,1,1,0,1,1,0,0,0,0,1,CRITICAL,0.85,Privilege Escalation,admin_permission
synthetic_01019,synthetic_01019_path_001,user:User7535,resource:Bucket1336,2,1,1,1,0,1,1,0,0,0,0,1,CRITICAL,0.85,Privilege Escalation,admin_permission
synthetic_01020,synthetic_01020_path_001,user:partner-5668,resource:Secret2975,2,1,1,1,0,0,0,0,1,0,1,0,CRITICAL,0.85,Data Access,external_trust
synthetic_01021,synthetic_01021_path_001,user:partner-6080,resource:Secret6882,2,1,1,1,0,0,0,0,1,0,1,0,CRITICAL,0.85,Data Access,external_trust
synthetic_01022,synthetic_01022_path_001,user:User9021,role:AdminRole7358,2,2,1,1,1,0,0,0,0,0,0,0,HIGH,0.68,Lateral Movement,pass_role + assume_role_chain
synthetic_01023,synthetic_01023_path_001,user:User7931,resource:Bucket7922,2,1,1,1,0,1,1,0,0,0,0,0,MEDIUM,0.43,Data Access,wildcard_action + wildcard_resource
synthetic_01024,synthetic_01024_path_001,user:User2522,resource:Table6599,3,2,1,1,0,0,0,0,0,0,0,0,HIGH,0.65,Lateral Movement,assume_role_chain
synthetic_01025,synthetic_01025_path_001,user:User4673,resource:Bucket9115,2,1,1,1,0,1,1,0,0,0,0,1,CRITICAL,0.85,Privilege Escalation,admin_permission
synthetic_01026,synthetic_01026_path_001,user:User8825,resource:Bucket3434,2,1,1,1,0,1,1,0,0,0,0,0,MEDIUM,0.43,Data Access,wildcard_action + wildcard_resource
synthetic_01027,synthetic_01027_path_001,user:User8007,resource:Bucket1781,2,1,1,1,0,0,0,0,0,0,0,0,LOW,0.15,Data Access,read_only_access
synthetic_01028,synthetic_01028_path_001,user:User7961,resource:Bucket2548,2,1,1,1,0,0,0,0,0,0,0,0,LOW,0.15,Data Access,read_only_access
synthetic_01029,synthetic_01029_path_001,user:User2339,resource:Bucket1266,2,1,1,1,0,1,1,0,0,0,0,0,MEDIUM,0.43,Data Access,wildcard_action + wildcard_resource
synthetic_01030,synthetic_01030_path_001,user:partner-7438,resource:Secret2364,2,1,1,1,0,0,0,0,1,0,1,0,CRITICAL,0.85,Data Access,external_trust
synthetic_01031,synthetic_01031_path_001,user:User8454,resource:Bucket5342,2,1,1,1,0,1,1,0,0,0,0,0,MEDIUM,0.43,Data Access,wildcard_action + wildcard_resource
synthetic_01032,synthetic_01032_path_001,user:User5248,resource:Bucket8107,2,1,1,1,0,0,0,0,0,0,0,0,LOW,0.15,Data Access,read_only_access
synthetic_01033,synthetic_01033_path_001,user:User3813,resource:Bucket8539,2,1,1,1,0,0,0,0,0,0,0,0,LOW,0.15,Data Access,read_only_access
synthetic_01034,synthetic_01034_path_001,user:User6910,role:AdminRole5958,2,2,1,1,1,0,0,0,0,0,0,0,HIGH,0.68,Lateral Movement,pass_role + assume_role_chain
synthetic_01035,synthetic_01035_path_001,user:User3213,resource:Bucket4126,2,1,1,1,0,0,0,0,0,0,0,0,LOW,0.15,Data Access,read_only_access
synthetic_01036,synthetic_01036_path_001,user:User1439,resource:Bucket8882,2,1,1,1,0,1,1,0,0,0,0,1,CRITICAL,0.85,Privilege Escalation,admin_permission
synthetic_01037,synthetic_01037_path_001,user:User9824,resource:Policy2410,2,1,1,1,0,0,0,1,0,0,0,0,CRITICAL,0.85,Privilege Escalation,policy_modification
synthetic_01038,synthetic_01038_path_001,user:User8765,resource:Bucket1357,2,1,1,1,0,1,1,0,0,0,0,0,MEDIUM,0.43,Data Access,wildcard_action + wildcard_resource
synthetic_01039,synthetic_01039_path_001,user:User8295,resource:Bucket8364,4,3,1,1,0,0,1,0,0,0,0,0,HIGH,0.68,Lateral Movement,assume_role_chain + long_privilege_escalation_chain
synthetic_01040,synthetic_01040_path_001,user:User7418,role:AdminRole6469,2,2,1,1,1,0,0,0,0,0,0,0,HIGH,0.68,Lateral Movement,pass_role + assume_role_chain
synthetic_01041,synthetic_01041_path_001,user:User8074,resource:Bucket9121,2,1,1,1,0,0,0,0,0,0,0,0,LOW,0.15,Data Access,read_only_access
synthetic_01042,synthetic_01042_path_001,user:User9410,resource:Bucket4799,2,1,1,1,0,1,1,0,0,0,0,0,MEDIUM,0.43,Data Access,wildcard_action + wildcard_resource
synthetic_01043,synthetic_01043_path_001,user:User2040,role:AdminRole7834,2,2,1,1,1,0,0,0,0,0,0,0,HIGH,0.68,Lateral Movement,pass_role + assume_role_chain
synthetic_01044,synthetic_01044_path_001,user:179576024375,resource:Bucket4802,2,1,1,1,0,1,1,0,1,1,0,0,CRITICAL,0.88,Lateral Movement,external_trust + cross_account
synthetic_01045,synthetic_01045_path_001,user:User8675,resource:Policy5806,2,1,1,1,0,0,0,1,0,0,0,0,CRITICAL,0.85,Privilege Escalation,policy_modification
synthetic_01046,synthetic_01046_path_001,user:User6902,resource:Policy3654,2,1,1,1,0,0,0,1,0,0,0,0,CRITICAL,0.85,Privilege Escalation,policy_modification
synthetic_01047,synthetic_01047_path_001,user:User2412,resource:Bucket4268,4,3,1,1,0,0,1,0,0,0,0,0,HIGH,0.68,Lateral Movement,assume_role_chain + long_privilege_escalation_chain
synthetic_01048,synthetic_01048_path_001,user:partner-9089,resource:Secret4845,2,1,1,1,0,0,0,0,1,0,1,0,CRITICAL,0.85,Data Access,external_trust
synthetic_01049,synthetic_01049_path_001,user:User6878,resource:Bucket6849,2,1,1,1,0,1,1,0,0,0,0,1,CRITICAL,0.85,Privilege Escalation,admin_permission
synthetic_01050,synthetic_01050_path_001,user:User9248,resource:Policy2043,2,1,1,1,0,0,0,1,0,0,0,0,CRITICAL,0.85,Privilege Escalation,policy_modification
synthetic_01051,synthetic_01051_path_001,user:User4714,resource:Bucket4671,2,1,1,1,0,0,0,0,0,0,0,0,LOW,0.15,Data Access,read_only_access
synthetic_01052,synthetic_01052_path_001,user:partner-1764,resource:Secret3476,2,1,1,1,0,0,0,0,1,0,1,0,CRITICAL,0.85,Data Access,external_trust
synthetic_01053,synthetic_01053_path_001,user:771199180812,resource:Bucket4365,2,1,1,1,0,1,1,0,1,1,0,0,CRITICAL,0.88,Lateral Movement,external_trust + cross_account
synthetic_01054,synthetic_01054_path_001,user:User8233,resource:Bucket9165,2,1,1,1,0,1,1,0,0,0,0,0,MEDIUM,0.43,Data Access,wildcard_action + wildcard_resource
synthetic_01055,synthetic_01055_path_001,user:User3257,resource:Bucket4307,2,1,1,1,0,1,1,0,0,0,0,0,MEDIUM,0.43,Data Access,wildcard_action + wildcard_resource
synthetic_01056,synthetic_01056_path_001,user:partner-5019,resource:Secret6592,2,1,1,1,0,0,0,0,1,0,1,0,CRITICAL,0.85,Data Access,external_trust
synthetic_01057,synthetic_01057_path_001,user:User7101,resource:Bucket6908,2,1,1,1,0,0,0,0,0,0,0,0,LOW,0.15,Data Access,read_only_access
synthetic_01058,synthetic_01058_path_001,user:partner-7909,resource:Secret3260,2,1,1,1,0,0,0,0,1,0,1,0,CRITICAL,0.85,Data Access,external_trust
synthetic_01059,synthetic_01059_path_001,user:785072081155,resource:Bucket3692,2,1,1,1,0,1,1,0,1,1,0,0,CRITICAL,0.88,Lateral Movement,external_trust + cross_account
synthetic_01060,synthetic_01060_path_001,user:partner-3473,resource:Secret9516,2,1,1,1,0,0,0,0,1,0,1,0,CRITICAL,0.85,Data Access,external_trust
synthetic_01061,synthetic_01061_path_001,user:User5986,resource:Bucket6638,2,1,1,1,0,1,1,0,0,0,0,0,MEDIUM,0.43,Data Access,wildcard_action + wildcard_resource
synthetic_01062,synthetic_01062_path_001,user:User3406,role:AdminRole8310,2,2,1,1,1,0,0,0,0,0,0,0,HIGH,0.68,Lateral Movement,pass_role + assume_role_chain
synthetic_01063,synthetic_01063_path_001,user:User9919,resource:Table7627,3,2,1,1,0,0,0,0,0,0,0,0,HIGH,0.65,Lateral Movement,assume_role_chain
synthetic_01064,synthetic_01064_path_001,user:partner-5940,resource:Secret1605,2,1,1,1,0,0,0,0,1,0,1,0,CRITICAL,0.85,Data Access,external_trust
synthetic_01065,synthetic_01065_path_001,user:User3064,resource:Bucket4501,4,3,1,1,0,0,1,0,0,0,0,0,HIGH,0.68,Lateral Movement,assume_role_chain + long_privilege_escalation_chain
synthetic_01066,synthetic_01066_path_001,user:User3621,resource:Bucket1456,2,1,1,1,0,1,1,0,0,0,0,0,MEDIUM,0.43,Data Access,wildcard_action + wildcard_resource
synthetic_01067,synthetic_01067_path_001,user:partner-7926,resource:Secret2809,2,1,1,1,0,0,0,0,1,0,1,0,CRITICAL,0.85,Data Access,external_trust
synthetic_01068,synthetic_01068_path_001,user:User9314,resource:Bucket3028,2,1,1,1,0,1,1,0,0,0,0,0,MEDIUM,0.43,Data Access,wildcard_action + wildcard_resource
synthetic_01069,synthetic_01069_path_001,user:User1085,resource:Bucket6553,2,1,1,1,0,1,1,0,0,0,0,0,MEDIUM,0.43,Data Access,wildcard_action + wildcard_resource
synthetic_01070,synthetic_01070_path_001,user:User3293,resource:Bucket9514,2,1,1,1,0,1,1,0,0,0,0,0,MEDIUM,0.43,Data Access,wildcard_action + wildcard_resource
synthetic_01071,synthetic_01071_path_001,user:User4154,role:AdminRole8443,2,2,1,1,1,0,0,0,0,0,0,0,HIGH,0.68,Lateral Movement,pass_role + assume_role_chain
synthetic_01072,synthetic_01072_path_001,user:User7974,resource:Bucket2342,2,1,1,1,0,0,0,0,0,0,0,0,LOW,0.15,Data Access,read_only_access
synthetic_01073,synthetic_01073_path_001,user:737158698864,resource:Bucket7937,2,1,1,1,0,1,1,0,1,1,0,0,CRITICAL,0.88,Lateral Movement,external_trust + cross_account
synthetic_01074,synthetic_01074_path_001,user:User3668,resource:Bucket9286,2,1,1,1,0,1,1,0,0,0,0,1,CRITICAL,0.85,Privilege Escalation,admin_permission
synthetic_01075,synthetic_01075_path_001,user:User9408,resource:Bucket2934,2,1,1,1,0,1,1,0,0,0,0,0,MEDIUM,0.43,Data Access,wildcard_action + wildcard_resource
synthetic_01076,synthetic_01076_path_001,user:User3569,resource:Bucket2945,2,1,1,1,0,0,0,0,0,0,0,0,LOW,0.15,Data Access,read_only_access
synthetic_01077,synthetic_01077_path_001,user:User5744,resource:Bucket9565,2,1,1,1,0,1,1,0,0,0,0,0,MEDIUM,0.43,Data Access,wildcard_action + wildcard_resource
synthetic_01078,synthetic_01078_path_001,user:User7135,resource:Bucket5816,2,1,1,1,0,1,1,0,0,0,0,0,MEDIUM,0.43,Data Access,wildcard_action + wildcard_resource
synthetic_01079,synthetic_01079_path_001,user:User7910,resource:Bucket5999,2,1,1,1,0,0,0,0,0,0,0,0,LOW,0.15,Data Access,read_only_access
synthetic_01080,synthetic_01080_path_001,user:User9008,resource:Policy3004,2,1,1,1,0,0,0,1,0,0,0,0,CRITICAL,0.85,Privilege Escalation,policy_modification
synthetic_01081,synthetic_01081_path_001,user:User7841,resource:Policy6074,2,1,1,1,0,0,0,1,0,0,0,0,CRITICAL,0.85,Privilege Escalation,policy_modification
synthetic_01082,synthetic_01082_path_001,user:partner-8786,resource:Secret3269,2,1,1,1,0,0,0,0,1,0,1,0,CRITICAL,0.85,Data Access,external_trust
synthetic_01083,synthetic_01083_path_001,user:User3440,resource:Table7711,3,2,1,1,0,0,0,0,0,0,0,0,HIGH,0.65,Lateral Movement,assume_role_chain
synthetic_01084,synthetic_01084_path_001,user:User7478,resource:Bucket9863,2,1,1,1,0,1,1,0,0,0,0,0,MEDIUM,0.43,Data Access,wildcard_action + wildcard_resource
synthetic_01085,synthetic_01085_path_001,user:User2450,resource:Bucket1406,2,1,1,1,0,1,1,0,0,0,0,0,MEDIUM,0.43,Data Access,wildcard_action + wildcard_resource
synthetic_01086,synthetic_01086_path_001,user:User4152,role:AdminRole1866,2,2,1,1,1,0,0,0,0,0,0,0,HIGH,0.68,Lateral Movement,pass_role + assume_role_chain
synthetic_01087,synthetic_01087_path_001,user:User9548,resource:Bucket8796,2,1,1,1,0,1,1,0,0,0,0,1,CRITICAL,0.85,Privilege Escalation,admin_permission
synthetic_01088,synthetic_01088_path_001,user:204339718956,resource:Bucket9052,2,1,1,1,0,1,1,0,1,1,0,0,CRITICAL,0.88,Lateral Movement,external_trust + cross_account
synthetic_01089,synthetic_01089_path_001,user:User1394,resource:Bucket6199,2,1,1,1,0,0,0,0,0,0,0,0,LOW,0.15,Data Access,read_only_access
synthetic_01090,synthetic_01090_path_001,user:User2627,resource:Bucket3755,2,1,1,1,0,0,0,0,0,0,0,0,LOW,0.15,Data Access,read_only_access
synthetic_01091,synthetic_01091_path_001,user:User2468,resource:Bucket6026,2,1,1,1,0,1,1,0,0,0,0,0,MEDIUM,0.43,Data Access,wildcard_action + wildcard_resource
synthetic_01092,synthetic_01092_path_001,user:User6329,role:AdminRole1445,2,2,1,1,1,0,0,0,0,0,0,0,HIGH,0.68,Lateral Movement,pass_role + assume_role_chain
synthetic_01093,synthetic_01093_path_001,user:User5882,resource:Bucket3334,4,3,1,1,0,0,1,0,0,0,0,0,HIGH,0.68,Lateral Movement,assume_role_chain + long_privilege_escalation_chain
synthetic_01094,synthetic_01094_path_001,user:User2981,resource:Bucket4318,2,1,1,1,0,1,1,0,0,0,0,0,MEDIUM,0.43,Data Access,wildcard_action + wildcard_resource
synthetic_01095,synthetic_01095_path_001,user:User9264,role:AdminRole2885,2,2,1,1,1,0,0,0,0,0,0,0,HIGH,0.68,Lateral Movement,pass_role + assume_role_chain
synthetic_01096,synthetic_01096_path_001,user:User6215,resource:Bucket7669,2,1,1,1,0,1,1,0,0,0,0,0,MEDIUM,0.43,Data Access,wildcard_action + wildcard_resource
synthetic_01097,synthetic_01097_path_001,user:User4829,resource:Bucket5409,2,1,1,1,0,1,1,0,0,0,0,0,MEDIUM,0.43,Data Access,wildcard_action + wildcard_resource
synthetic_01098,synthetic_01098_path_001,user:User3057,role:AdminRole7664,2,2,1,1,1,0,0,0,0,0,0,0,HIGH,0.68,Lateral Movement,pass_role + assume_role_chain
synthetic_01099,synthetic_01099_path_001,user:User9199,resource:Bucket3332,2,1,1,1,0,1,1,0,0,0,0,0,MEDIUM,0.43,Data Access,wildcard_action + wildcard_resource
synthetic_01100,synthetic_01100_path_001,user:User7942,resource:Bucket1684,2,1,1,1,0,0,0,0,0,0,0,0,LOW,0.15,Data Access,read_only_access
synthetic_01101,synthetic_01101_path_001,user:User3742,role:AdminRole1985,2,2,1,1,1,0,0,0,0,0,0,0,HIGH,0.68,Lateral Movement,pass_role + assume_role_chain
synthetic_01102,synthetic_01102_path_001,user:749465398402,resource:Bucket2145,2,1,1,1,0,1,1,0,1,1,0,0,CRITICAL,0.88,Lateral Movement,external_trust + cross_account
synthetic_01103,synthetic_01103_path_001,user:User3288,resource:Bucket9270,4,3,1,1,0,0,1,0,0,0,0,0,HIGH,0.68,Lateral Movement,assume_role_chain + long_privilege_escalation_chain
synthetic_01104,synthetic_01104_path_001,user:User8417,resource:Bucket5029,2,1,1,1,0,1,1,0,0,0,0,0,MEDIUM,0.43,Data Access,wildcard_action + wildcard_resource
synthetic_01105,synthetic_01105_path_001,user:User6381,resource:Bucket3190,2,1,1,1,0,1,1,0,0,0,0,0,MEDIUM,0.43,Data Access,wildcard_action + wildcard_resource
synthetic_01106,synthetic_01106_path_001,user:268768118071,resource:Bucket7166,2,1,1,1,0,1,1,0,1,1,0,0,CRITICAL,0.88,Lateral Movement,external_trust + cross_account
synthetic_01107,synthetic_01107_path_001,user:User1138,resource:Policy8580,2,1,1,1,0,0,0,1,0,0,0,0,CRITICAL,0.85,Privilege Escalation,policy_modification
synthetic_01108,synthetic_01108_path_001,user:User4629,resource:Bucket5606,2,1,1,1,0,1,1,0,0,0,0,0,MEDIUM,0.43,Data Access,wildcard_action + wildcard_resource
synthetic_01109,synthetic_01109_path_001,user:User5967,resource:Policy4838,2,1,1,1,0,0,0,1,0,0,0,0,CRITICAL,0.85,Privilege Escalation,policy_modification
synthetic_01110,synthetic_01110_path_001,user:User9074,resource:Bucket1116,2,1,1,1,0,0,0,0,0,0,0,0,LOW,0.15,Data Access,read_only_access
synthetic_01111,synthetic_01111_path_001,user:User9197,resource:Policy3793,2,1,1,1,0,0,0,1,0,0,0,0,CRITICAL,0.85,Privilege Escalation,policy_modification
synthetic_01112,synthetic_01112_path_001,user:User3875,resource:Bucket3087,4,3,1,1,0,0,1,0,0,0,0,0,HIGH,0.68,Lateral Movement,assume_role_chain + long_privilege_escalation_chain
synthetic_01113,synthetic_01113_path_001,user:User5494,resource:Bucket5143,4,3,1,1,0,0,1,0,0,0,0,0,HIGH,0.68,Lateral Movement,assume_role_chain + long_privilege_escalation_chain
synthetic_01114,synthetic_01114_path_001,user:User1849,resource:Table7666,3,2,1,1,0,0,0,0,0,0,0,0,HIGH,0.65,Lateral Movement,assume_role_chain
synthetic_01115,synthetic_01115_path_001,user:User9491,resource:Bucket9119,2,1,1,1,0,1,1,0,0,0,0,0,MEDIUM,0.43,Data Access,wildcard_action + wildcard_resource
synthetic_01116,synthetic_01116_path_001,user:User5553,resource:Bucket9723,2,1,1,1,0,0,0,0,0,0,0,0,LOW,0.15,Data Access,read_only_access
synthetic_01117,synthetic_01117_path_001,user:User6483,resource:Bucket1415,2,1,1,1,0,1,1,0,0,0,0,0,MEDIUM,0.43,Data Access,wildcard_action + wildcard_resource
synthetic_01118,synthetic_01118_path_001,user:325411076095,resource:Bucket5049,2,1,1,1,0,1,1,0,1,1,0,0,CRITICAL,0.88,Lateral Movement,external_trust + cross_account
synthetic_01119,synthetic_01119_path_001,user:User1891,resource:Bucket9514,2,1,1,1,0,1,1,0,0,0,0,1,CRITICAL,0.85,Privilege Escalation,admin_permission
synthetic_01120,synthetic_01120_path_001,user:User8184,role:AdminRole8314,2,2,1,1,1,0,0,0,0,0,0,0,HIGH,0.68,Lateral Movement,pass_role + assume_role_chain
synthetic_01121,synthetic_01121_path_001,user:User2401,role:AdminRole1546,2,2,1,1,1,0,0,0,0,0,0,0,HIGH,0.68,Lateral Movement,pass_role + assume_role_chain
synthetic_01122,synthetic_01122_path_001,user:User2065,resource:Bucket2015,2,1,1,1,0,1,1,0,0,0,0,0,MEDIUM,0.43,Data Access,wildcard_action + wildcard_resource
synthetic_01123,synthetic_01123_path_001,user:User8075,role:AdminRole2668,2,2,1,1,1,0,0,0,0,0,0,0,HIGH,0.68,Lateral Movement,pass_role + assume_role_chain
synthetic_01124,synthetic_01124_path_001,user:User1855,resource:Table7581,3,2,1,1,0,0,0,0,0,0,0,0,HIGH,0.65,Lateral Movement,assume_role_chain
synthetic_01125,synthetic_01125_path_001,user:User7735,resource:Bucket1173,2,1,1,1,0,0,0,0,0,0,0,0,LOW,0.15,Data Access,read_only_access
synthetic_01126,synthetic_01126_path_001,user:partner-2659,resource:Secret1425,2,1,1,1,0,0,0,0,1,0,1,0,CRITICAL,0.85,Data Access,external_trust
synthetic_01127,synthetic_01127_path_001,user:User2769,role:AdminRole1201,2,2,1,1,1,0,0,0,0,0,0,0,HIGH,0.68,Lateral Movement,pass_role + assume_role_chain
synthetic_01128,synthetic_01128_path_001,user:User2106,role:AdminRole3064,2,2,1,1,1,0,0,0,0,0,0,0,HIGH,0.68,Lateral Movement,pass_role + assume_role_chain
synthetic_01129,synthetic_01129_path_001,user:User5198,resource:Table8887,3,2,1,1,0,0,0,0,0,0,0,0,HIGH,0.65,Lateral Movement,assume_role_chain
synthetic_01130,synthetic_01130_path_001,user:User8284,resource:Bucket1722,4,3,1,1,0,0,1,0,0,0,0,0,HIGH,0.68,Lateral Movement,assume_role_chain + long_privilege_escalation_chain
synthetic_01131,synthetic_01131_path_001,user:User9407,role:AdminRole6098,2,2,1,1,1,0,0,0,0,0,0,0,HIGH,0.68,Lateral Movement,pass_role + assume_role_chain
synthetic_01132,synthetic_01132_path_001,user:User9866,role:AdminRole3415,2,2,1,1,1,0,0,0,0,0,0,0,HIGH,0.68,Lateral Movement,pass_role + assume_role_chain
synthetic_01133,synthetic_01133_path_001,user:User6618,resource:Bucket7042,2,1,1,1,0,1,1,0,0,0,0,0,MEDIUM,0.43,Data Access,wildcard_action + wildcard_resource
synthetic_01134,synthetic_01134_path_001,user:User1894,resource:Bucket6633,2,1,1,1,0,0,0,0,0,0,0,0,LOW,0.15,Data Access,read_only_access
synthetic_01135,synthetic_01135_path_001,user:153779599594,resource:Bucket6384,2,1,1,1,0,1,1,0,1,1,0,0,CRITICAL,0.88,Lateral Movement,external_trust + cross_account
synthetic_01136,synthetic_01136_path_001,user:073033793375,resource:Bucket4363,2,1,1,1,0,1,1,0,1,1,0,0,CRITICAL,0.88,Lateral Movement,external_trust + cross_account
synthetic_01137,synthetic_01137_path_001,user:User6944,resource:Bucket2208,2,1,1,1,0,1,1,0,0,0,0,1,CRITICAL,0.85,Privilege Escalation,admin_permission
synthetic_01138,synthetic_01138_path_001,user:User5760,resource:Bucket4185,2,1,1,1,0,0,0,0,0,0,0,0,LOW,0.15,Data Access,read_only_access
synthetic_01139,synthetic_01139_path_001,user:User5654,resource:Bucket4587,2,1,1,1,0,0,0,0,0,0,0,0,LOW,0.15,Data Access,read_only_access
synthetic_01140,synthetic_01140_path_001,user:User5029,resource:Policy4211,2,1,1,1,0,0,0,1,0,0,0,0,CRITICAL,0.85,Privilege Escalation,policy_modification
synthetic_01141,synthetic_01141_path_001,user:User2657,resource:Policy3248,2,1,1,1,0,0,0,1,0,0,0,0,CRITICAL,0.85,Privilege Escalation,policy_modification
synthetic_01142,synthetic_01142_path_001,user:partner-2818,resource:Secret4444,2,1,1,1,0,0,0,0,1,0,1,0,CRITICAL,0.85,Data Access,external_trust
synthetic_01143,synthetic_01143_path_001,user:User7100,resource:Bucket9633,2,1,1,1,0,0,0,0,0,0,0,0,LOW,0.15,Data Access,read_only_access
synthetic_01144,synthetic_01144_path_001,user:User3142,resource:Bucket4140,2,1,1,1,0,0,0,0,0,0,0,0,LOW,0.15,Data Access,read_only_access
synthetic_01145,synthetic_01145_path_001,user:User5006,role:AdminRole4098,2,2,1,1,1,0,0,0,0,0,0,0,HIGH,0.68,Lateral Movement,pass_role + assume_role_chain
synthetic_01146,synthetic_01146_path_001,user:User5819,resource:Policy6368,2,1,1,1,0,0,0,1,0,0,0,0,CRITICAL,0.85,Privilege Escalation,policy_modification
synthetic_01147,synthetic_01147_path_001,user:User5588,resource:Table9011,3,2,1,1,0,0,0,0,0,0,0,0,HIGH,0.65,Lateral Movement,assume_role_chain
synthetic_01148,synthetic_01148_path_001,user:User2333,resource:Bucket2062,2,1,1,1,0,0,0,0,0,0,0,0,LOW,0.15,Data Access,read_only_access
synthetic_01149,synthetic_01149_path_001,user:857872558777,resource:Bucket7569,2,1,1,1,0,1,1,0,1,1,0,0,CRITICAL,0.88,Lateral Movement,external_trust + cross_account
synthetic_01150,synthetic_01150_path_001,user:736346692548,resource:Bucket3200,2,1,1,1,0,1,1,0,1,1,0,0,CRITICAL,0.88,Lateral Movement,external_trust + cross_account
synthetic_01151,synthetic_01151_path_001,user:User4771,role:AdminRole8622,2,2,1,1,1,0,0,0,0,0,0,0,HIGH,0.68,Lateral Movement,pass_role + assume_role_chain
synthetic_01152,synthetic_01152_path_001,user:User6511,role:AdminRole8391,2,2,1,1,1,0,0,0,0,0,0,0,HIGH,0.68,Lateral Movement,pass_role + assume_role_chain
synthetic_01153,synthetic_01153_path_001,user:User7700,resource:Bucket9151,2,1,1,1,0,1,1,0,0,0,0,0,MEDIUM,0.43,Data Access,wildcard_action + wildcard_resource
synthetic_01154,synthetic_01154_path_001,user:User8236,resource:Bucket5351,2,1,1,1,0,0,0,0,0,0,0,0,LOW,0.15,Data Access,read_only_access
synthetic_01155,synthetic_01155_path_001,user:User9220,resource:Bucket9956,2,1,1,1,0,1,1,0,0,0,0,0,MEDIUM,0.43,Data Access,wildcard_action + wildcard_resource
synthetic_01156,synthetic_01156_path_001,user:User2168,resource:Bucket1627,2,1,1,1,0,0,0,0,0,0,0,0,LOW,0.15,Data Access,read_only_access
synthetic_01157,synthetic_01157_path_001,user:User5096,resource:Table4123,3,2,1,1,0,0,0,0,0,0,0,0,HIGH,0.65,Lateral Movement,assume_role_chain
synthetic_01158,synthetic_01158_path_001,user:User3258,resource:Bucket5906,4,3,1,1,0,0,1,0,0,0,0,0,HIGH,0.68,Lateral Movement,assume_role_chain + long_privilege_escalation_chain
synthetic_01159,synthetic_01159_path_001,user:User7647,resource:Bucket8733,2,1,1,1,0,1,1,0,0,0,0,1,CRITICAL,0.85,Privilege Escalation,admin_permission
synthetic_01160,synthetic_01160_path_001,user:User4438,resource:Bucket4829,2,1,1,1,0,0,0,0,0,0,0,0,LOW,0.15,Data Access,read_only_access
synthetic_01161,synthetic_01161_path_001,user:partner-6129,resource:Secret8025,2,1,1,1,0,0,0,0,1,0,1,0,CRITICAL,0.85,Data Access,external_trust
synthetic_01162,synthetic_01162_path_001,user:User1493,resource:Bucket3276,2,1,1,1,0,1,1,0,0,0,0,0,MEDIUM,0.43,Data Access,wildcard_action + wildcard_resource
synthetic_01163,synthetic_01163_path_001,user:User6810,resource:Bucket4694,2,1,1,1,0,0,0,0,0,0,0,0,LOW,0.15,Data Access,read_only_access
synthetic_01164,synthetic_01164_path_001,user:partner-9808,resource:Secret6342,2,1,1,1,0,0,0,0,1,0,1,0,CRITICAL,0.85,Data Access,external_trust
synthetic_01165,synthetic_01165_path_001,user:259999663618,resource:Bucket4085,2,1,1,1,0,1,1,0,1,1,0,0,CRITICAL,0.88,Lateral Movement,external_trust + cross_account
synthetic_01166,synthetic_01166_path_001,user:User8397,role:AdminRole2527,2,2,1,1,1,0,0,0,0,0,0,0,HIGH,0.68,Lateral Movement,pass_role + assume_role_chain
synthetic_01167,synthetic_01167_path_001,user:User3910,resource:Bucket9005,2,1,1,1,0,0,0,0,0,0,0,0,LOW,0.15,Data Access,read_only_access
synthetic_01168,synthetic_01168_path_001,user:User7322,resource:Bucket4373,2,1,1,1,0,0,0,0,0,0,0,0,LOW,0.15,Data Access,read_only_access
synthetic_01169,synthetic_01169_path_001,user:User8449,role:AdminRole7039,2,2,1,1,1,0,0,0,0,0,0,0,HIGH,0.68,Lateral Movement,pass_role + assume_role_chain
synthetic_01170,synthetic_01170_path_001,user:User3815,role:AdminRole7731,2,2,1,1,1,0,0,0,0,0,0,0,HIGH,0.68,Lateral Movement,pass_role + assume_role_chain
synthetic_01171,synthetic_01171_path_001,user:User2814,resource:Bucket9789,2,1,1,1,0,1,1,0,0,0,0,0,MEDIUM,0.43,Data Access,wildcard_action + wildcard_resource
synthetic_01172,synthetic_01172_path_001,user:User4382,resource:Bucket4369,2,1,1,1,0,0,0,0,0,0,0,0,LOW,0.15,Data Access,read_only_access
synthetic_01173,synthetic_01173_path_001,user:User8778,resource:Bucket9232,4,3,1,1,0,0,1,0,0,0,0,0,HIGH,0.68,Lateral Movement,assume_role_chain + long_privilege_escalation_chain
synthetic_01174,synthetic_01174_path_001,user:User3337,resource:Bucket2048,2,1,1,1,0,0,0,0,0,0,0,0,LOW,0.15,Data Access,read_only_access
synthetic_01175,synthetic_01175_path_001,user:User9043,resource:Bucket8580,2,1,1,1,0,1,1,0,0,0,0,0,MEDIUM,0.43,Data Access,wildcard_action + wildcard_resource
synthetic_01176,synthetic_01176_path_001,user:User8476,resource:Table7407,3,2,1,1,0,0,0,0,0,0,0,0,HIGH,0.65,Lateral Movement,assume_role_chain
synthetic_01177,synthetic_01177_path_001,user:User3869,role:AdminRole5081,2,2,1,1,1,0,0,0,0,0,0,0,HIGH,0.68,Lateral Movement,pass_role + assume_role_chain
synthetic_01178,synthetic_01178_path_001,user:User8079,resource:Bucket7302,2,1,1,1,0,0,0,0,0,0,0,0,LOW,0.15,Data Access,read_only_access
synthetic_01179,synthetic_01179_path_001,user:User1715,resource:Bucket9810,4,3,1,1,0,0,1,0,0,0,0,0,HIGH,0.68,Lateral Movement,assume_role_chain + long_privilege_escalation_chain
synthetic_01180,synthetic_01180_path_001,user:User4559,resource:Bucket7041,4,3,1,1,0,0,1,0,0,0,0,0,HIGH,0.68,Lateral Movement,assume_role_chain + long_privilege_escalation_chain
synthetic_01181,synthetic_01181_path_001,user:partner-6341,resource:Secret8388,2,1,1,1,0,0,0,0,1,0,1,0,CRITICAL,0.85,Data Access,external_trust
synthetic_01182,synthetic_01182_path_001,user:User1731,resource:Bucket1437,2,1,1,1,0,0,0,0,0,0,0,0,LOW,0.15,Data Access,read_only_access
synthetic_01183,synthetic_01183_path_001,user:User7542,resource:Bucket7499,2,1,1,1,0,1,1,0,0,0,0,0,MEDIUM,0.43,Data Access,wildcard_action + wildcard_resource
synthetic_01184,synthetic_01184_path_001,user:User3236,resource:Bucket8606,2,1,1,1,0,0,0,0,0,0,0,0,LOW,0.15,Data Access,read_only_access
synthetic_01185,synthetic_01185_path_001,user:User4969,resource:Bucket3297,2,1,1,1,0,0,0,0,0,0,0,0,LOW,0.15,Data Access,read_only_access
synthetic_01186,synthetic_01186_path_001,user:User1295,resource:Bucket3903,2,1,1,1,0,0,0,0,0,0,0,0,LOW,0.15,Data Access,read_only_access
synthetic_01187,synthetic_01187_path_001,user:User3759,resource:Bucket3514,4,3,1,1,0,0,1,0,0,0,0,0,HIGH,0.68,Lateral Movement,assume_role_chain + long_privilege_escalation_chain
synthetic_01188,synthetic_01188_path_001,user:User1564,resource:Bucket4541,2,1,1,1,0,0,0,0,0,0,0,0,LOW,0.15,Data Access,read_only_access
synthetic_01189,synthetic_01189_path_001,user:User9566,resource:Table6051,3,2,1,1,0,0,0,0,0,0,0,0,HIGH,0.65,Lateral Movement,assume_role_chain
synthetic_01190,synthetic_01190_path_001,user:User1076,resource:Bucket7183,2,1,1,1,0,1,1,0,0,0,0,0,MEDIUM,0.43,Data Access,wildcard_action + wildcard_resource
synthetic_01191,synthetic_01191_path_001,user:310600531312,resource:Bucket1721,2,1,1,1,0,1,1,0,1,1,0,0,CRITICAL,0.88,Lateral Movement,external_trust + cross_account
synthetic_01192,synthetic_01192_path_001,user:User4105,resource:Bucket9875,2,1,1,1,0,1,1,0,0,0,0,0,MEDIUM,0.43,Data Access,wildcard_action + wildcard_resource
synthetic_01193,synthetic_01193_path_001,user:User2734,resource:Bucket6298,2,1,1,1,0,0,0,0,0,0,0,0,LOW,0.15,Data Access,read_only_access
synthetic_01194,synthetic_01194_path_001,user:User1196,resource:Table8516,3,2,1,1,0,0,0,0,0,0,0,0,HIGH,0.65,Lateral Movement,assume_role_chain
synthetic_01195,synthetic_01195_path_001,user:User5562,resource:Bucket1719,2,1,1,1,0,0,0,0,0,0,0,0,LOW,0.15,Data Access,read_only_access
synthetic_01196,synthetic_01196_path_001,user:User9185,resource:Bucket9784,2,1,1,1,0,1,1,0,0,0,0,0,MEDIUM,0.43,Data Access,wildcard_action + wildcard_resource
synthetic_01197,synthetic_01197_path_001,user:User7366,role:AdminRole6440,2,2,1,1,1,0,0,0,0,0,0,0,HIGH,0.68,Lateral Movement,pass_role + assume_role_chain
synthetic_01198,synthetic_01198_path_001,user:User6209,resource:Bucket2106,2,1,1,1,0,0,0,0,0,0,0,0,LOW,0.15,Data Access,read_only_access
synthetic_01199,synthetic_01199_path_001,user:768389030914,resource:Bucket8020,2,1,1,1,0,1,1,0,1,1,0,0,CRITICAL,0.88,Lateral Movement,external_trust + cross_account
synthetic_01200,synthetic_01200_path_001,user:User9171,resource:Bucket4309,2,1,1,1,0,0,0,0,0,0,0,0,LOW,0.15,Data Access,read_only_access
synthetic_01201,synthetic_01201_path_001,user:User4900,resource:Table3199,3,2,1,1,0,0,0,0,0,0,0,0,HIGH,0.65,Lateral Movement,assume_role_chain
synthetic_01202,synthetic_01202_path_001,user:User1648,resource:Bucket7797,2,1,1,1,0,1,1,0,0,0,0,0,MEDIUM,0.43,Data Access,wildcard_action + wildcard_resource
synthetic_01203,synthetic_01203_path_001,user:User6427,resource:Policy4969,2,1,1,1,0,0,0,1,0,0,0,0,CRITICAL,0.85,Privilege Escalation,policy_modification
synthetic_01204,synthetic_01204_path_001,user:User5068,resource:Bucket7250,2,1,1,1,0,0,0,0,0,0,0,0,LOW,0.15,Data Access,read_only_access
synthetic_01205,synthetic_01205_path_001,user:User2058,resource:Table4153,3,2,1,1,0,0,0,0,0,0,0,0,HIGH,0.65,Lateral Movement,assume_role_chain
synthetic_01206,synthetic_01206_path_001,user:User3318,resource:Bucket3057,2,1,1,1,0,0,0,0,0,0,0,0,LOW,0.15,Data Access,read_only_access
synthetic_01207,synthetic_01207_path_001,user:User4348,role:AdminRole9313,2,2,1,1,1,0,0,0,0,0,0,0,HIGH,0.68,Lateral Movement,pass_role + assume_role_chain
synthetic_01208,synthetic_01208_path_001,user:User8652,resource:Bucket3689,2,1,1,1,0,0,0,0,0,0,0,0,LOW,0.15,Data Access,read_only_access
synthetic_01209,synthetic_01209_path_001,user:User5079,resource:Bucket5675,2,1,1,1,0,0,0,0,0,0,0,0,LOW,0.15,Data Access,read_only_access
synthetic_01210,synthetic_01210_path_001,user:User8883,resource:Policy6891,2,1,1,1,0,0,0,1,0,0,0,0,CRITICAL,0.85,Privilege Escalation,policy_modification
synthetic_01211,synthetic_01211_path_001,user:User8231,resource:Bucket9278,2,1,1,1,0,0,0,0,0,0,0,0,LOW,0.15,Data Access,read_only_access
synthetic_01212,synthetic_01212_path_001,user:User8897,resource:Bucket7249,2,1,1,1,0,1,1,0,0,0,0,1,CRITICAL,0.85,Privilege Escalation,admin_permission
synthetic_01213,synthetic_01213_path_001,user:498282467474,resource:Bucket8878,2,1,1,1,0,1,1,0,1,1,0,0,CRITICAL,0.88,Lateral Movement,external_trust + cross_account
synthetic_01214,synthetic_01214_path_001,user:User4206,resource:Bucket1210,4,3,1,1,0,0,1,0,0,0,0,0,HIGH,0.68,Lateral Movement,assume_role_chain + long_privilege_escalation_chain
synthetic_01215,synthetic_01215_path_001,user:656749160169,resource:Bucket4182,2,1,1,1,0,1,1,0,1,1,0,0,CRITICAL,0.88,Lateral Movement,external_trust + cross_account
synthetic_01216,synthetic_01216_path_001,user:587506633705,resource:Bucket3422,2,1,1,1,0,1,1,0,1,1,0,0,CRITICAL,0.88,Lateral Movement,external_trust + cross_account
synthetic_01217,synthetic_01217_path_001,user:User5053,resource:Bucket1202,2,1,1,1,0,0,0,0,0,0,0,0,LOW,0.15,Data Access,read_only_access
synthetic_01218,synthetic_01218_path_001,user:User7297,resource:Bucket4093,4,3,1,1,0,0,1,0,0,0,0,0,HIGH,0.68,Lateral Movement,assume_role_chain + long_privilege_escalation_chain
synthetic_01219,synthetic_01219_path_001,user:User5951,resource:Bucket9735,2,1,1,1,0,1,1,0,0,0,0,0,MEDIUM,0.43,Data Access,wildcard_action + wildcard_resource
synthetic_01220,synthetic_01220_path_001,user:User2456,resource:Bucket6642,2,1,1,1,0,1,1,0,0,0,0,0,MEDIUM,0.43,Data Access,wildcard_action + wildcard_resource
synthetic_01221,synthetic_01221_path_001,user:User7520,resource:Bucket1105,2,1,1,1,0,0,0,0,0,0,0,0,LOW,0.15,Data Access,read_only_access
synthetic_01222,synthetic_01222_path_001,user:User7845,resource:Bucket7829,2,1,1,1,0,0,0,0,0,0,0,0,LOW,0.15,Data Access,read_only_access
synthetic_01223,synthetic_01223_path_001,user:User4053,resource:Bucket4244,2,1,1,1,0,0,0,0,0,0,0,0,LOW,0.15,Data Access,read_only_access
synthetic_01224,synthetic_01224_path_001,user:User8383,resource:Bucket4041,2,1,1,1,0,1,1,0,0,0,0,1,CRITICAL,0.85,Privilege Escalation,admin_permission
synthetic_01225,synthetic_01225_path_001,user:User4143,resource:Bucket7697,2,1,1,1,0,0,0,0,0,0,0,0,LOW,0.15,Data Access,read_only_access
synthetic_01226,synthetic_01226_path_001,user:User2307,resource:Table7188,3,2,1,1,0,0,0,0,0,0,0,0,HIGH,0.65,Lateral Movement,assume_role_chain
synthetic_01227,synthetic_01227_path_001,user:User2052,resource:Bucket1486,2,1,1,1,0,0,0,0,0,0,0,0,LOW,0.15,Data Access,read_only_access
synthetic_01228,synthetic_01228_path_001,user:User2651,resource:Table5359,3,2,1,1,0,0,0,0,0,0,0,0,HIGH,0.65,Lateral Movement,assume_role_chain
synthetic_01229,synthetic_01229_path_001,user:partner-1118,resource:Secret2586,2,1,1,1,0,0,0,0,1,0,1,0,CRITICAL,0.85,Data Access,external_trust
synthetic_01230,synthetic_01230_path_001,user:User9520,resource:Bucket8961,2,1,1,1,0,1,1,0,0,0,0,0,MEDIUM,0.43,Data Access,wildcard_action + wildcard_resource
synthetic_01231,synthetic_01231_path_001,user:User7074,resource:Bucket6164,2,1,1,1,0,1,1,0,0,0,0,0,MEDIUM,0.43,Data Access,wildcard_action + wildcard_resource
synthetic_01232,synthetic_01232_path_001,user:User1937,resource:Bucket6410,2,1,1,1,0,1,1,0,0,0,0,0,MEDIUM,0.43,Data Access,wildcard_action + wildcard_resource
synthetic_01233,synthetic_01233_path_001,user:User7583,resource:Policy1420,2,1,1,1,0,0,0,1,0,0,0,0,CRITICAL,0.85,Privilege Escalation,policy_modification
synthetic_01234,synthetic_01234_path_001,user:User5072,role:AdminRole8404,2,2,1,1,1,0,0,0,0,0,0,0,HIGH,0.68,Lateral Movement,pass_role + assume_role_chain
synthetic_01235,synthetic_01235_path_001,user:User8785,role:AdminRole7768,2,2,1,1,1,0,0,0,0,0,0,0,HIGH,0.68,Lateral Movement,pass_role + assume_role_chain
synthetic_01236,synthetic_01236_path_001,user:User1051,resource:Table6901,3,2,1,1,0,0,0,0,0,0,0,0,HIGH,0.65,Lateral Movement,assume_role_chain
synthetic_01237,synthetic_01237_path_001,user:User6333,resource:Policy4826,2,1,1,1,0,0,0,1,0,0,0,0,CRITICAL,0.85,Privilege Escalation,policy_modification
synthetic_01238,synthetic_01238_path_001,user:User2333,resource:Bucket2645,4,3,1,1,0,0,1,0,0,0,0,0,HIGH,0.68,Lateral Movement,assume_role_chain + long_privilege_escalation_chain
synthetic_01239,synthetic_01239_path_001,user:User3345,resource:Bucket9267,2,1,1,1,0,0,0,0,0,0,0,0,LOW,0.15,Data Access,read_only_access
synthetic_01240,synthetic_01240_path_001,user:partner-5937,resource:Secret8648,2,1,1,1,0,0,0,0,1,0,1,0,CRITICAL,0.85,Data Access,external_trust
synthetic_01241,synthetic_01241_path_001,user:User8899,resource:Bucket4946,2,1,1,1,0,1,1,0,0,0,0,1,CRITICAL,0.85,Privilege Escalation,admin_permission
synthetic_01242,synthetic_01242_path_001,user:partner-2465,resource:Secret8125,2,1,1,1,0,0,0,0,1,0,1,0,CRITICAL,0.85,Data Access,external_trust
synthetic_01243,synthetic_01243_path_001,user:564347128715,resource:Bucket2059,2,1,1,1,0,1,1,0,1,1,0,0,CRITICAL,0.88,Lateral Movement,external_trust + cross_account
synthetic_01244,synthetic_01244_path_001,user:User7252,resource:Bucket5244,4,3,1,1,0,0,1,0,0,0,0,0,HIGH,0.68,Lateral Movement,assume_role_chain + long_privilege_escalation_chain
synthetic_01245,synthetic_01245_path_001,user:User6574,resource:Bucket2902,2,1,1,1,0,0,0,0,0,0,0,0,LOW,0.15,Data Access,read_only_access
synthetic_01246,synthetic_01246_path_001,user:User7229,resource:Bucket6092,2,1,1,1,0,1,1,0,0,0,0,0,MEDIUM,0.43,Data Access,wildcard_action + wildcard_resource
synthetic_01247,synthetic_01247_path_001,user:User7941,resource:Bucket6980,2,1,1,1,0,1,1,0,0,0,0,0,MEDIUM,0.43,Data Access,wildcard_action + wildcard_resource
synthetic_01248,synthetic_01248_path_001,user:User9819,resource:Bucket6176,2,1,1,1,0,1,1,0,0,0,0,0,MEDIUM,0.43,Data Access,wildcard_action + wildcard_resource
synthetic_01249,synthetic_01249_path_001,user:User8467,resource:Bucket5643,2,1,1,1,0,0,0,0,0,0,0,0,LOW,0.15,Data Access,read_only_access
synthetic_01250,synthetic_01250_path_001,user:User9230,resource:Bucket5480,2,1,1,1,0,1,1,0,0,0,0,0,MEDIUM,0.43,Data Access,wildcard_action + wildcard_resource
synthetic_01251,synthetic_01251_path_001,user:User7171,resource:Bucket6458,2,1,1,1,0,1,1,0,0,0,0,0,MEDIUM,0.43,Data Access,wildcard_action + wildcard_resource
synthetic_01252,synthetic_01252_path_001,user:User4687,resource:Bucket7419,4,3,1,1,0,0,1,0,0,0,0,0,HIGH,0.68,Lateral Movement,assume_role_chain + long_privilege_escalation_chain
synthetic_01253,synthetic_01253_path_001,user:User6528,role:AdminRole8756,2,2,1,1,1,0,0,0,0,0,0,0,HIGH,0.68,Lateral Movement,pass_role + assume_role_chain
synthetic_01254,synthetic_01254_path_001,user:User7412,resource:Bucket2176,2,1,1,1,0,1,1,0,0,0,0,1,CRITICAL,0.85,Privilege Escalation,admin_permission
synthetic_01255,synthetic_01255_path_001,user:861259047292,resource:Bucket8904,2,1,1,1,0,1,1,0,1,1,0,0,CRITICAL,0.88,Lateral Movement,external_trust + cross_account
synthetic_01256,synthetic_01256_path_001,user:User4205,resource:Bucket6934,2,1,1,1,0,0,0,0,0,0,0,0,LOW,0.15,Data Access,read_only_access
synthetic_01257,synthetic_01257_path_001,user:User7997,resource:Bucket1922,2,1,1,1,0,1,1,0,0,0,0,1,CRITICAL,0.85,Privilege Escalation,admin_permission
synthetic_01258,synthetic_01258_path_001,user:User1859,resource:Bucket9444,2,1,1,1,0,0,0,0,0,0,0,0,LOW,0.15,Data Access,read_only_access
synthetic_01259,synthetic_01259_path_001,user:User7619,resource:Table2946,3,2,1,1,0,0,0,0,0,0,0,0,HIGH,0.65,Lateral Movement,assume_role_chain
synthetic_01260,synthetic_01260_path_001,user:User9005,resource:Bucket3826,2,1,1,1,0,0,0,0,0,0,0,0,LOW,0.15,Data Access,read_only_access
synthetic_01261,synthetic_01261_path_001,user:User7260,resource:Bucket8292,2,1,1,1,0,1,1,0,0,0,0,0,MEDIUM,0.43,Data Access,wildcard_action + wildcard_resource
synthetic_01262,synthetic_01262_path_001,user:User2999,resource:Bucket9351,2,1,1,1,0,0,0,0,0,0,0,0,LOW,0.15,Data Access,read_only_access
synthetic_01263,synthetic_01263_path_001,user:User8856,role:AdminRole2549,2,2,1,1,1,0,0,0,0,0,0,0,HIGH,0.68,Lateral Movement,pass_role + assume_role_chain
synthetic_01264,synthetic_01264_path_001,user:partner-3967,resource:Secret8932,2,1,1,1,0,0,0,0,1,0,1,0,CRITICAL,0.85,Data Access,external_trust
synthetic_01265,synthetic_01265_path_001,user:User2629,role:AdminRole2040,2,2,1,1,1,0,0,0,0,0,0,0,HIGH,0.68,Lateral Movement,pass_role + assume_role_chain
synthetic_01266,synthetic_01266_path_001,user:User9806,resource:Bucket7451,4,3,1,1,0,0,1,0,0,0,0,0,HIGH,0.68,Lateral Movement,assume_role_chain + long_privilege_escalation_chain
synthetic_01267,synthetic_01267_path_001,user:User9830,resource:Policy4399,2,1,1,1,0,0,0,1,0,0,0,0,CRITICAL,0.85,Privilege Escalation,policy_modification
synthetic_01268,synthetic_01268_path_001,user:User3948,resource:Policy8327,2,1,1,1,0,0,0,1,0,0,0,0,CRITICAL,0.85,Privilege Escalation,policy_modification
synthetic_01269,synthetic_01269_path_001,user:User4378,resource:Bucket2438,2,1,1,1,0,0,0,0,0,0,0,0,LOW,0.15,Data Access,read_only_access
synthetic_01270,synthetic_01270_path_001,user:User9292,resource:Bucket6956,2,1,1,1,0,1,1,0,0,0,0,1,CRITICAL,0.85,Privilege Escalation,admin_permission
synthetic_01271,synthetic_01271_path_001,user:User5925,resource:Bucket9510,2,1,1,1,0,0,0,0,0,0,0,0,LOW,0.15,Data Access,read_only_access
synthetic_01272,synthetic_01272_path_001,user:User6127,role:AdminRole6769,2,2,1,1,1,0,0,0,0,0,0,0,HIGH,0.68,Lateral Movement,pass_role + assume_role_chain
synthetic_01273,synthetic_01273_path_001,user:User9365,role:AdminRole2622,2,2,1,1,1,0,0,0,0,0,0,0,HIGH,0.68,Lateral Movement,pass_role + assume_role_chain
synthetic_01274,synthetic_01274_path_001,user:User1732,resource:Table4081,3,2,1,1,0,0,0,0,0,0,0,0,HIGH,0.65,Lateral Movement,assume_role_chain
synthetic_01275,synthetic_01275_path_001,user:User4526,resource:Bucket4539,2,1,1,1,0,0,0,0,0,0,0,0,LOW,0.15,Data Access,read_only_access
synthetic_01276,synthetic_01276_path_001,user:User7914,resource:Bucket7255,4,3,1,1,0,0,1,0,0,0,0,0,HIGH,0.68,Lateral Movement,assume_role_chain + long_privilege_escalation_chain
synthetic_01277,synthetic_01277_path_001,user:User5164,resource:Bucket3346,2,1,1,1,0,0,0,0,0,0,0,0,LOW,0.15,Data Access,read_only_access
synthetic_01278,synthetic_01278_path_001,user:User4156,resource:Bucket7876,4,3,1,1,0,0,1,0,0,0,0,0,HIGH,0.68,Lateral Movement,assume_role_chain + long_privilege_escalation_chain
synthetic_01279,synthetic_01279_path_001,user:User1424,resource:Bucket2270,2,1,1,1,0,1,1,0,0,0,0,0,MEDIUM,0.43,Data Access,wildcard_action + wildcard_resource
synthetic_01280,synthetic_01280_path_001,user:User9984,resource:Bucket2080,2,1,1,1,0,0,0,0,0,0,0,0,LOW,0.15,Data Access,read_only_access
synthetic_01281,synthetic_01281_path_001,user:423401636112,resource:Bucket6022,2,1,1,1,0,1,1,0,1,1,0,0,CRITICAL,0.88,Lateral Movement,external_trust + cross_account
synthetic_01282,synthetic_01282_path_001,user:User5620,resource:Bucket2623,2,1,1,1,0,1,1,0,0,0,0,0,MEDIUM,0.43,Data Access,wildcard_action + wildcard_resource
synthetic_01283,synthetic_01283_path_001,user:User7382,resource:Bucket6655,2,1,1,1,0,1,1,0,0,0,0,1,CRITICAL,0.85,Privilege Escalation,admin_permission
synthetic_01284,synthetic_01284_path_001,user:User1155,resource:Bucket3547,2,1,1,1,0,0,0,0,0,0,0,0,LOW,0.15,Data Access,read_only_access
synthetic_01285,synthetic_01285_path_001,user:User5380,role:AdminRole7064,2,2,1,1,1,0,0,0,0,0,0,0,HIGH,0.68,Lateral Movement,pass_role + assume_role_chain
synthetic_01286,synthetic_01286_path_001,user:User5081,resource:Bucket8191,4,3,1,1,0,0,1,0,0,0,0,0,HIGH,0.68,Lateral Movement,assume_role_chain + long_privilege_escalation_chain
synthetic_01287,synthetic_01287_path_001,user:User8008,resource:Bucket4748,2,1,1,1,0,1,1,0,0,0,0,0,MEDIUM,0.43,Data Access,wildcard_action + wildcard_resource
synthetic_01288,synthetic_01288_path_001,user:User6123,resource:Bucket2302,2,1,1,1,0,1,1,0,0,0,0,0,MEDIUM,0.43,Data Access,wildcard_action + wildcard_resource
synthetic_01289,synthetic_01289_path_001,user:User1940,resource:Bucket5683,2,1,1,1,0,0,0,0,0,0,0,0,LOW,0.15,Data Access,read_only_access
synthetic_01290,synthetic_01290_path_001,user:User3235,resource:Table9437,3,2,1,1,0,0,0,0,0,0,0,0,HIGH,0.65,Lateral Movement,assume_role_chain
synthetic_01291,synthetic_01291_path_001,user:User9722,resource:Table1227,3,2,1,1,0,0,0,0,0,0,0,0,HIGH,0.65,Lateral Movement,assume_role_chain
synthetic_01292,synthetic_01292_path_001,user:User1119,role:AdminRole9754,2,2,1,1,1,0,0,0,0,0,0,0,HIGH,0.68,Lateral Movement,pass_role + assume_role_chain
synthetic_01293,synthetic_01293_path_001,user:User5001,resource:Bucket3761,4,3,1,1,0,0,1,0,0,0,0,0,HIGH,0.68,Lateral Movement,assume_role_chain + long_privilege_escalation_chain
synthetic_01294,synthetic_01294_path_001,user:User3184,resource:Bucket6788,2,1,1,1,0,1,1,0,0,0,0,0,MEDIUM,0.43,Data Access,wildcard_action + wildcard_resource
synthetic_01295,synthetic_01295_path_001,user:User7115,resource:Bucket6537,2,1,1,1,0,1,1,0,0,0,0,0,MEDIUM,0.43,Data Access,wildcard_action + wildcard_resource
synthetic_01296,synthetic_01296_path_001,user:User5809,resource:Bucket4490,2,1,1,1,0,1,1,0,0,0,0,0,MEDIUM,0.43,Data Access,wildcard_action + wildcard_resource
synthetic_01297,synthetic_01297_path_001,user:807970509754,resource:Bucket2755,2,1,1,1,0,1,1,0,1,1,0,0,CRITICAL,0.88,Lateral Movement,external_trust + cross_account
synthetic_01298,synthetic_01298_path_001,user:User6808,resource:Bucket2660,2,1,1,1,0,0,0,0,0,0,0,0,LOW,0.15,Data Access,read_only_access
synthetic_01299,synthetic_01299_path_001,user:User9426,resource:Bucket7729,2,1,1,1,0,0,0,0,0,0,0,0,LOW,0.15,Data Access,read_only_access
synthetic_01300,synthetic_01300_path_001,user:User5098,resource:Bucket8711,2,1,1,1,0,0,0,0,0,0,0,0,LOW,0.15,Data Access,read_only_access
synthetic_01301,synthetic_01301_path_001,user:User3984,resource:Bucket5415,2,1,1,1,0,1,1,0,0,0,0,0,MEDIUM,0.43,Data Access,wildcard_action + wildcard_resource
synthetic_01302,synthetic_01302_path_001,user:User3651,resource:Policy6795,2,1,1,1,0,0,0,1,0,0,0,0,CRITICAL,0.85,Privilege Escalation,policy_modification
synthetic_01303,synthetic_01303_path_001,user:User4251,resource:Bucket4105,2,1,1,1,0,1,1,0,0,0,0,0,MEDIUM,0.43,Data Access,wildcard_action + wildcard_resource
synthetic_01304,synthetic_01304_path_001,user:User6426,resource:Bucket3626,2,1,1,1,0,1,1,0,0,0,0,0,MEDIUM,0.43,Data Access,wildcard_action + wildcard_resource
synthetic_01305,synthetic_01305_path_001,user:User2946,resource:Bucket9012,2,1,1,1,0,1,1,0,0,0,0,1,CRITICAL,0.85,Privilege Escalation,admin_permission
synthetic_01306,synthetic_01306_path_001,user:partner-7551,resource:Secret7370,2,1,1,1,0,0,0,0,1,0,1,0,CRITICAL,0.85,Data Access,external_trust
synthetic_01307,synthetic_01307_path_001,user:User1346,resource:Bucket3548,2,1,1,1,0,1,1,0,0,0,0,1,CRITICAL,0.85,Privilege Escalation,admin_permission
synthetic_01308,synthetic_01308_path_001,user:User1852,resource:Table1131,3,2,1,1,0,0,0,0,0,0,0,0,HIGH,0.65,Lateral Movement,assume_role_chain
synthetic_01309,synthetic_01309_path_001,user:User5742,resource:Bucket8961,2,1,1,1,0,1,1,0,0,0,0,0,MEDIUM,0.43,Data Access,wildcard_action + wildcard_resource
synthetic_01310,synthetic_01310_path_001,user:User9376,role:AdminRole5087,2,2,1,1,1,0,0,0,0,0,0,0,HIGH,0.68,Lateral Movement,pass_role + assume_role_chain
synthetic_01311,synthetic_01311_path_001,user:User2884,resource:Bucket5052,2,1,1,1,0,1,1,0,0,0,0,0,MEDIUM,0.43,Data Access,wildcard_action + wildcard_resource
synthetic_01312,synthetic_01312_path_001,user:User2688,resource:Bucket3436,4,3,1,1,0,0,1,0,0,0,0,0,HIGH,0.68,Lateral Movement,assume_role_chain + long_privilege_escalation_chain
synthetic_01313,synthetic_01313_path_001,user:User5486,resource:Bucket3395,2,1,1,1,0,1,1,0,0,0,0,0,MEDIUM,0.43,Data Access,wildcard_action + wildcard_resource
synthetic_01314,synthetic_01314_path_001,user:User1834,resource:Bucket7673,2,1,1,1,0,0,0,0,0,0,0,0,LOW,0.15,Data Access,read_only_access
synthetic_01315,synthetic_01315_path_001,user:User8851,resource:Bucket9353,2,1,1,1,0,1,1,0,0,0,0,0,MEDIUM,0.43,Data Access,wildcard_action + wildcard_resource
synthetic_01316,synthetic_01316_path_001,user:User6956,resource:Bucket6751,2,1,1,1,0,0,0,0,0,0,0,0,LOW,0.15,Data Access,read_only_access
synthetic_01317,synthetic_01317_path_001,user:200053474916,resource:Bucket5133,2,1,1,1,0,1,1,0,1,1,0,0,CRITICAL,0.88,Lateral Movement,external_trust + cross_account
synthetic_01318,synthetic_01318_path_001,user:User2587,resource:Bucket3134,2,1,1,1,0,1,1,0,0,0,0,0,MEDIUM,0.43,Data Access,wildcard_action + wildcard_resource
synthetic_01319,synthetic_01319_path_001,user:partner-9664,resource:Secret4903,2,1,1,1,0,0,0,0,1,0,1,0,CRITICAL,0.85,Data Access,external_trust
synthetic_01320,synthetic_01320_path_001,user:User2429,role:AdminRole3137,2,2,1,1,1,0,0,0,0,0,0,0,HIGH,0.68,Lateral Movement,pass_role + assume_role_chain
synthetic_01321,synthetic_01321_path_001,user:User2971,resource:Table4160,3,2,1,1,0,0,0,0,0,0,0,0,HIGH,0.65,Lateral Movement,assume_role_chain
synthetic_01322,synthetic_01322_path_001,user:User2616,resource:Bucket5939,4,3,1,1,0,0,1,0,0,0,0,0,HIGH,0.68,Lateral Movement,assume_role_chain + long_privilege_escalation_chain
synthetic_01323,synthetic_01323_path_001,user:User1717,resource:Bucket5137,4,3,1,1,0,0,1,0,0,0,0,0,HIGH,0.68,Lateral Movement,assume_role_chain + long_privilege_escalation_chain
synthetic_01324,synthetic_01324_path_001,user:User2923,resource:Table8910,3,2,1,1,0,0,0,0,0,0,0,0,HIGH,0.65,Lateral Movement,assume_role_chain
synthetic_01325,synthetic_01325_path_001,user:User9255,resource:Bucket3735,2,1,1,1,0,1,1,0,0,0,0,0,MEDIUM,0.43,Data Access,wildcard_action + wildcard_resource
synthetic_01326,synthetic_01326_path_001,user:User1996,resource:Bucket7512,2,1,1,1,0,0,0,0,0,0,0,0,LOW,0.15,Data Access,read_only_access
synthetic_01327,synthetic_01327_path_001,user:User9344,resource:Bucket7393,2,1,1,1,0,1,1,0,0,0,0,0,MEDIUM,0.43,Data Access,wildcard_action + wildcard_resource
synthetic_01328,synthetic_01328_path_001,user:User3621,resource:Bucket1145,2,1,1,1,0,0,0,0,0,0,0,0,LOW,0.15,Data Access,read_only_access
synthetic_01329,synthetic_01329_path_001,user:User5855,resource:Policy2951,2,1,1,1,0,0,0,1,0,0,0,0,CRITICAL,0.85,Privilege Escalation,policy_modification
synthetic_01330,synthetic_01330_path_001,user:User4902,resource:Bucket1640,2,1,1,1,0,0,0,0,0,0,0,0,LOW,0.15,Data Access,read_only_access
synthetic_01331,synthetic_01331_path_001,user:User1844,resource:Bucket4440,2,1,1,1,0,1,1,0,0,0,0,0,MEDIUM,0.43,Data Access,wildcard_action + wildcard_resource
synthetic_01332,synthetic_01332_path_001,user:User7047,resource:Bucket2363,2,1,1,1,0,1,1,0,0,0,0,0,MEDIUM,0.43,Data Access,wildcard_action + wildcard_resource
synthetic_01333,synthetic_01333_path_001,user:450053424089,resource:Bucket7258,2,1,1,1,0,1,1,0,1,1,0,0,CRITICAL,0.88,Lateral Movement,external_trust + cross_account
synthetic_01334,synthetic_01334_path_001,user:User6312,resource:Bucket4341,2,1,1,1,0,1,1,0,0,0,0,0,MEDIUM,0.43,Data Access,wildcard_action + wildcard_resource
synthetic_01335,synthetic_01335_path_001,user:User8109,resource:Bucket3430,2,1,1,1,0,0,0,0,0,0,0,0,LOW,0.15,Data Access,read_only_access
synthetic_01336,synthetic_01336_path_001,user:User4031,resource:Bucket4094,2,1,1,1,0,0,0,0,0,0,0,0,LOW,0.15,Data Access,read_only_access
synthetic_01337,synthetic_01337_path_001,user:User6081,resource:Bucket3911,2,1,1,1,0,1,1,0,0,0,0,0,MEDIUM,0.43,Data Access,wildcard_action + wildcard_resource
synthetic_01338,synthetic_01338_path_001,user:User7986,resource:Bucket8455,2,1,1,1,0,0,0,0,0,0,0,0,LOW,0.15,Data Access,read_only_access
synthetic_01339,synthetic_01339_path_001,user:User1193,role:AdminRole7191,2,2,1,1,1,0,0,0,0,0,0,0,HIGH,0.68,Lateral Movement,pass_role + assume_role_chain
synthetic_01340,synthetic_01340_path_001,user:User2802,resource:Bucket1716,2,1,1,1,0,1,1,0,0,0,0,0,MEDIUM,0.43,Data Access,wildcard_action + wildcard_resource
synthetic_01341,synthetic_01341_path_001,user:User3336,resource:Bucket1153,2,1,1,1,0,0,0,0,0,0,0,0,LOW,0.15,Data Access,read_only_access
synthetic_01342,synthetic_01342_path_001,user:User4314,resource:Bucket3672,4,3,1,1,0,0,1,0,0,0,0,0,HIGH,0.68,Lateral Movement,assume_role_chain + long_privilege_escalation_chain
synthetic_01343,synthetic_01343_path_001,user:User1915,resource:Bucket5382,2,1,1,1,0,0,0,0,0,0,0,0,LOW,0.15,Data Access,read_only_access
synthetic_01344,synthetic_01344_path_001,user:User9923,resource:Bucket2680,2,1,1,1,0,0,0,0,0,0,0,0,LOW,0.15,Data Access,read_only_access
synthetic_01345,synthetic_01345_path_001,user:036625436172,resource:Bucket4678,2,1,1,1,0,1,1,0,1,1,0,0,CRITICAL,0.88,Lateral Movement,external_trust + cross_account
synthetic_01346,synthetic_01346_path_001,user:User6467,resource:Bucket6906,2,1,1,1,0,0,0,0,0,0,0,0,LOW,0.15,Data Access,read_only_access
synthetic_01347,synthetic_01347_path_001,user:User8022,resource:Bucket6486,2,1,1,1,0,0,0,0,0,0,0,0,LOW,0.15,Data Access,read_only_access
synthetic_01348,synthetic_01348_path_001,user:494514754102,resource:Bucket6247,2,1,1,1,0,1,1,0,1,1,0,0,CRITICAL,0.88,Lateral Movement,external_trust + cross_account
synthetic_01349,synthetic_01349_path_001,user:User8838,resource:Bucket5562,4,3,1,1,0,0,1,0,0,0,0,0,HIGH,0.68,Lateral Movement,assume_role_chain + long_privilege_escalation_chain
synthetic_01350,synthetic_01350_path_001,user:User3979,resource:Bucket6777,2,1,1,1,0,1,1,0,0,0,0,1,CRITICAL,0.85,Privilege Escalation,admin_permission
synthetic_01351,synthetic_01351_path_001,user:User7782,resource:Bucket3264,2,1,1,1,0,1,1,0,0,0,0,0,MEDIUM,0.43,Data Access,wildcard_action + wildcard_resource
synthetic_01352,synthetic_01352_path_001,user:User9826,role:AdminRole9070,2,2,1,1,1,0,0,0,0,0,0,0,HIGH,0.68,Lateral Movement,pass_role + assume_role_chain
synthetic_01353,synthetic_01353_path_001,user:User4770,role:AdminRole2369,2,2,1,1,1,0,0,0,0,0,0,0,HIGH,0.68,Lateral Movement,pass_role + assume_role_chain
synthetic_01354,synthetic_01354_path_001,user:User7911,role:AdminRole4593,2,2,1,1,1,0,0,0,0,0,0,0,HIGH,0.68,Lateral Movement,pass_role + assume_role_chain
synthetic_01355,synthetic_01355_path_001,user:User4853,resource:Bucket1281,4,3,1,1,0,0,1,0,0,0,0,0,HIGH,0.68,Lateral Movement,assume_role_chain + long_privilege_escalation_chain
synthetic_01356,synthetic_01356_path_001,user:055247286333,resource:Bucket3257,2,1,1,1,0,1,1,0,1,1,0,0,CRITICAL,0.88,Lateral Movement,external_trust + cross_account
synthetic_01357,synthetic_01357_path_001,user:User7958,resource:Bucket2208,4,3,1,1,0,0,1,0,0,0,0,0,HIGH,0.68,Lateral Movement,assume_role_chain + long_privilege_escalation_chain
synthetic_01358,synthetic_01358_path_001,user:User3314,resource:Bucket5014,2,1,1,1,0,0,0,0,0,0,0,0,LOW,0.15,Data Access,read_only_access
synthetic_01359,synthetic_01359_path_001,user:User7823,resource:Policy3988,2,1,1,1,0,0,0,1,0,0,0,0,CRITICAL,0.85,Privilege Escalation,policy_modification
synthetic_01360,synthetic_01360_path_001,user:User9641,resource:Bucket8703,2,1,1,1,0,0,0,0,0,0,0,0,LOW,0.15,Data Access,read_only_access
synthetic_01361,synthetic_01361_path_001,user:partner-1216,resource:Secret2822,2,1,1,1,0,0,0,0,1,0,1,0,CRITICAL,0.85,Data Access,external_trust
synthetic_01362,synthetic_01362_path_001,user:092820667849,resource:Bucket6014,2,1,1,1,0,1,1,0,1,1,0,0,CRITICAL,0.88,Lateral Movement,external_trust + cross_account
synthetic_01363,synthetic_01363_path_001,user:User2506,resource:Bucket7185,2,1,1,1,0,1,1,0,0,0,0,0,MEDIUM,0.43,Data Access,wildcard_action + wildcard_resource
synthetic_01364,synthetic_01364_path_001,user:User4586,role:AdminRole4009,2,2,1,1,1,0,0,0,0,0,0,0,HIGH,0.68,Lateral Movement,pass_role + assume_role_chain
synthetic_01365,synthetic_01365_path_001,user:User2264,resource:Policy8821,2,1,1,1,0,0,0,1,0,0,0,0,CRITICAL,0.85,Privilege Escalation,policy_modification
synthetic_01366,synthetic_01366_path_001,user:User7233,resource:Table7086,3,2,1,1,0,0,0,0,0,0,0,0,HIGH,0.65,Lateral Movement,assume_role_chain
synthetic_01367,synthetic_01367_path_001,user:User4190,resource:Table2710,3,2,1,1,0,0,0,0,0,0,0,0,HIGH,0.65,Lateral Movement,assume_role_chain
synthetic_01368,synthetic_01368_path_001,user:User6496,resource:Bucket4924,2,1,1,1,0,0,0,0,0,0,0,0,LOW,0.15,Data Access,read_only_access
synthetic_01369,synthetic_01369_path_001,user:User4471,resource:Bucket6064,2,1,1,1,0,0,0,0,0,0,0,0,LOW,0.15,Data Access,read_only_access
synthetic_01370,synthetic_01370_path_001,user:341990970051,resource:Bucket1138,2,1,1,1,0,1,1,0,1,1,0,0,CRITICAL,0.88,Lateral Movement,external_trust + cross_account
synthetic_01371,synthetic_01371_path_001,user:User6152,role:AdminRole6830,2,2,1,1,1,0,0,0,0,0,0,0,HIGH,0.68,Lateral Movement,pass_role + assume_role_chain
synthetic_01372,synthetic_01372_path_001,user:User2595,resource:Bucket7672,2,1,1,1,0,1,1,0,0,0,0,1,CRITICAL,0.85,Privilege Escalation,admin_permission
synthetic_01373,synthetic_01373_path_001,user:User7260,role:AdminRole1612,2,2,1,1,1,0,0,0,0,0,0,0,HIGH,0.68,Lateral Movement,pass_role + assume_role_chain
synthetic_01374,synthetic_01374_path_001,user:User3482,resource:Bucket2290,2,1,1,1,0,1,1,0,0,0,0,0,MEDIUM,0.43,Data Access,wildcard_action + wildcard_resource
synthetic_01375,synthetic_01375_path_001,user:partner-3307,resource:Secret9218,2,1,1,1,0,0,0,0,1,0,1,0,CRITICAL,0.85,Data Access,external_trust
synthetic_01376,synthetic_01376_path_001,user:partner-6554,resource:Secret6903,2,1,1,1,0,0,0,0,1,0,1,0,CRITICAL,0.85,Data Access,external_trust
synthetic_01377,synthetic_01377_path_001,user:633991297102,resource:Bucket9964,2,1,1,1,0,1,1,0,1,1,0,0,CRITICAL,0.88,Lateral Movement,external_trust + cross_account
synthetic_01378,synthetic_01378_path_001,user:User3780,resource:Bucket3645,2,1,1,1,0,1,1,0,0,0,0,0,MEDIUM,0.43,Data Access,wildcard_action + wildcard_resource
synthetic_01379,synthetic_01379_path_001,user:User2461,resource:Bucket3935,2,1,1,1,0,1,1,0,0,0,0,0,MEDIUM,0.43,Data Access,wildcard_action + wildcard_resource
synthetic_01380,synthetic_01380_path_001,user:User8242,resource:Bucket3031,2,1,1,1,0,1,1,0,0,0,0,1,CRITICAL,0.85,Privilege Escalation,admin_permission
synthetic_01381,synthetic_01381_path_001,user:User7568,resource:Policy3113,2,1,1,1,0,0,0,1,0,0,0,0,CRITICAL,0.85,Privilege Escalation,policy_modification
synthetic_01382,synthetic_01382_path_001,user:User6138,role:AdminRole2367,2,2,1,1,1,0,0,0,0,0,0,0,HIGH,0.68,Lateral Movement,pass_role + assume_role_chain
synthetic_01383,synthetic_01383_path_001,user:User9289,resource:Table1699,3,2,1,1,0,0,0,0,0,0,0,0,HIGH,0.65,Lateral Movement,assume_role_chain
synthetic_01384,synthetic_01384_path_001,user:User1934,role:AdminRole1130,2,2,1,1,1,0,0,0,0,0,0,0,HIGH,0.68,Lateral Movement,pass_role + assume_role_chain
synthetic_01385,synthetic_01385_path_001,user:User2725,resource:Bucket7157,2,1,1,1,0,0,0,0,0,0,0,0,LOW,0.15,Data Access,read_only_access
synthetic_01386,synthetic_01386_path_001,user:User7360,resource:Bucket2531,2,1,1,1,0,0,0,0,0,0,0,0,LOW,0.15,Data Access,read_only_access
synthetic_01387,synthetic_01387_path_001,user:User8616,resource:Table3953,3,2,1,1,0,0,0,0,0,0,0,0,HIGH,0.65,Lateral Movement,assume_role_chain
synthetic_01388,synthetic_01388_path_001,user:User7503,resource:Bucket6385,4,3,1,1,0,0,1,0,0,0,0,0,HIGH,0.68,Lateral Movement,assume_role_chain + long_privilege_escalation_chain
synthetic_01389,synthetic_01389_path_001,user:User8967,resource:Bucket8802,2,1,1,1,0,1,1,0,0,0,0,1,CRITICAL,0.85,Privilege Escalation,admin_permission
synthetic_01390,synthetic_01390_path_001,user:User3551,resource:Bucket3384,2,1,1,1,0,0,0,0,0,0,0,0,LOW,0.15,Data Access,read_only_access
synthetic_01391,synthetic_01391_path_001,user:User7230,resource:Bucket6922,2,1,1,1,0,0,0,0,0,0,0,0,LOW,0.15,Data Access,read_only_access
synthetic_01392,synthetic_01392_path_001,user:User1375,resource:Bucket5421,2,1,1,1,0,0,0,0,0,0,0,0,LOW,0.15,Data Access,read_only_access
synthetic_01393,synthetic_01393_path_001,user:User5487,resource:Bucket2338,2,1,1,1,0,0,0,0,0,0,0,0,LOW,0.15,Data Access,read_only_access
synthetic_01394,synthetic_01394_path_001,user:User4507,resource:Bucket4015,2,1,1,1,0,1,1,0,0,0,0,0,MEDIUM,0.43,Data Access,wildcard_action + wildcard_resource
synthetic_01395,synthetic_01395_path_001,user:User5864,resource:Bucket4253,2,1,1,1,0,1,1,0,0,0,0,0,MEDIUM,0.43,Data Access,wildcard_action + wildcard_resource
synthetic_01396,synthetic_01396_path_001,user:User3632,resource:Bucket6811,2,1,1,1,0,1,1,0,0,0,0,0,MEDIUM,0.43,Data Access,wildcard_action + wildcard_resource
synthetic_01397,synthetic_01397_path_001,user:partner-4253,resource:Secret3369,2,1,1,1,0,0,0,0,1,0,1,0,CRITICAL,0.85,Data Access,external_trust
synthetic_01398,synthetic_01398_path_001,user:User8514,resource:Bucket9182,2,1,1,1,0,0,0,0,0,0,0,0,LOW,0.15,Data Access,read_only_access
synthetic_01399,synthetic_01399_path_001,user:User7658,resource:Bucket9531,2,1,1,1,0,1,1,0,0,0,0,1,CRITICAL,0.85,Privilege Escalation,admin_permission
synthetic_01400,synthetic_01400_path_001,user:User8361,resource:Policy1597,2,1,1,1,0,0,0,1,0,0,0,0,CRITICAL,0.85,Privilege Escalation,policy_modification
synthetic_01401,synthetic_01401_path_001,user:User7884,resource:Bucket3721,2,1,1,1,0,1,1,0,0,0,0,1,CRITICAL,0.85,Privilege Escalation,admin_permission
synthetic_01402,synthetic_01402_path_001,user:User4131,resource:Bucket7066,2,1,1,1,0,0,0,0,0,0,0,0,LOW,0.15,Data Access,read_only_access
synthetic_01403,synthetic_01403_path_001,user:817766558685,resource:Bucket3880,2,1,1,1,0,1,1,0,1,1,0,0,CRITICAL,0.88,Lateral Movement,external_trust + cross_account
synthetic_01404,synthetic_01404_path_001,user:User3664,resource:Bucket8141,2,1,1,1,0,0,0,0,0,0,0,0,LOW,0.15,Data Access,read_only_access
synthetic_01405,synthetic_01405_path_001,user:User8167,resource:Table2435,3,2,1,1,0,0,0,0,0,0,0,0,HIGH,0.65,Lateral Movement,assume_role_chain
synthetic_01406,synthetic_01406_path_001,user:partner-2700,resource:Secret1269,2,1,1,1,0,0,0,0,1,0,1,0,CRITICAL,0.85,Data Access,external_trust
synthetic_01407,synthetic_01407_path_001,user:User9924,resource:Bucket8276,2,1,1,1,0,1,1,0,0,0,0,0,MEDIUM,0.43,Data Access,wildcard_action + wildcard_resource
synthetic_01408,synthetic_01408_path_001,user:User4651,resource:Bucket7243,2,1,1,1,0,1,1,0,0,0,0,0,MEDIUM,0.43,Data Access,wildcard_action + wildcard_resource
synthetic_01409,synthetic_01409_path_001,user:User3038,resource:Bucket8601,2,1,1,1,0,1,1,0,0,0,0,0,MEDIUM,0.43,Data Access,wildcard_action + wildcard_resource
synthetic_01410,synthetic_01410_path_001,user:User4668,resource:Bucket5646,2,1,1,1,0,1,1,0,0,0,0,1,CRITICAL,0.85,Privilege Escalation,admin_permission
synthetic_01411,synthetic_01411_path_001,user:User7794,resource:Policy1068,2,1,1,1,0,0,0,1,0,0,0,0,CRITICAL,0.85,Privilege Escalation,policy_modification
synthetic_01412,synthetic_01412_path_001,user:User3512,resource:Bucket9502,2,1,1,1,0,0,0,0,0,0,0,0,LOW,0.15,Data Access,read_only_access
synthetic_01413,synthetic_01413_path_001,user:User8045,resource:Bucket7412,2,1,1,1,0,1,1,0,0,0,0,1,CRITICAL,0.85,Privilege Escalation,admin_permission
synthetic_01414,synthetic_01414_path_001,user:User8030,resource:Bucket7396,2,1,1,1,0,0,0,0,0,0,0,0,LOW,0.15,Data Access,read_only_access
synthetic_01415,synthetic_01415_path_001,user:User8166,role:AdminRole2631,2,2,1,1,1,0,0,0,0,0,0,0,HIGH,0.68,Lateral Movement,pass_role + assume_role_chain
synthetic_01416,synthetic_01416_path_001,user:User3069,resource:Bucket5263,4,3,1,1,0,0,1,0,0,0,0,0,HIGH,0.68,Lateral Movement,assume_role_chain + long_privilege_escalation_chain
synthetic_01417,synthetic_01417_path_001,user:User1420,resource:Bucket1189,2,1,1,1,0,0,0,0,0,0,0,0,LOW,0.15,Data Access,read_only_access
synthetic_01418,synthetic_01418_path_001,user:User2290,resource:Bucket8433,4,3,1,1,0,0,1,0,0,0,0,0,HIGH,0.68,Lateral Movement,assume_role_chain + long_privilege_escalation_chain
synthetic_01419,synthetic_01419_path_001,user:User4633,resource:Table9772,3,2,1,1,0,0,0,0,0,0,0,0,HIGH,0.65,Lateral Movement,assume_role_chain
synthetic_01420,synthetic_01420_path_001,user:User7194,resource:Policy1847,2,1,1,1,0,0,0,1,0,0,0,0,CRITICAL,0.85,Privilege Escalation,policy_modification
synthetic_01421,synthetic_01421_path_001,user:091179112442,resource:Bucket2267,2,1,1,1,0,1,1,0,1,1,0,0,CRITICAL,0.88,Lateral Movement,external_trust + cross_account
synthetic_01422,synthetic_01422_path_001,user:User2649,resource:Bucket1359,2,1,1,1,0,0,0,0,0,0,0,0,LOW,0.15,Data Access,read_only_access
synthetic_01423,synthetic_01423_path_001,user:User2250,resource:Bucket7879,2,1,1,1,0,1,1,0,0,0,0,1,CRITICAL,0.85,Privilege Escalation,admin_permission
synthetic_01424,synthetic_01424_path_001,user:224029901557,resource:Bucket1082,2,1,1,1,0,1,1,0,1,1,0,0,CRITICAL,0.88,Lateral Movement,external_trust + cross_account
synthetic_01425,synthetic_01425_path_001,user:User1484,resource:Bucket1377,2,1,1,1,0,0,0,0,0,0,0,0,LOW,0.15,Data Access,read_only_access
synthetic_01426,synthetic_01426_path_001,user:User4554,resource:Bucket6366,2,1,1,1,0,1,1,0,0,0,0,0,MEDIUM,0.43,Data Access,wildcard_action + wildcard_resource
synthetic_01427,synthetic_01427_path_001,user:User3073,resource:Bucket4264,4,3,1,1,0,0,1,0,0,0,0,0,HIGH,0.68,Lateral Movement,assume_role_chain + long_privilege_escalation_chain
synthetic_01428,synthetic_01428_path_001,user:User5822,role:AdminRole9123,2,2,1,1,1,0,0,0,0,0,0,0,HIGH,0.68,Lateral Movement,pass_role + assume_role_chain
synthetic_01429,synthetic_01429_path_001,user:User7552,resource:Bucket5097,2,1,1,1,0,1,1,0,0,0,0,0,MEDIUM,0.43,Data Access,wildcard_action + wildcard_resource
synthetic_01430,synthetic_01430_path_001,user:User5605,resource:Policy2685,2,1,1,1,0,0,0,1,0,0,0,0,CRITICAL,0.85,Privilege Escalation,policy_modification
synthetic_01431,synthetic_01431_path_001,user:partner-8992,resource:Secret8309,2,1,1,1,0,0,0,0,1,0,1,0,CRITICAL,0.85,Data Access,external_trust
synthetic_01432,synthetic_01432_path_001,user:User2762,resource:Policy8033,2,1,1,1,0,0,0,1,0,0,0,0,CRITICAL,0.85,Privilege Escalation,policy_modification
synthetic_01433,synthetic_01433_path_001,user:User2052,resource:Bucket3740,2,1,1,1,0,1,1,0,0,0,0,0,MEDIUM,0.43,Data Access,wildcard_action + wildcard_resource
synthetic_01434,synthetic_01434_path_001,user:User9691,resource:Bucket7525,2,1,1,1,0,1,1,0,0,0,0,0,MEDIUM,0.43,Data Access,wildcard_action + wildcard_resource
synthetic_01435,synthetic_01435_path_001,user:partner-8035,resource:Secret6861,2,1,1,1,0,0,0,0,1,0,1,0,CRITICAL,0.85,Data Access,external_trust
synthetic_01436,synthetic_01436_path_001,user:User7089,resource:Bucket3376,2,1,1,1,0,0,0,0,0,0,0,0,LOW,0.15,Data Access,read_only_access
synthetic_01437,synthetic_01437_path_001,user:User1178,resource:Bucket4502,2,1,1,1,0,1,1,0,0,0,0,0,MEDIUM,0.43,Data Access,wildcard_action + wildcard_resource
synthetic_01438,synthetic_01438_path_001,user:User7317,role:AdminRole4476,2,2,1,1,1,0,0,0,0,0,0,0,HIGH,0.68,Lateral Movement,pass_role + assume_role_chain
synthetic_01439,synthetic_01439_path_001,user:User2686,role:AdminRole2225,2,2,1,1,1,0,0,0,0,0,0,0,HIGH,0.68,Lateral Movement,pass_role + assume_role_chain
synthetic_01440,synthetic_01440_path_001,user:User7909,role:AdminRole6206,2,2,1,1,1,0,0,0,0,0,0,0,HIGH,0.68,Lateral Movement,pass_role + assume_role_chain
synthetic_01441,synthetic_01441_path_001,user:User4246,resource:Policy1813,2,1,1,1,0,0,0,1,0,0,0,0,CRITICAL,0.85,Privilege Escalation,policy_modification
synthetic_01442,synthetic_01442_path_001,user:User5496,resource:Bucket2953,2,1,1,1,0,0,0,0,0,0,0,0,LOW,0.15,Data Access,read_only_access
synthetic_01443,synthetic_01443_path_001,user:User7272,role:AdminRole1348,2,2,1,1,1,0,0,0,0,0,0,0,HIGH,0.68,Lateral Movement,pass_role + assume_role_chain
synthetic_01444,synthetic_01444_path_001,user:User1076,resource:Bucket5659,2,1,1,1,0,1,1,0,0,0,0,0,MEDIUM,0.43,Data Access,wildcard_action + wildcard_resource
synthetic_01445,synthetic_01445_path_001,user:805017164455,resource:Bucket2306,2,1,1,1,0,1,1,0,1,1,0,0,CRITICAL,0.88,Lateral Movement,external_trust + cross_account
synthetic_01446,synthetic_01446_path_001,user:User5889,resource:Bucket9082,2,1,1,1,0,0,0,0,0,0,0,0,LOW,0.15,Data Access,read_only_access
synthetic_01447,synthetic_01447_path_001,user:User4670,resource:Bucket1170,2,1,1,1,0,0,0,0,0,0,0,0,LOW,0.15,Data Access,read_only_access
synthetic_01448,synthetic_01448_path_001,user:User8138,resource:Policy3788,2,1,1,1,0,0,0,1,0,0,0,0,CRITICAL,0.85,Privilege Escalation,policy_modification
synthetic_01449,synthetic_01449_path_001,user:User7043,resource:Bucket5254,4,3,1,1,0,0,1,0,0,0,0,0,HIGH,0.68,Lateral Movement,assume_role_chain + long_privilege_escalation_chain
synthetic_01450,synthetic_01450_path_001,user:User2229,resource:Bucket6395,2,1,1,1,0,1,1,0,0,0,0,1,CRITICAL,0.85,Privilege Escalation,admin_permission
synthetic_01451,synthetic_01451_path_001,user:User3257,resource:Bucket2964,2,1,1,1,0,0,0,0,0,0,0,0,LOW,0.15,Data Access,read_only_access
synthetic_01452,synthetic_01452_path_001,user:User7771,resource:Bucket3004,2,1,1,1,0,0,0,0,0,0,0,0,LOW,0.15,Data Access,read_only_access
synthetic_01453,synthetic_01453_path_001,user:User5596,resource:Bucket8908,2,1,1,1,0,1,1,0,0,0,0,0,MEDIUM,0.43,Data Access,wildcard_action + wildcard_resource
synthetic_01454,synthetic_01454_path_001,user:partner-2356,resource:Secret4971,2,1,1,1,0,0,0,0,1,0,1,0,CRITICAL,0.85,Data Access,external_trust
synthetic_01455,synthetic_01455_path_001,user:User9103,resource:Bucket4481,2,1,1,1,0,0,0,0,0,0,0,0,LOW,0.15,Data Access,read_only_access
synthetic_01456,synthetic_01456_path_001,user:User4078,resource:Policy2712,2,1,1,1,0,0,0,1,0,0,0,0,CRITICAL,0.85,Privilege Escalation,policy_modification
synthetic_01457,synthetic_01457_path_001,user:User9644,resource:Policy6134,2,1,1,1,0,0,0,1,0,0,0,0,CRITICAL,0.85,Privilege Escalation,policy_modification
synthetic_01458,synthetic_01458_path_001,user:User3523,resource:Bucket2731,2,1,1,1,0,1,1,0,0,0,0,0,MEDIUM,0.43,Data Access,wildcard_action + wildcard_resource
synthetic_01459,synthetic_01459_path_001,user:User8412,resource:Bucket4326,2,1,1,1,0,1,1,0,0,0,0,0,MEDIUM,0.43,Data Access,wildcard_action + wildcard_resource
synthetic_01460,synthetic_01460_path_001,user:User3690,resource:Bucket2672,2,1,1,1,0,1,1,0,0,0,0,0,MEDIUM,0.43,Data Access,wildcard_action + wildcard_resource
synthetic_01461,synthetic_01461_path_001,user:User2805,resource:Bucket1271,2,1,1,1,0,0,0,0,0,0,0,0,LOW,0.15,Data Access,read_only_access
synthetic_01462,synthetic_01462_path_001,user:User9698,resource:Bucket6766,2,1,1,1,0,0,0,0,0,0,0,0,LOW,0.15,Data Access,read_only_access
synthetic_01463,synthetic_01463_path_001,user:User8069,resource:Bucket3467,2,1,1,1,0,0,0,0,0,0,0,0,LOW,0.15,Data Access,read_only_access
synthetic_01464,synthetic_01464_path_001,user:User8230,resource:Bucket7058,2,1,1,1,0,1,1,0,0,0,0,0,MEDIUM,0.43,Data Access,wildcard_action + wildcard_resource
synthetic_01465,synthetic_01465_path_001,user:User7923,resource:Bucket5816,2,1,1,1,0,1,1,0,0,0,0,0,MEDIUM,0.43,Data Access,wildcard_action + wildcard_resource
synthetic_01466,synthetic_01466_path_001,user:User9676,role:AdminRole9497,2,2,1,1,1,0,0,0,0,0,0,0,HIGH,0.68,Lateral Movement,pass_role + assume_role_chain
synthetic_01467,synthetic_01467_path_001,user:User1817,resource:Bucket2819,2,1,1,1,0,1,1,0,0,0,0,0,MEDIUM,0.43,Data Access,wildcard_action + wildcard_resource
synthetic_01468,synthetic_01468_path_001,user:943181439666,resource:Bucket4602,2,1,1,1,0,1,1,0,1,1,0,0,CRITICAL,0.88,Lateral Movement,external_trust + cross_account
synthetic_01469,synthetic_01469_path_001,user:User4335,resource:Bucket5718,2,1,1,1,0,0,0,0,0,0,0,0,LOW,0.15,Data Access,read_only_access
synthetic_01470,synthetic_01470_path_001,user:User8811,resource:Bucket4909,2,1,1,1,0,0,0,0,0,0,0,0,LOW,0.15,Data Access,read_only_access
synthetic_01471,synthetic_01471_path_001,user:User4069,resource:Bucket8458,2,1,1,1,0,0,0,0,0,0,0,0,LOW,0.15,Data Access,read_only_access
synthetic_01472,synthetic_01472_path_001,user:User6473,resource:Bucket3908,2,1,1,1,0,1,1,0,0,0,0,0,MEDIUM,0.43,Data Access,wildcard_action + wildcard_resource
synthetic_01473,synthetic_01473_path_001,user:User1159,resource:Table1016,3,2,1,1,0,0,0,0,0,0,0,0,HIGH,0.65,Lateral Movement,assume_role_chain
synthetic_01474,synthetic_01474_path_001,user:User5055,resource:Bucket2792,2,1,1,1,0,1,1,0,0,0,0,0,MEDIUM,0.43,Data Access,wildcard_action + wildcard_resource
synthetic_01475,synthetic_01475_path_001,user:User5762,resource:Table9243,3,2,1,1,0,0,0,0,0,0,0,0,HIGH,0.65,Lateral Movement,assume_role_chain
synthetic_01476,synthetic_01476_path_001,user:User3401,resource:Bucket2638,2,1,1,1,0,0,0,0,0,0,0,0,LOW,0.15,Data Access,read_only_access
synthetic_01477,synthetic_01477_path_001,user:User6747,resource:Bucket5216,2,1,1,1,0,1,1,0,0,0,0,0,MEDIUM,0.43,Data Access,wildcard_action + wildcard_resource
synthetic_01478,synthetic_01478_path_001,user:User6777,resource:Bucket6467,2,1,1,1,0,1,1,0,0,0,0,0,MEDIUM,0.43,Data Access,wildcard_action + wildcard_resource
synthetic_01479,synthetic_01479_path_001,user:User1339,resource:Table4608,3,2,1,1,0,0,0,0,0,0,0,0,HIGH,0.65,Lateral Movement,assume_role_chain
synthetic_01480,synthetic_01480_path_001,user:User3320,resource:Table1506,3,2,1,1,0,0,0,0,0,0,0,0,HIGH,0.65,Lateral Movement,assume_role_chain
synthetic_01481,synthetic_01481_path_001,user:User8056,resource:Bucket4380,2,1,1,1,0,0,0,0,0,0,0,0,LOW,0.15,Data Access,read_only_access
synthetic_01482,synthetic_01482_path_001,user:User5487,resource:Table9632,3,2,1,1,0,0,0,0,0,0,0,0,HIGH,0.65,Lateral Movement,assume_role_chain
synthetic_01483,synthetic_01483_path_001,user:User6715,resource:Bucket7406,2,1,1,1,0,0,0,0,0,0,0,0,LOW,0.15,Data Access,read_only_access
synthetic_01484,synthetic_01484_path_001,user:User9520,resource:Bucket3014,2,1,1,1,0,0,0,0,0,0,0,0,LOW,0.15,Data Access,read_only_access
synthetic_01485,synthetic_01485_path_001,user:User6685,resource:Bucket2805,2,1,1,1,0,1,1,0,0,0,0,1,CRITICAL,0.85,Privilege Escalation,admin_permission
synthetic_01486,synthetic_01486_path_001,user:User3461,resource:Bucket5747,2,1,1,1,0,0,0,0,0,0,0,0,LOW,0.15,Data Access,read_only_access
synthetic_01487,synthetic_01487_path_001,user:User5828,resource:Bucket8436,2,1,1,1,0,1,1,0,0,0,0,0,MEDIUM,0.43,Data Access,wildcard_action + wildcard_resource
synthetic_01488,synthetic_01488_path_001,user:User3022,resource:Policy9001,2,1,1,1,0,0,0,1,0,0,0,0,CRITICAL,0.85,Privilege Escalation,policy_modification
synthetic_01489,synthetic_01489_path_001,user:User1010,resource:Bucket5119,2,1,1,1,0,1,1,0,0,0,0,0,MEDIUM,0.43,Data Access,wildcard_action + wildcard_resource
synthetic_01490,synthetic_01490_path_001,user:User9224,resource:Bucket2409,2,1,1,1,0,1,1,0,0,0,0,0,MEDIUM,0.43,Data Access,wildcard_action + wildcard_resource
synthetic_01491,synthetic_01491_path_001,user:User2322,resource:Bucket4585,2,1,1,1,0,0,0,0,0,0,0,0,LOW,0.15,Data Access,read_only_access
synthetic_01492,synthetic_01492_path_001,user:User7328,resource:Bucket7539,2,1,1,1,0,0,0,0,0,0,0,0,LOW,0.15,Data Access,read_only_access
synthetic_01493,synthetic_01493_path_001,user:User3839,role:AdminRole6283,2,2,1,1,1,0,0,0,0,0,0,0,HIGH,0.68,Lateral Movement,pass_role + assume_role_chain
synthetic_01494,synthetic_01494_path_001,user:partner-3280,resource:Secret5096,2,1,1,1,0,0,0,0,1,0,1,0,CRITICAL,0.85,Data Access,external_trust
synthetic_01495,synthetic_01495_path_001,user:User5932,role:AdminRole2402,2,2,1,1,1,0,0,0,0,0,0,0,HIGH,0.68,Lateral Movement,pass_role + assume_role_chain
synthetic_01496,synthetic_01496_path_001,user:User8555,resource:Bucket4004,2,1,1,1,0,1,1,0,0,0,0,0,MEDIUM,0.43,Data Access,wildcard_action + wildcard_resource
synthetic_01497,synthetic_01497_path_001,user:User8240,resource:Bucket9254,2,1,1,1,0,0,0,0,0,0,0,0,LOW,0.15,Data Access,read_only_access
synthetic_01498,synthetic_01498_path_001,user:User7889,resource:Bucket8557,2,1,1,1,0,1,1,0,0,0,0,0,MEDIUM,0.43,Data Access,wildcard_action + wildcard_resource
synthetic_01499,synthetic_01499_path_001,user:User3303,resource:Bucket4975,2,1,1,1,0,1,1,0,0,0,0,0,MEDIUM,0.43,Data Access,wildcard_action + wildcard_resource
synthetic_01500,synthetic_01500_path_001,user:User5806,role:AdminRole7433,2,2,1,1,1,0,0,0,0,0,0,0,HIGH,0.68,Lateral Movement,pass_role + assume_role_chain
synthetic_01501,synthetic_01501_path_001,user:User1097,resource:Bucket9487,2,1,1,1,0,0,0,0,0,0,0,0,LOW,0.15,Data Access,read_only_access
synthetic_01502,synthetic_01502_path_001,user:User2753,resource:Bucket2595,2,1,1,1,0,0,0,0,0,0,0,0,LOW,0.15,Data Access,read_only_access
synthetic_01503,synthetic_01503_path_001,user:User1997,resource:Bucket9369,2,1,1,1,0,1,1,0,0,0,0,0,MEDIUM,0.43,Data Access,wildcard_action + wildcard_resource
synthetic_01504,synthetic_01504_path_001,user:User9115,resource:Bucket4662,2,1,1,1,0,0,0,0,0,0,0,0,LOW,0.15,Data Access,read_only_access
synthetic_01505,synthetic_01505_path_001,user:User1105,resource:Bucket4288,2,1,1,1,0,1,1,0,0,0,0,0,MEDIUM,0.43,Data Access,wildcard_action + wildcard_resource
synthetic_01506,synthetic_01506_path_001,user:User2983,resource:Bucket2587,2,1,1,1,0,0,0,0,0,0,0,0,LOW,0.15,Data Access,read_only_access
synthetic_01507,synthetic_01507_path_001,user:User9287,resource:Bucket7401,2,1,1,1,0,1,1,0,0,0,0,0,MEDIUM,0.43,Data Access,wildcard_action + wildcard_resource
synthetic_01508,synthetic_01508_path_001,user:User4015,resource:Bucket9957,2,1,1,1,0,1,1,0,0,0,0,0,MEDIUM,0.43,Data Access,wildcard_action + wildcard_resource
synthetic_01509,synthetic_01509_path_001,user:User3018,resource:Table1354,3,2,1,1,0,0,0,0,0,0,0,0,HIGH,0.65,Lateral Movement,assume_role_chain
synthetic_01510,synthetic_01510_path_001,user:User4943,resource:Bucket9380,2,1,1,1,0,0,0,0,0,0,0,0,LOW,0.15,Data Access,read_only_access
synthetic_01511,synthetic_01511_path_001,user:User2638,resource:Bucket7018,2,1,1,1,0,1,1,0,0,0,0,0,MEDIUM,0.43,Data Access,wildcard_action + wildcard_resource
synthetic_01512,synthetic_01512_path_001,user:User2758,resource:Bucket3427,4,3,1,1,0,0,1,0,0,0,0,0,HIGH,0.68,Lateral Movement,assume_role_chain + long_privilege_escalation_chain
synthetic_01513,synthetic_01513_path_001,user:User7380,resource:Bucket5960,2,1,1,1,0,0,0,0,0,0,0,0,LOW,0.15,Data Access,read_only_access
synthetic_01514,synthetic_01514_path_001,user:527740258835,resource:Bucket7399,2,1,1,1,0,1,1,0,1,1,0,0,CRITICAL,0.88,Lateral Movement,external_trust + cross_account
synthetic_01515,synthetic_01515_path_001,user:User6558,resource:Bucket3294,2,1,1,1,0,0,0,0,0,0,0,0,LOW,0.15,Data Access,read_only_access
synthetic_01516,synthetic_01516_path_001,user:User8925,resource:Bucket8729,2,1,1,1,0,0,0,0,0,0,0,0,LOW,0.15,Data Access,read_only_access
synthetic_01517,synthetic_01517_path_001,user:User6703,resource:Bucket1483,4,3,1,1,0,0,1,0,0,0,0,0,HIGH,0.68,Lateral Movement,assume_role_chain + long_privilege_escalation_chain
synthetic_01518,synthetic_01518_path_001,user:User9182,resource:Table4793,3,2,1,1,0,0,0,0,0,0,0,0,HIGH,0.65,Lateral Movement,assume_role_chain
synthetic_01519,synthetic_01519_path_001,user:User4876,resource:Bucket3850,2,1,1,1,0,1,1,0,0,0,0,1,CRITICAL,0.85,Privilege Escalation,admin_permission
synthetic_01520,synthetic_01520_path_001,user:User5103,resource:Bucket1613,2,1,1,1,0,0,0,0,0,0,0,0,LOW,0.15,Data Access,read_only_access
synthetic_01521,synthetic_01521_path_001,user:User1482,resource:Bucket6261,2,1,1,1,0,1,1,0,0,0,0,0,MEDIUM,0.43,Data Access,wildcard_action + wildcard_resource
synthetic_01522,synthetic_01522_path_001,user:User4272,resource:Bucket5136,2,1,1,1,0,0,0,0,0,0,0,0,LOW,0.15,Data Access,read_only_access
synthetic_01523,synthetic_01523_path_001,user:User4296,resource:Bucket8111,2,1,1,1,0,1,1,0,0,0,0,0,MEDIUM,0.43,Data Access,wildcard_action + wildcard_resource
synthetic_01524,synthetic_01524_path_001,user:User2576,resource:Bucket1544,2,1,1,1,0,0,0,0,0,0,0,0,LOW,0.15,Data Access,read_only_access
synthetic_01525,synthetic_01525_path_001,user:partner-9955,resource:Secret6582,2,1,1,1,0,0,0,0,1,0,1,0,CRITICAL,0.85,Data Access,external_trust
synthetic_01526,synthetic_01526_path_001,user:User4399,resource:Bucket9205,2,1,1,1,0,0,0,0,0,0,0,0,LOW,0.15,Data Access,read_only_access
synthetic_01527,synthetic_01527_path_001,user:217661912841,resource:Bucket9170,2,1,1,1,0,1,1,0,1,1,0,0,CRITICAL,0.88,Lateral Movement,external_trust + cross_account
synthetic_01528,synthetic_01528_path_001,user:User1369,role:AdminRole5749,2,2,1,1,1,0,0,0,0,0,0,0,HIGH,0.68,Lateral Movement,pass_role + assume_role_chain
synthetic_01529,synthetic_01529_path_001,user:465124189389,resource:Bucket6115,2,1,1,1,0,1,1,0,1,1,0,0,CRITICAL,0.88,Lateral Movement,external_trust + cross_account
synthetic_01530,synthetic_01530_path_001,user:User2816,resource:Bucket1528,4,3,1,1,0,0,1,0,0,0,0,0,HIGH,0.68,Lateral Movement,assume_role_chain + long_privilege_escalation_chain
synthetic_01531,synthetic_01531_path_001,user:User1973,resource:Bucket4346,2,1,1,1,0,0,0,0,0,0,0,0,LOW,0.15,Data Access,read_only_access
synthetic_01532,synthetic_01532_path_001,user:User1579,resource:Bucket2159,2,1,1,1,0,1,1,0,0,0,0,0,MEDIUM,0.43,Data Access,wildcard_action + wildcard_resource
synthetic_01533,synthetic_01533_path_001,user:User3121,resource:Bucket1683,2,1,1,1,0,1,1,0,0,0,0,0,MEDIUM,0.43,Data Access,wildcard_action + wildcard_resource
synthetic_01534,synthetic_01534_path_001,user:User6738,role:AdminRole8824,2,2,1,1,1,0,0,0,0,0,0,0,HIGH,0.68,Lateral Movement,pass_role + assume_role_chain
synthetic_01535,synthetic_01535_path_001,user:User4731,resource:Bucket1906,2,1,1,1,0,1,1,0,0,0,0,0,MEDIUM,0.43,Data Access,wildcard_action + wildcard_resource
synthetic_01536,synthetic_01536_path_001,user:User7215,role:AdminRole8899,2,2,1,1,1,0,0,0,0,0,0,0,HIGH,0.68,Lateral Movement,pass_role + assume_role_chain
synthetic_01537,synthetic_01537_path_001,user:User7180,resource:Bucket8040,2,1,1,1,0,0,0,0,0,0,0,0,LOW,0.15,Data Access,read_only_access
synthetic_01538,synthetic_01538_path_001,user:User7024,resource:Bucket4172,2,1,1,1,0,1,1,0,0,0,0,0,MEDIUM,0.43,Data Access,wildcard_action + wildcard_resource
synthetic_01539,synthetic_01539_path_001,user:User2507,resource:Bucket4721,2,1,1,1,0,0,0,0,0,0,0,0,LOW,0.15,Data Access,read_only_access
synthetic_01540,synthetic_01540_path_001,user:User5094,resource:Bucket2255,2,1,1,1,0,0,0,0,0,0,0,0,LOW,0.15,Data Access,read_only_access
synthetic_01541,synthetic_01541_path_001,user:User1716,resource:Bucket6728,2,1,1,1,0,0,0,0,0,0,0,0,LOW,0.15,Data Access,read_only_access
synthetic_01542,synthetic_01542_path_001,user:User8843,role:AdminRole2258,2,2,1,1,1,0,0,0,0,0,0,0,HIGH,0.68,Lateral Movement,pass_role + assume_role_chain
synthetic_01543,synthetic_01543_path_001,user:User9907,resource:Bucket9108,2,1,1,1,0,0,0,0,0,0,0,0,LOW,0.15,Data Access,read_only_access
synthetic_01544,synthetic_01544_path_001,user:User7011,resource:Bucket5383,4,3,1,1,0,0,1,0,0,0,0,0,HIGH,0.68,Lateral Movement,assume_role_chain + long_privilege_escalation_chain
synthetic_01545,synthetic_01545_path_001,user:User7731,resource:Bucket5583,2,1,1,1,0,1,1,0,0,0,0,0,MEDIUM,0.43,Data Access,wildcard_action + wildcard_resource
synthetic_01546,synthetic_01546_path_001,user:User9535,resource:Policy5996,2,1,1,1,0,0,0,1,0,0,0,0,CRITICAL,0.85,Privilege Escalation,policy_modification
synthetic_01547,synthetic_01547_path_001,user:User3325,resource:Bucket4851,2,1,1,1,0,1,1,0,0,0,0,0,MEDIUM,0.43,Data Access,wildcard_action + wildcard_resource
synthetic_01548,synthetic_01548_path_001,user:User1553,resource:Bucket5554,2,1,1,1,0,0,0,0,0,0,0,0,LOW,0.15,Data Access,read_only_access
synthetic_01549,synthetic_01549_path_001,user:User1978,resource:Bucket7290,2,1,1,1,0,1,1,0,0,0,0,1,CRITICAL,0.85,Privilege Escalation,admin_permission
synthetic_01550,synthetic_01550_path_001,user:User8274,resource:Bucket4677,2,1,1,1,0,1,1,0,0,0,0,0,MEDIUM,0.43,Data Access,wildcard_action + wildcard_resource
synthetic_01551,synthetic_01551_path_001,user:User9724,resource:Table1512,3,2,1,1,0,0,0,0,0,0,0,0,HIGH,0.65,Lateral Movement,assume_role_chain
synthetic_01552,synthetic_01552_path_001,user:User6698,role:AdminRole6508,2,2,1,1,1,0,0,0,0,0,0,0,HIGH,0.68,Lateral Movement,pass_role + assume_role_chain
synthetic_01553,synthetic_01553_path_001,user:493059660186,resource:Bucket9761,2,1,1,1,0,1,1,0,1,1,0,0,CRITICAL,0.88,Lateral Movement,external_trust + cross_account
synthetic_01554,synthetic_01554_path_001,user:User9501,resource:Bucket8656,4,3,1,1,0,0,1,0,0,0,0,0,HIGH,0.68,Lateral Movement,assume_role_chain + long_privilege_escalation_chain
synthetic_01555,synthetic_01555_path_001,user:User5495,resource:Bucket5094,2,1,1,1,0,1,1,0,0,0,0,0,MEDIUM,0.43,Data Access,wildcard_action + wildcard_resource
synthetic_01556,synthetic_01556_path_001,user:User5493,resource:Bucket5403,2,1,1,1,0,1,1,0,0,0,0,0,MEDIUM,0.43,Data Access,wildcard_action + wildcard_resource
synthetic_01557,synthetic_01557_path_001,user:User6259,resource:Bucket3929,2,1,1,1,0,1,1,0,0,0,0,0,MEDIUM,0.43,Data Access,wildcard_action + wildcard_resource
synthetic_01558,synthetic_01558_path_001,user:User8642,resource:Bucket6877,2,1,1,1,0,1,1,0,0,0,0,0,MEDIUM,0.43,Data Access,wildcard_action + wildcard_resource
synthetic_01559,synthetic_01559_path_001,user:User2303,resource:Bucket6145,2,1,1,1,0,0,0,0,0,0,0,0,LOW,0.15,Data Access,read_only_access
synthetic_01560,synthetic_01560_path_001,user:User5524,resource:Bucket9108,2,1,1,1,0,1,1,0,0,0,0,0,MEDIUM,0.43,Data Access,wildcard_action + wildcard_resource
synthetic_01561,synthetic_01561_path_001,user:User1812,resource:Bucket2875,2,1,1,1,0,0,0,0,0,0,0,0,LOW,0.15,Data Access,read_only_access
synthetic_01562,synthetic_01562_path_001,user:User8214,role:AdminRole1687,2,2,1,1,1,0,0,0,0,0,0,0,HIGH,0.68,Lateral Movement,pass_role + assume_role_chain
synthetic_01563,synthetic_01563_path_001,user:User4734,role:AdminRole5244,2,2,1,1,1,0,0,0,0,0,0,0,HIGH,0.68,Lateral Movement,pass_role + assume_role_chain
synthetic_01564,synthetic_01564_path_001,user:User1264,resource:Bucket9854,2,1,1,1,0,1,1,0,0,0,0,1,CRITICAL,0.85,Privilege Escalation,admin_permission
synthetic_01565,synthetic_01565_path_001,user:User9305,resource:Bucket2854,2,1,1,1,0,0,0,0,0,0,0,0,LOW,0.15,Data Access,read_only_access
synthetic_01566,synthetic_01566_path_001,user:User7084,resource:Bucket2169,2,1,1,1,0,1,1,0,0,0,0,0,MEDIUM,0.43,Data Access,wildcard_action + wildcard_resource
synthetic_01567,synthetic_01567_path_001,user:User6902,resource:Bucket7686,2,1,1,1,0,0,0,0,0,0,0,0,LOW,0.15,Data Access,read_only_access
synthetic_01568,synthetic_01568_path_001,user:User3626,role:AdminRole1730,2,2,1,1,1,0,0,0,0,0,0,0,HIGH,0.68,Lateral Movement,pass_role + assume_role_chain
synthetic_01569,synthetic_01569_path_001,user:User3458,resource:Bucket2740,2,1,1,1,0,1,1,0,0,0,0,0,MEDIUM,0.43,Data Access,wildcard_action + wildcard_resource
synthetic_01570,synthetic_01570_path_001,user:User9326,resource:Bucket1534,4,3,1,1,0,0,1,0,0,0,0,0,HIGH,0.68,Lateral Movement,assume_role_chain + long_privilege_escalation_chain
synthetic_01571,synthetic_01571_path_001,user:User2285,resource:Bucket4679,2,1,1,1,0,1,1,0,0,0,0,1,CRITICAL,0.85,Privilege Escalation,admin_permission
synthetic_01572,synthetic_01572_path_001,user:097887543943,resource:Bucket4982,2,1,1,1,0,1,1,0,1,1,0,0,CRITICAL,0.88,Lateral Movement,external_trust + cross_account
synthetic_01573,synthetic_01573_path_001,user:User2890,resource:Bucket8291,2,1,1,1,0,1,1,0,0,0,0,0,MEDIUM,0.43,Data Access,wildcard_action + wildcard_resource
synthetic_01574,synthetic_01574_path_001,user:User9284,resource:Bucket6935,2,1,1,1,0,1,1,0,0,0,0,0,MEDIUM,0.43,Data Access,wildcard_action + wildcard_resource
synthetic_01575,synthetic_01575_path_001,user:partner-4764,resource:Secret9808,2,1,1,1,0,0,0,0,1,0,1,0,CRITICAL,0.85,Data Access,external_trust
synthetic_01576,synthetic_01576_path_001,user:User3263,resource:Table6596,3,2,1,1,0,0,0,0,0,0,0,0,HIGH,0.65,Lateral Movement,assume_role_chain
synthetic_01577,synthetic_01577_path_001,user:User2335,resource:Bucket7898,2,1,1,1,0,1,1,0,0,0,0,0,MEDIUM,0.43,Data Access,wildcard_action + wildcard_resource
synthetic_01578,synthetic_01578_path_001,user:327021648712,resource:Bucket8068,2,1,1,1,0,1,1,0,1,1,0,0,CRITICAL,0.88,Lateral Movement,external_trust + cross_account
synthetic_01579,synthetic_01579_path_001,user:User9672,resource:Bucket7919,2,1,1,1,0,0,0,0,0,0,0,0,LOW,0.15,Data Access,read_only_access
synthetic_01580,synthetic_01580_path_001,user:User4955,resource:Bucket6515,4,3,1,1,0,0,1,0,0,0,0,0,HIGH,0.68,Lateral Movement,assume_role_chain + long_privilege_escalation_chain
synthetic_01581,synthetic_01581_path_001,user:User6815,resource:Bucket8138,4,3,1,1,0,0,1,0,0,0,0,0,HIGH,0.68,Lateral Movement,assume_role_chain + long_privilege_escalation_chain
synthetic_01582,synthetic_01582_path_001,user:User4005,resource:Bucket2372,2,1,1,1,0,0,0,0,0,0,0,0,LOW,0.15,Data Access,read_only_access
synthetic_01583,synthetic_01583_path_001,user:User8430,role:AdminRole6250,2,2,1,1,1,0,0,0,0,0,0,0,HIGH,0.68,Lateral Movement,pass_role + assume_role_chain
synthetic_01584,synthetic_01584_path_001,user:User9334,resource:Bucket2587,2,1,1,1,0,1,1,0,0,0,0,0,MEDIUM,0.43,Data Access,wildcard_action + wildcard_resource
synthetic_01585,synthetic_01585_path_001,user:User9481,resource:Bucket9326,2,1,1,1,0,1,1,0,0,0,0,0,MEDIUM,0.43,Data Access,wildcard_action + wildcard_resource
synthetic_01586,synthetic_01586_path_001,user:User3923,resource:Bucket1687,2,1,1,1,0,1,1,0,0,0,0,0,MEDIUM,0.43,Data Access,wildcard_action + wildcard_resource
synthetic_01587,synthetic_01587_path_001,user:User6150,resource:Bucket6690,2,1,1,1,0,1,1,0,0,0,0,0,MEDIUM,0.43,Data Access,wildcard_action + wildcard_resource
synthetic_01588,synthetic_01588_path_001,user:User8973,resource:Bucket4664,2,1,1,1,0,1,1,0,0,0,0,0,MEDIUM,0.43,Data Access,wildcard_action + wildcard_resource
synthetic_01589,synthetic_01589_path_001,user:User2738,resource:Bucket5565,2,1,1,1,0,1,1,0,0,0,0,1,CRITICAL,0.85,Privilege Escalation,admin_permission
synthetic_01590,synthetic_01590_path_001,user:User9334,role:AdminRole1448,2,2,1,1,1,0,0,0,0,0,0,0,HIGH,0.68,Lateral Movement,pass_role + assume_role_chain
synthetic_01591,synthetic_01591_path_001,user:User1651,role:AdminRole9813,2,2,1,1,1,0,0,0,0,0,0,0,HIGH,0.68,Lateral Movement,pass_role + assume_role_chain
synthetic_01592,synthetic_01592_path_001,user:partner-1109,resource:Secret1422,2,1,1,1,0,0,0,0,1,0,1,0,CRITICAL,0.85,Data Access,external_trust
synthetic_01593,synthetic_01593_path_001,user:User7987,resource:Bucket9534,2,1,1,1,0,1,1,0,0,0,0,0,MEDIUM,0.43,Data Access,wildcard_action + wildcard_resource
synthetic_01594,synthetic_01594_path_001,user:176741241513,resource:Bucket6359,2,1,1,1,0,1,1,0,1,1,0,0,CRITICAL,0.88,Lateral Movement,external_trust + cross_account
synthetic_01595,synthetic_01595_path_001,user:User9402,resource:Bucket6157,2,1,1,1,0,1,1,0,0,0,0,0,MEDIUM,0.43,Data Access,wildcard_action + wildcard_resource
synthetic_01596,synthetic_01596_path_001,user:853800329633,resource:Bucket8702,2,1,1,1,0,1,1,0,1,1,0,0,CRITICAL,0.88,Lateral Movement,external_trust + cross_account
synthetic_01597,synthetic_01597_path_001,user:User9138,resource:Bucket3159,2,1,1,1,0,0,0,0,0,0,0,0,LOW,0.15,Data Access,read_only_access
synthetic_01598,synthetic_01598_path_001,user:User4509,resource:Policy8115,2,1,1,1,0,0,0,1,0,0,0,0,CRITICAL,0.85,Privilege Escalation,policy_modification
synthetic_01599,synthetic_01599_path_001,user:User4416,role:AdminRole1635,2,2,1,1,1,0,0,0,0,0,0,0,HIGH,0.68,Lateral Movement,pass_role + assume_role_chain
synthetic_01600,synthetic_01600_path_001,user:User5310,resource:Bucket4845,2,1,1,1,0,1,1,0,0,0,0,0,MEDIUM,0.43,Data Access,wildcard_action + wildcard_resource
synthetic_01601,synthetic_01601_path_001,user:User3950,resource:Table5786,3,2,1,1,0,0,0,0,0,0,0,0,HIGH,0.65,Lateral Movement,assume_role_chain
synthetic_01602,synthetic_01602_path_001,user:User9031,resource:Table9903,3,2,1,1,0,0,0,0,0,0,0,0,HIGH,0.65,Lateral Movement,assume_role_chain
synthetic_01603,synthetic_01603_path_001,user:User2581,resource:Bucket2841,2,1,1,1,0,1,1,0,0,0,0,0,MEDIUM,0.43,Data Access,wildcard_action + wildcard_resource
synthetic_01604,synthetic_01604_path_001,user:User7960,resource:Bucket3886,2,1,1,1,0,1,1,0,0,0,0,0,MEDIUM,0.43,Data Access,wildcard_action + wildcard_resource
synthetic_01605,synthetic_01605_path_001,user:User7522,resource:Bucket8925,2,1,1,1,0,0,0,0,0,0,0,0,LOW,0.15,Data Access,read_only_access
synthetic_01606,synthetic_01606_path_001,user:User5766,resource:Bucket9314,2,1,1,1,0,0,0,0,0,0,0,0,LOW,0.15,Data Access,read_only_access
synthetic_01607,synthetic_01607_path_001,user:User6295,role:AdminRole6203,2,2,1,1,1,0,0,0,0,0,0,0,HIGH,0.68,Lateral Movement,pass_role + assume_role_chain
synthetic_01608,synthetic_01608_path_001,user:User8240,resource:Bucket7531,2,1,1,1,0,1,1,0,0,0,0,0,MEDIUM,0.43,Data Access,wildcard_action + wildcard_resource
synthetic_01609,synthetic_01609_path_001,user:User4587,resource:Bucket1747,2,1,1,1,0,1,1,0,0,0,0,0,MEDIUM,0.43,Data Access,wildcard_action + wildcard_resource
synthetic_01610,synthetic_01610_path_001,user:User3728,resource:Bucket4378,2,1,1,1,0,0,0,0,0,0,0,0,LOW,0.15,Data Access,read_only_access
synthetic_01611,synthetic_01611_path_001,user:User1326,role:AdminRole7212,2,2,1,1,1,0,0,0,0,0,0,0,HIGH,0.68,Lateral Movement,pass_role + assume_role_chain
synthetic_01612,synthetic_01612_path_001,user:User6460,resource:Bucket2039,2,1,1,1,0,0,0,0,0,0,0,0,LOW,0.15,Data Access,read_only_access
synthetic_01613,synthetic_01613_path_001,user:User3572,role:AdminRole7480,2,2,1,1,1,0,0,0,0,0,0,0,HIGH,0.68,Lateral Movement,pass_role + assume_role_chain
synthetic_01614,synthetic_01614_path_001,user:User4757,resource:Policy3644,2,1,1,1,0,0,0,1,0,0,0,0,CRITICAL,0.85,Privilege Escalation,policy_modification
synthetic_01615,synthetic_01615_path_001,user:User5074,resource:Bucket1591,2,1,1,1,0,1,1,0,0,0,0,0,MEDIUM,0.43,Data Access,wildcard_action + wildcard_resource
synthetic_01616,synthetic_01616_path_001,user:User8944,resource:Bucket3571,2,1,1,1,0,1,1,0,0,0,0,0,MEDIUM,0.43,Data Access,wildcard_action + wildcard_resource
synthetic_01617,synthetic_01617_path_001,user:User5051,resource:Bucket5463,2,1,1,1,0,0,0,0,0,0,0,0,LOW,0.15,Data Access,read_only_access
synthetic_01618,synthetic_01618_path_001,user:User5423,resource:Bucket2253,2,1,1,1,0,1,1,0,0,0,0,0,MEDIUM,0.43,Data Access,wildcard_action + wildcard_resource
synthetic_01619,synthetic_01619_path_001,user:User9875,resource:Bucket2565,2,1,1,1,0,0,0,0,0,0,0,0,LOW,0.15,Data Access,read_only_access
synthetic_01620,synthetic_01620_path_001,user:User6114,role:AdminRole7965,2,2,1,1,1,0,0,0,0,0,0,0,HIGH,0.68,Lateral Movement,pass_role + assume_role_chain
synthetic_01621,synthetic_01621_path_001,user:User1383,role:AdminRole5490,2,2,1,1,1,0,0,0,0,0,0,0,HIGH,0.68,Lateral Movement,pass_role + assume_role_chain
synthetic_01622,synthetic_01622_path_001,user:User2633,resource:Bucket8723,2,1,1,1,0,1,1,0,0,0,0,0,MEDIUM,0.43,Data Access,wildcard_action + wildcard_resource
synthetic_01623,synthetic_01623_path_001,user:User7657,resource:Bucket8919,2,1,1,1,0,0,0,0,0,0,0,0,LOW,0.15,Data Access,read_only_access
synthetic_01624,synthetic_01624_path_001,user:User9143,resource:Bucket7106,2,1,1,1,0,0,0,0,0,0,0,0,LOW,0.15,Data Access,read_only_access
synthetic_01625,synthetic_01625_path_001,user:User1407,role:AdminRole4802,2,2,1,1,1,0,0,0,0,0,0,0,HIGH,0.68,Lateral Movement,pass_role + assume_role_chain
synthetic_01626,synthetic_01626_path_001,user:User8811,resource:Bucket6089,2,1,1,1,0,1,1,0,0,0,0,0,MEDIUM,0.43,Data Access,wildcard_action + wildcard_resource
synthetic_01627,synthetic_01627_path_001,user:User2370,resource:Table4402,3,2,1,1,0,0,0,0,0,0,0,0,HIGH,0.65,Lateral Movement,assume_role_chain
synthetic_01628,synthetic_01628_path_001,user:User9025,resource:Policy2374,2,1,1,1,0,0,0,1,0,0,0,0,CRITICAL,0.85,Privilege Escalation,policy_modification
synthetic_01629,synthetic_01629_path_001,user:User8758,role:AdminRole4808,2,2,1,1,1,0,0,0,0,0,0,0,HIGH,0.68,Lateral Movement,pass_role + assume_role_chain
synthetic_01630,synthetic_01630_path_001,user:User9084,resource:Bucket7747,2,1,1,1,0,0,0,0,0,0,0,0,LOW,0.15,Data Access,read_only_access
synthetic_01631,synthetic_01631_path_001,user:User6266,resource:Bucket1091,2,1,1,1,0,0,0,0,0,0,0,0,LOW,0.15,Data Access,read_only_access
synthetic_01632,synthetic_01632_path_001,user:User9007,role:AdminRole9188,2,2,1,1,1,0,0,0,0,0,0,0,HIGH,0.68,Lateral Movement,pass_role + assume_role_chain
synthetic_01633,synthetic_01633_path_001,user:User4862,resource:Bucket8559,2,1,1,1,0,1,1,0,0,0,0,0,MEDIUM,0.43,Data Access,wildcard_action + wildcard_resource
synthetic_01634,synthetic_01634_path_001,user:User2269,resource:Bucket3085,2,1,1,1,0,1,1,0,0,0,0,0,MEDIUM,0.43,Data Access,wildcard_action + wildcard_resource
synthetic_01635,synthetic_01635_path_001,user:User3722,resource:Bucket1639,4,3,1,1,0,0,1,0,0,0,0,0,HIGH,0.68,Lateral Movement,assume_role_chain + long_privilege_escalation_chain
synthetic_01636,synthetic_01636_path_001,user:User9594,resource:Table9963,3,2,1,1,0,0,0,0,0,0,0,0,HIGH,0.65,Lateral Movement,assume_role_chain
synthetic_01637,synthetic_01637_path_001,user:User1151,resource:Bucket2926,2,1,1,1,0,1,1,0,0,0,0,0,MEDIUM,0.43,Data Access,wildcard_action + wildcard_resource
synthetic_01638,synthetic_01638_path_001,user:485959224839,resource:Bucket9509,2,1,1,1,0,1,1,0,1,1,0,0,CRITICAL,0.88,Lateral Movement,external_trust + cross_account
synthetic_01639,synthetic_01639_path_001,user:User6409,resource:Bucket3690,2,1,1,1,0,0,0,0,0,0,0,0,LOW,0.15,Data Access,read_only_access
synthetic_01640,synthetic_01640_path_001,user:User3463,resource:Bucket2098,2,1,1,1,0,1,1,0,0,0,0,0,MEDIUM,0.43,Data Access,wildcard_action + wildcard_resource
synthetic_01641,synthetic_01641_path_001,user:User2537,resource:Bucket8513,2,1,1,1,0,0,0,0,0,0,0,0,LOW,0.15,Data Access,read_only_access
synthetic_01642,synthetic_01642_path_001,user:User3563,role:AdminRole6741,2,2,1,1,1,0,0,0,0,0,0,0,HIGH,0.68,Lateral Movement,pass_role + assume_role_chain
synthetic_01643,synthetic_01643_path_001,user:User4703,resource:Table4156,3,2,1,1,0,0,0,0,0,0,0,0,HIGH,0.65,Lateral Movement,assume_role_chain
synthetic_01644,synthetic_01644_path_001,user:User7982,resource:Bucket7017,2,1,1,1,0,1,1,0,0,0,0,0,MEDIUM,0.43,Data Access,wildcard_action + wildcard_resource
synthetic_01645,synthetic_01645_path_001,user:User4319,role:AdminRole3497,2,2,1,1,1,0,0,0,0,0,0,0,HIGH,0.68,Lateral Movement,pass_role + assume_role_chain
synthetic_01646,synthetic_01646_path_001,user:User4546,resource:Bucket3921,2,1,1,1,0,0,0,0,0,0,0,0,LOW,0.15,Data Access,read_only_access
synthetic_01647,synthetic_01647_path_001,user:partner-7274,resource:Secret5542,2,1,1,1,0,0,0,0,1,0,1,0,CRITICAL,0.85,Data Access,external_trust
synthetic_01648,synthetic_01648_path_001,user:User4798,resource:Bucket2496,2,1,1,1,0,0,0,0,0,0,0,0,LOW,0.15,Data Access,read_only_access
synthetic_01649,synthetic_01649_path_001,user:User1004,resource:Bucket2274,2,1,1,1,0,1,1,0,0,0,0,0,MEDIUM,0.43,Data Access,wildcard_action + wildcard_resource
synthetic_01650,synthetic_01650_path_001,user:partner-7969,resource:Secret6359,2,1,1,1,0,0,0,0,1,0,1,0,CRITICAL,0.85,Data Access,external_trust
synthetic_01651,synthetic_01651_path_001,user:User7442,resource:Bucket7316,2,1,1,1,0,0,0,0,0,0,0,0,LOW,0.15,Data Access,read_only_access
synthetic_01652,synthetic_01652_path_001,user:User6193,resource:Policy2281,2,1,1,1,0,0,0,1,0,0,0,0,CRITICAL,0.85,Privilege Escalation,policy_modification
synthetic_01653,synthetic_01653_path_001,user:User5550,resource:Bucket8163,2,1,1,1,0,1,1,0,0,0,0,1,CRITICAL,0.85,Privilege Escalation,admin_permission
synthetic_01654,synthetic_01654_path_001,user:partner-2970,resource:Secret6704,2,1,1,1,0,0,0,0,1,0,1,0,CRITICAL,0.85,Data Access,external_trust
synthetic_01655,synthetic_01655_path_001,user:User8636,resource:Policy7948,2,1,1,1,0,0,0,1,0,0,0,0,CRITICAL,0.85,Privilege Escalation,policy_modification
synthetic_01656,synthetic_01656_path_001,user:User4129,role:AdminRole7130,2,2,1,1,1,0,0,0,0,0,0,0,HIGH,0.68,Lateral Movement,pass_role + assume_role_chain
synthetic_01657,synthetic_01657_path_001,user:User1174,resource:Bucket8243,2,1,1,1,0,0,0,0,0,0,0,0,LOW,0.15,Data Access,read_only_access
synthetic_01658,synthetic_01658_path_001,user:User6381,role:AdminRole7043,2,2,1,1,1,0,0,0,0,0,0,0,HIGH,0.68,Lateral Movement,pass_role + assume_role_chain
synthetic_01659,synthetic_01659_path_001,user:809404760440,resource:Bucket8713,2,1,1,1,0,1,1,0,1,1,0,0,CRITICAL,0.88,Lateral Movement,external_trust + cross_account
synthetic_01660,synthetic_01660_path_001,user:User9938,resource:Bucket1625,2,1,1,1,0,1,1,0,0,0,0,0,MEDIUM,0.43,Data Access,wildcard_action + wildcard_resource
synthetic_01661,synthetic_01661_path_001,user:222161070518,resource:Bucket4181,2,1,1,1,0,1,1,0,1,1,0,0,CRITICAL,0.88,Lateral Movement,external_trust + cross_account
synthetic_01662,synthetic_01662_path_001,user:User6185,resource:Table9459,3,2,1,1,0,0,0,0,0,0,0,0,HIGH,0.65,Lateral Movement,assume_role_chain
synthetic_01663,synthetic_01663_path_001,user:User7605,resource:Bucket2007,2,1,1,1,0,0,0,0,0,0,0,0,LOW,0.15,Data Access,read_only_access
synthetic_01664,synthetic_01664_path_001,user:partner-3416,resource:Secret2375,2,1,1,1,0,0,0,0,1,0,1,0,CRITICAL,0.85,Data Access,external_trust
synthetic_01665,synthetic_01665_path_001,user:User4255,resource:Bucket7705,2,1,1,1,0,0,0,0,0,0,0,0,LOW,0.15,Data Access,read_only_access
synthetic_01666,synthetic_01666_path_001,user:User6745,resource:Bucket6594,2,1,1,1,0,1,1,0,0,0,0,0,MEDIUM,0.43,Data Access,wildcard_action + wildcard_resource
synthetic_01667,synthetic_01667_path_001,user:111212590203,resource:Bucket8542,2,1,1,1,0,1,1,0,1,1,0,0,CRITICAL,0.88,Lateral Movement,external_trust + cross_account
synthetic_01668,synthetic_01668_path_001,user:User4130,resource:Policy6087,2,1,1,1,0,0,0,1,0,0,0,0,CRITICAL,0.85,Privilege Escalation,policy_modification
synthetic_01669,synthetic_01669_path_001,user:User3916,resource:Bucket7782,4,3,1,1,0,0,1,0,0,0,0,0,HIGH,0.68,Lateral Movement,assume_role_chain + long_privilege_escalation_chain
synthetic_01670,synthetic_01670_path_001,user:244741759558,resource:Bucket3793,2,1,1,1,0,1,1,0,1,1,0,0,CRITICAL,0.88,Lateral Movement,external_trust + cross_account
synthetic_01671,synthetic_01671_path_001,user:User4451,role:AdminRole6683,2,2,1,1,1,0,0,0,0,0,0,0,HIGH,0.68,Lateral Movement,pass_role + assume_role_chain
synthetic_01672,synthetic_01672_path_001,user:User5729,resource:Table9253,3,2,1,1,0,0,0,0,0,0,0,0,HIGH,0.65,Lateral Movement,assume_role_chain
synthetic_01673,synthetic_01673_path_001,user:User5406,role:AdminRole9409,2,2,1,1,1,0,0,0,0,0,0,0,HIGH,0.68,Lateral Movement,pass_role + assume_role_chain
synthetic_01674,synthetic_01674_path_001,user:partner-5230,resource:Secret8662,2,1,1,1,0,0,0,0,1,0,1,0,CRITICAL,0.85,Data Access,external_trust
synthetic_01675,synthetic_01675_path_001,user:827279559690,resource:Bucket2713,2,1,1,1,0,1,1,0,1,1,0,0,CRITICAL,0.88,Lateral Movement,external_trust + cross_account
synthetic_01676,synthetic_01676_path_001,user:User6483,resource:Bucket2641,2,1,1,1,0,1,1,0,0,0,0,0,MEDIUM,0.43,Data Access,wildcard_action + wildcard_resource
synthetic_01677,synthetic_01677_path_001,user:User9958,resource:Bucket1356,2,1,1,1,0,0,0,0,0,0,0,0,LOW,0.15,Data Access,read_only_access
synthetic_01678,synthetic_01678_path_001,user:User8126,role:AdminRole8759,2,2,1,1,1,0,0,0,0,0,0,0,HIGH,0.68,Lateral Movement,pass_role + assume_role_chain
synthetic_01679,synthetic_01679_path_001,user:User5138,resource:Policy6535,2,1,1,1,0,0,0,1,0,0,0,0,CRITICAL,0.85,Privilege Escalation,policy_modification
synthetic_01680,synthetic_01680_path_001,user:User1657,resource:Bucket9306,2,1,1,1,0,1,1,0,0,0,0,0,MEDIUM,0.43,Data Access,wildcard_action + wildcard_resource
synthetic_01681,synthetic_01681_path_001,user:partner-7565,resource:Secret3687,2,1,1,1,0,0,0,0,1,0,1,0,CRITICAL,0.85,Data Access,external_trust
synthetic_01682,synthetic_01682_path_001,user:839225014257,resource:Bucket3708,2,1,1,1,0,1,1,0,1,1,0,0,CRITICAL,0.88,Lateral Movement,external_trust + cross_account
synthetic_01683,synthetic_01683_path_001,user:User3819,resource:Bucket6038,2,1,1,1,0,0,0,0,0,0,0,0,LOW,0.15,Data Access,read_only_access
synthetic_01684,synthetic_01684_path_001,user:User8152,resource:Policy5009,2,1,1,1,0,0,0,1,0,0,0,0,CRITICAL,0.85,Privilege Escalation,policy_modification
synthetic_01685,synthetic_01685_path_001,user:User7131,role:AdminRole8820,2,2,1,1,1,0,0,0,0,0,0,0,HIGH,0.68,Lateral Movement,pass_role + assume_role_chain
synthetic_01686,synthetic_01686_path_001,user:User2636,resource:Bucket7456,2,1,1,1,0,0,0,0,0,0,0,0,LOW,0.15,Data Access,read_only_access
synthetic_01687,synthetic_01687_path_001,user:User8593,resource:Bucket2569,2,1,1,1,0,1,1,0,0,0,0,0,MEDIUM,0.43,Data Access,wildcard_action + wildcard_resource
synthetic_01688,synthetic_01688_path_001,user:partner-3187,resource:Secret6359,2,1,1,1,0,0,0,0,1,0,1,0,CRITICAL,0.85,Data Access,external_trust
synthetic_01689,synthetic_01689_path_001,user:User9750,role:AdminRole6683,2,2,1,1,1,0,0,0,0,0,0,0,HIGH,0.68,Lateral Movement,pass_role + assume_role_chain
synthetic_01690,synthetic_01690_path_001,user:User1440,resource:Bucket3918,2,1,1,1,0,1,1,0,0,0,0,0,MEDIUM,0.43,Data Access,wildcard_action + wildcard_resource
synthetic_01691,synthetic_01691_path_001,user:User1026,resource:Bucket2265,2,1,1,1,0,1,1,0,0,0,0,0,MEDIUM,0.43,Data Access,wildcard_action + wildcard_resource
synthetic_01692,synthetic_01692_path_001,user:User4460,resource:Bucket8133,2,1,1,1,0,0,0,0,0,0,0,0,LOW,0.15,Data Access,read_only_access
synthetic_01693,synthetic_01693_path_001,user:User7974,resource:Table6096,3,2,1,1,0,0,0,0,0,0,0,0,HIGH,0.65,Lateral Movement,assume_role_chain
synthetic_01694,synthetic_01694_path_001,user:User8875,resource:Bucket5276,2,1,1,1,0,1,1,0,0,0,0,0,MEDIUM,0.43,Data Access,wildcard_action + wildcard_resource
synthetic_01695,synthetic_01695_path_001,user:User9476,resource:Bucket8617,2,1,1,1,0,1,1,0,0,0,0,0,MEDIUM,0.43,Data Access,wildcard_action + wildcard_resource
synthetic_01696,synthetic_01696_path_001,user:User7626,resource:Bucket3109,4,3,1,1,0,0,1,0,0,0,0,0,HIGH,0.68,Lateral Movement,assume_role_chain + long_privilege_escalation_chain
synthetic_01697,synthetic_01697_path_001,user:User7581,resource:Bucket1893,2,1,1,1,0,1,1,0,0,0,0,0,MEDIUM,0.43,Data Access,wildcard_action + wildcard_resource
synthetic_01698,synthetic_01698_path_001,user:User2899,resource:Bucket8758,4,3,1,1,0,0,1,0,0,0,0,0,HIGH,0.68,Lateral Movement,assume_role_chain + long_privilege_escalation_chain
synthetic_01699,synthetic_01699_path_001,user:partner-7947,resource:Secret7282,2,1,1,1,0,0,0,0,1,0,1,0,CRITICAL,0.85,Data Access,external_trust
synthetic_01700,synthetic_01700_path_001,user:User5224,resource:Bucket9436,2,1,1,1,0,0,0,0,0,0,0,0,LOW,0.15,Data Access,read_only_access
synthetic_01701,synthetic_01701_path_001,user:User1652,resource:Bucket9021,2,1,1,1,0,1,1,0,0,0,0,0,MEDIUM,0.43,Data Access,wildcard_action + wildcard_resource
synthetic_01702,synthetic_01702_path_001,user:546540842456,resource:Bucket8319,2,1,1,1,0,1,1,0,1,1,0,0,CRITICAL,0.88,Lateral Movement,external_trust + cross_account
synthetic_01703,synthetic_01703_path_001,user:User2829,resource:Bucket1599,2,1,1,1,0,0,0,0,0,0,0,0,LOW,0.15,Data Access,read_only_access
synthetic_01704,synthetic_01704_path_001,user:User2549,resource:Bucket3369,2,1,1,1,0,0,0,0,0,0,0,0,LOW,0.15,Data Access,read_only_access
synthetic_01705,synthetic_01705_path_001,user:User8504,resource:Bucket9577,2,1,1,1,0,1,1,0,0,0,0,0,MEDIUM,0.43,Data Access,wildcard_action + wildcard_resource
synthetic_01706,synthetic_01706_path_001,user:User1627,resource:Bucket2656,2,1,1,1,0,1,1,0,0,0,0,0,MEDIUM,0.43,Data Access,wildcard_action + wildcard_resource
synthetic_01707,synthetic_01707_path_001,user:466024161394,resource:Bucket9422,2,1,1,1,0,1,1,0,1,1,0,0,CRITICAL,0.88,Lateral Movement,external_trust + cross_account
synthetic_01708,synthetic_01708_path_001,user:User4525,role:AdminRole5502,2,2,1,1,1,0,0,0,0,0,0,0,HIGH,0.68,Lateral Movement,pass_role + assume_role_chain
synthetic_01709,synthetic_01709_path_001,user:User4042,resource:Bucket7531,4,3,1,1,0,0,1,0,0,0,0,0,HIGH,0.68,Lateral Movement,assume_role_chain + long_privilege_escalation_chain
synthetic_01710,synthetic_01710_path_001,user:User4393,resource:Bucket7788,2,1,1,1,0,0,0,0,0,0,0,0,LOW,0.15,Data Access,read_only_access
synthetic_01711,synthetic_01711_path_001,user:User6212,resource:Bucket4626,2,1,1,1,0,1,1,0,0,0,0,0,MEDIUM,0.43,Data Access,wildcard_action + wildcard_resource
synthetic_01712,synthetic_01712_path_001,user:User2044,resource:Bucket8547,2,1,1,1,0,1,1,0,0,0,0,0,MEDIUM,0.43,Data Access,wildcard_action + wildcard_resource
synthetic_01713,synthetic_01713_path_001,user:User1205,resource:Bucket6580,2,1,1,1,0,1,1,0,0,0,0,0,MEDIUM,0.43,Data Access,wildcard_action + wildcard_resource
synthetic_01714,synthetic_01714_path_001,user:User8568,resource:Bucket4451,2,1,1,1,0,1,1,0,0,0,0,0,MEDIUM,0.43,Data Access,wildcard_action + wildcard_resource
synthetic_01715,synthetic_01715_path_001,user:User2287,resource:Bucket6657,2,1,1,1,0,1,1,0,0,0,0,0,MEDIUM,0.43,Data Access,wildcard_action + wildcard_resource
synthetic_01716,synthetic_01716_path_001,user:User7048,resource:Bucket5781,2,1,1,1,0,1,1,0,0,0,0,1,CRITICAL,0.85,Privilege Escalation,admin_permission
synthetic_01717,synthetic_01717_path_001,user:User3554,resource:Bucket6761,2,1,1,1,0,1,1,0,0,0,0,0,MEDIUM,0.43,Data Access,wildcard_action + wildcard_resource
synthetic_01718,synthetic_01718_path_001,user:User5651,resource:Bucket4845,2,1,1,1,0,0,0,0,0,0,0,0,LOW,0.15,Data Access,read_only_access
synthetic_01719,synthetic_01719_path_001,user:User3023,role:AdminRole7483,2,2,1,1,1,0,0,0,0,0,0,0,HIGH,0.68,Lateral Movement,pass_role + assume_role_chain
synthetic_01720,synthetic_01720_path_001,user:User2812,resource:Bucket3926,2,1,1,1,0,0,0,0,0,0,0,0,LOW,0.15,Data Access,read_only_access
synthetic_01721,synthetic_01721_path_001,user:User4567,resource:Bucket5569,2,1,1,1,0,1,1,0,0,0,0,0,MEDIUM,0.43,Data Access,wildcard_action + wildcard_resource
synthetic_01722,synthetic_01722_path_001,user:User6206,resource:Bucket9775,2,1,1,1,0,0,0,0,0,0,0,0,LOW,0.15,Data Access,read_only_access
synthetic_01723,synthetic_01723_path_001,user:User8600,resource:Bucket8363,2,1,1,1,0,1,1,0,0,0,0,0,MEDIUM,0.43,Data Access,wildcard_action + wildcard_resource
synthetic_01724,synthetic_01724_path_001,user:User9727,resource:Bucket8602,2,1,1,1,0,1,1,0,0,0,0,0,MEDIUM,0.43,Data Access,wildcard_action + wildcard_resource
synthetic_01725,synthetic_01725_path_001,user:User7850,role:AdminRole7722,2,2,1,1,1,0,0,0,0,0,0,0,HIGH,0.68,Lateral Movement,pass_role + assume_role_chain
synthetic_01726,synthetic_01726_path_001,user:User1475,resource:Bucket3270,2,1,1,1,0,0,0,0,0,0,0,0,LOW,0.15,Data Access,read_only_access
synthetic_01727,synthetic_01727_path_001,user:User5095,resource:Bucket8731,2,1,1,1,0,1,1,0,0,0,0,0,MEDIUM,0.43,Data Access,wildcard_action + wildcard_resource
synthetic_01728,synthetic_01728_path_001,user:User7378,resource:Bucket8500,4,3,1,1,0,0,1,0,0,0,0,0,HIGH,0.68,Lateral Movement,assume_role_chain + long_privilege_escalation_chain
synthetic_01729,synthetic_01729_path_001,user:User4273,resource:Bucket3173,2,1,1,1,0,1,1,0,0,0,0,0,MEDIUM,0.43,Data Access,wildcard_action + wildcard_resource
synthetic_01730,synthetic_01730_path_001,user:User8555,resource:Bucket5014,2,1,1,1,0,0,0,0,0,0,0,0,LOW,0.15,Data Access,read_only_access
synthetic_01731,synthetic_01731_path_001,user:User8559,resource:Bucket2821,2,1,1,1,0,0,0,0,0,0,0,0,LOW,0.15,Data Access,read_only_access
synthetic_01732,synthetic_01732_path_001,user:User2144,resource:Bucket1529,2,1,1,1,0,1,1,0,0,0,0,0,MEDIUM,0.43,Data Access,wildcard_action + wildcard_resource
synthetic_01733,synthetic_01733_path_001,user:User7833,resource:Bucket9803,2,1,1,1,0,1,1,0,0,0,0,0,MEDIUM,0.43,Data Access,wildcard_action + wildcard_resource
synthetic_01734,synthetic_01734_path_001,user:User1979,resource:Bucket7527,2,1,1,1,0,1,1,0,0,0,0,0,MEDIUM,0.43,Data Access,wildcard_action + wildcard_resource
synthetic_01735,synthetic_01735_path_001,user:User9381,resource:Bucket2697,4,3,1,1,0,0,1,0,0,0,0,0,HIGH,0.68,Lateral Movement,assume_role_chain + long_privilege_escalation_chain
synthetic_01736,synthetic_01736_path_001,user:User2831,resource:Policy7004,2,1,1,1,0,0,0,1,0,0,0,0,CRITICAL,0.85,Privilege Escalation,policy_modification
synthetic_01737,synthetic_01737_path_001,user:User4982,resource:Bucket4442,2,1,1,1,0,1,1,0,0,0,0,0,MEDIUM,0.43,Data Access,wildcard_action + wildcard_resource
synthetic_01738,synthetic_01738_path_001,user:User2213,resource:Table5009,3,2,1,1,0,0,0,0,0,0,0,0,HIGH,0.65,Lateral Movement,assume_role_chain
synthetic_01739,synthetic_01739_path_001,user:partner-6610,resource:Secret8285,2,1,1,1,0,0,0,0,1,0,1,0,CRITICAL,0.85,Data Access,external_trust
synthetic_01740,synthetic_01740_path_001,user:User5510,resource:Bucket9548,4,3,1,1,0,0,1,0,0,0,0,0,HIGH,0.68,Lateral Movement,assume_role_chain + long_privilege_escalation_chain
synthetic_01741,synthetic_01741_path_001,user:954429477422,resource:Bucket5789,2,1,1,1,0,1,1,0,1,1,0,0,CRITICAL,0.88,Lateral Movement,external_trust + cross_account
synthetic_01742,synthetic_01742_path_001,user:User4467,resource:Bucket3430,2,1,1,1,0,0,0,0,0,0,0,0,LOW,0.15,Data Access,read_only_access
synthetic_01743,synthetic_01743_path_001,user:User9467,resource:Bucket6639,4,3,1,1,0,0,1,0,0,0,0,0,HIGH,0.68,Lateral Movement,assume_role_chain + long_privilege_escalation_chain
synthetic_01744,synthetic_01744_path_001,user:User8950,resource:Bucket9605,2,1,1,1,0,1,1,0,0,0,0,0,MEDIUM,0.43,Data Access,wildcard_action + wildcard_resource
synthetic_01745,synthetic_01745_path_001,user:015343324913,resource:Bucket9172,2,1,1,1,0,1,1,0,1,1,0,0,CRITICAL,0.88,Lateral Movement,external_trust + cross_account
synthetic_01746,synthetic_01746_path_001,user:User9587,resource:Bucket1538,4,3,1,1,0,0,1,0,0,0,0,0,HIGH,0.68,Lateral Movement,assume_role_chain + long_privilege_escalation_chain
synthetic_01747,synthetic_01747_path_001,user:User5447,role:AdminRole9810,2,2,1,1,1,0,0,0,0,0,0,0,HIGH,0.68,Lateral Movement,pass_role + assume_role_chain
synthetic_01748,synthetic_01748_path_001,user:User1917,resource:Policy9567,2,1,1,1,0,0,0,1,0,0,0,0,CRITICAL,0.85,Privilege Escalation,policy_modification
synthetic_01749,synthetic_01749_path_001,user:User3993,resource:Bucket4741,2,1,1,1,0,1,1,0,0,0,0,0,MEDIUM,0.43,Data Access,wildcard_action + wildcard_resource
synthetic_01750,synthetic_01750_path_001,user:User5354,resource:Bucket2496,2,1,1,1,0,1,1,0,0,0,0,1,CRITICAL,0.85,Privilege Escalation,admin_permission
synthetic_01751,synthetic_01751_path_001,user:User1997,role:AdminRole4728,2,2,1,1,1,0,0,0,0,0,0,0,HIGH,0.68,Lateral Movement,pass_role + assume_role_chain
synthetic_01752,synthetic_01752_path_001,user:User8819,resource:Bucket2610,2,1,1,1,0,0,0,0,0,0,0,0,LOW,0.15,Data Access,read_only_access
synthetic_01753,synthetic_01753_path_001,user:User4218,resource:Table8240,3,2,1,1,0,0,0,0,0,0,0,0,HIGH,0.65,Lateral Movement,assume_role_chain
synthetic_01754,synthetic_01754_path_001,user:User4234,resource:Bucket9886,2,1,1,1,0,0,0,0,0,0,0,0,LOW,0.15,Data Access,read_only_access
synthetic_01755,synthetic_01755_path_001,user:User8041,role:AdminRole8252,2,2,1,1,1,0,0,0,0,0,0,0,HIGH,0.68,Lateral Movement,pass_role + assume_role_chain
synthetic_01756,synthetic_01756_path_001,user:partner-4191,resource:Secret1008,2,1,1,1,0,0,0,0,1,0,1,0,CRITICAL,0.85,Data Access,external_trust
synthetic_01757,synthetic_01757_path_001,user:User9070,role:AdminRole6384,2,2,1,1,1,0,0,0,0,0,0,0,HIGH,0.68,Lateral Movement,pass_role + assume_role_chain
synthetic_01758,synthetic_01758_path_001,user:User9424,role:AdminRole5909,2,2,1,1,1,0,0,0,0,0,0,0,HIGH,0.68,Lateral Movement,pass_role + assume_role_chain
synthetic_01759,synthetic_01759_path_001,user:User9719,resource:Bucket6589,2,1,1,1,0,1,1,0,0,0,0,0,MEDIUM,0.43,Data Access,wildcard_action + wildcard_resource
synthetic_01760,synthetic_01760_path_001,user:User3984,resource:Bucket1106,2,1,1,1,0,1,1,0,0,0,0,0,MEDIUM,0.43,Data Access,wildcard_action + wildcard_resource
synthetic_01761,synthetic_01761_path_001,user:User2074,resource:Bucket5991,2,1,1,1,0,0,0,0,0,0,0,0,LOW,0.15,Data Access,read_only_access
synthetic_01762,synthetic_01762_path_001,user:User9824,resource:Table2781,3,2,1,1,0,0,0,0,0,0,0,0,HIGH,0.65,Lateral Movement,assume_role_chain
synthetic_01763,synthetic_01763_path_001,user:partner-4493,resource:Secret9221,2,1,1,1,0,0,0,0,1,0,1,0,CRITICAL,0.85,Data Access,external_trust
synthetic_01764,synthetic_01764_path_001,user:partner-8731,resource:Secret5916,2,1,1,1,0,0,0,0,1,0,1,0,CRITICAL,0.85,Data Access,external_trust
synthetic_01765,synthetic_01765_path_001,user:User4144,resource:Bucket3814,2,1,1,1,0,1,1,0,0,0,0,0,MEDIUM,0.43,Data Access,wildcard_action + wildcard_resource
synthetic_01766,synthetic_01766_path_001,user:User8762,resource:Bucket5413,2,1,1,1,0,1,1,0,0,0,0,1,CRITICAL,0.85,Privilege Escalation,admin_permission
synthetic_01767,synthetic_01767_path_001,user:452455574696,resource:Bucket1092,2,1,1,1,0,1,1,0,1,1,0,0,CRITICAL,0.88,Lateral Movement,external_trust + cross_account
synthetic_01768,synthetic_01768_path_001,user:User3292,resource:Bucket5492,2,1,1,1,0,1,1,0,0,0,0,0,MEDIUM,0.43,Data Access,wildcard_action + wildcard_resource
synthetic_01769,synthetic_01769_path_001,user:User5193,resource:Table1387,3,2,1,1,0,0,0,0,0,0,0,0,HIGH,0.65,Lateral Movement,assume_role_chain
synthetic_01770,synthetic_01770_path_001,user:User7265,resource:Bucket4267,2,1,1,1,0,1,1,0,0,0,0,0,MEDIUM,0.43,Data Access,wildcard_action + wildcard_resource
synthetic_01771,synthetic_01771_path_001,user:User2219,resource:Bucket3628,2,1,1,1,0,1,1,0,0,0,0,0,MEDIUM,0.43,Data Access,wildcard_action + wildcard_resource
synthetic_01772,synthetic_01772_path_001,user:User1753,role:AdminRole8979,2,2,1,1,1,0,0,0,0,0,0,0,HIGH,0.68,Lateral Movement,pass_role + assume_role_chain
synthetic_01773,synthetic_01773_path_001,user:User7144,resource:Bucket2661,2,1,1,1,0,0,0,0,0,0,0,0,LOW,0.15,Data Access,read_only_access
synthetic_01774,synthetic_01774_path_001,user:User8178,role:AdminRole2819,2,2,1,1,1,0,0,0,0,0,0,0,HIGH,0.68,Lateral Movement,pass_role + assume_role_chain
synthetic_01775,synthetic_01775_path_001,user:User2212,resource:Bucket7779,2,1,1,1,0,1,1,0,0,0,0,0,MEDIUM,0.43,Data Access,wildcard_action + wildcard_resource
synthetic_01776,synthetic_01776_path_001,user:User4276,resource:Bucket8180,2,1,1,1,0,1,1,0,0,0,0,0,MEDIUM,0.43,Data Access,wildcard_action + wildcard_resource
synthetic_01777,synthetic_01777_path_001,user:User5271,role:AdminRole5774,2,2,1,1,1,0,0,0,0,0,0,0,HIGH,0.68,Lateral Movement,pass_role + assume_role_chain
synthetic_01778,synthetic_01778_path_001,user:User3301,resource:Bucket8304,4,3,1,1,0,0,1,0,0,0,0,0,HIGH,0.68,Lateral Movement,assume_role_chain + long_privilege_escalation_chain
synthetic_01779,synthetic_01779_path_001,user:User8549,resource:Bucket6456,2,1,1,1,0,1,1,0,0,0,0,0,MEDIUM,0.43,Data Access,wildcard_action + wildcard_resource
synthetic_01780,synthetic_01780_path_001,user:User1379,role:AdminRole2952,2,2,1,1,1,0,0,0,0,0,0,0,HIGH,0.68,Lateral Movement,pass_role + assume_role_chain
synthetic_01781,synthetic_01781_path_001,user:User8001,resource:Table1786,3,2,1,1,0,0,0,0,0,0,0,0,HIGH,0.65,Lateral Movement,assume_role_chain
synthetic_01782,synthetic_01782_path_001,user:User1987,resource:Policy7119,2,1,1,1,0,0,0,1,0,0,0,0,CRITICAL,0.85,Privilege Escalation,policy_modification
synthetic_01783,synthetic_01783_path_001,user:User1525,resource:Bucket6358,2,1,1,1,0,1,1,0,0,0,0,0,MEDIUM,0.43,Data Access,wildcard_action + wildcard_resource
synthetic_01784,synthetic_01784_path_001,user:User2099,resource:Bucket2509,2,1,1,1,0,1,1,0,0,0,0,0,MEDIUM,0.43,Data Access,wildcard_action + wildcard_resource
synthetic_01785,synthetic_01785_path_001,user:User2437,role:AdminRole4127,2,2,1,1,1,0,0,0,0,0,0,0,HIGH,0.68,Lateral Movement,pass_role + assume_role_chain
synthetic_01786,synthetic_01786_path_001,user:partner-8060,resource:Secret8630,2,1,1,1,0,0,0,0,1,0,1,0,CRITICAL,0.85,Data Access,external_trust
synthetic_01787,synthetic_01787_path_001,user:User2196,resource:Table8439,3,2,1,1,0,0,0,0,0,0,0,0,HIGH,0.65,Lateral Movement,assume_role_chain
synthetic_01788,synthetic_01788_path_001,user:User8084,role:AdminRole7577,2,2,1,1,1,0,0,0,0,0,0,0,HIGH,0.68,Lateral Movement,pass_role + assume_role_chain
synthetic_01789,synthetic_01789_path_001,user:User1104,role:AdminRole1309,2,2,1,1,1,0,0,0,0,0,0,0,HIGH,0.68,Lateral Movement,pass_role + assume_role_chain
synthetic_01790,synthetic_01790_path_001,user:User6281,resource:Bucket3465,2,1,1,1,0,0,0,0,0,0,0,0,LOW,0.15,Data Access,read_only_access
synthetic_01791,synthetic_01791_path_001,user:User6351,resource:Table4282,3,2,1,1,0,0,0,0,0,0,0,0,HIGH,0.65,Lateral Movement,assume_role_chain
synthetic_01792,synthetic_01792_path_001,user:partner-6810,resource:Secret4094,2,1,1,1,0,0,0,0,1,0,1,0,CRITICAL,0.85,Data Access,external_trust
synthetic_01793,synthetic_01793_path_001,user:User2653,resource:Bucket9739,2,1,1,1,0,1,1,0,0,0,0,0,MEDIUM,0.43,Data Access,wildcard_action + wildcard_resource
synthetic_01794,synthetic_01794_path_001,user:User2134,resource:Bucket6166,2,1,1,1,0,1,1,0,0,0,0,0,MEDIUM,0.43,Data Access,wildcard_action + wildcard_resource
synthetic_01795,synthetic_01795_path_001,user:User7951,resource:Bucket4817,2,1,1,1,0,1,1,0,0,0,0,0,MEDIUM,0.43,Data Access,wildcard_action + wildcard_resource
synthetic_01796,synthetic_01796_path_001,user:User8203,resource:Bucket7145,2,1,1,1,0,0,0,0,0,0,0,0,LOW,0.15,Data Access,read_only_access
synthetic_01797,synthetic_01797_path_001,user:User4417,resource:Bucket8185,4,3,1,1,0,0,1,0,0,0,0,0,HIGH,0.68,Lateral Movement,assume_role_chain + long_privilege_escalation_chain
synthetic_01798,synthetic_01798_path_001,user:partner-3042,resource:Secret3868,2,1,1,1,0,0,0,0,1,0,1,0,CRITICAL,0.85,Data Access,external_trust
synthetic_01799,synthetic_01799_path_001,user:partner-2971,resource:Secret6871,2,1,1,1,0,0,0,0,1,0,1,0,CRITICAL,0.85,Data Access,external_trust
synthetic_01800,synthetic_01800_path_001,user:User2487,resource:Bucket6895,2,1,1,1,0,0,0,0,0,0,0,0,LOW,0.15,Data Access,read_only_access
synthetic_01801,synthetic_01801_path_001,user:User8486,resource:Bucket1118,2,1,1,1,0,0,0,0,0,0,0,0,LOW,0.15,Data Access,read_only_access
synthetic_01802,synthetic_01802_path_001,user:User2639,resource:Bucket6904,2,1,1,1,0,1,1,0,0,0,0,1,CRITICAL,0.85,Privilege Escalation,admin_permission
synthetic_01803,synthetic_01803_path_001,user:User5926,resource:Bucket2383,2,1,1,1,0,1,1,0,0,0,0,1,CRITICAL,0.85,Privilege Escalation,admin_permission
synthetic_01804,synthetic_01804_path_001,user:User5500,resource:Bucket1743,2,1,1,1,0,1,1,0,0,0,0,1,CRITICAL,0.85,Privilege Escalation,admin_permission
synthetic_01805,synthetic_01805_path_001,user:User3096,role:AdminRole3551,2,2,1,1,1,0,0,0,0,0,0,0,HIGH,0.68,Lateral Movement,pass_role + assume_role_chain
synthetic_01806,synthetic_01806_path_001,user:User8697,resource:Bucket2002,2,1,1,1,0,0,0,0,0,0,0,0,LOW,0.15,Data Access,read_only_access
synthetic_01807,synthetic_01807_path_001,user:User3580,role:AdminRole3824,2,2,1,1,1,0,0,0,0,0,0,0,HIGH,0.68,Lateral Movement,pass_role + assume_role_chain
synthetic_01808,synthetic_01808_path_001,user:User9496,resource:Bucket3975,2,1,1,1,0,0,0,0,0,0,0,0,LOW,0.15,Data Access,read_only_access
synthetic_01809,synthetic_01809_path_001,user:User9151,resource:Bucket6014,2,1,1,1,0,0,0,0,0,0,0,0,LOW,0.15,Data Access,read_only_access
synthetic_01810,synthetic_01810_path_001,user:User6260,resource:Bucket1423,2,1,1,1,0,1,1,0,0,0,0,0,MEDIUM,0.43,Data Access,wildcard_action + wildcard_resource
synthetic_01811,synthetic_01811_path_001,user:User3364,resource:Bucket1761,2,1,1,1,0,0,0,0,0,0,0,0,LOW,0.15,Data Access,read_only_access
synthetic_01812,synthetic_01812_path_001,user:User6712,resource:Bucket2509,2,1,1,1,0,0,0,0,0,0,0,0,LOW,0.15,Data Access,read_only_access
synthetic_01813,synthetic_01813_path_001,user:User8609,resource:Bucket9793,2,1,1,1,0,1,1,0,0,0,0,1,CRITICAL,0.85,Privilege Escalation,admin_permission
synthetic_01814,synthetic_01814_path_001,user:User1011,role:AdminRole8802,2,2,1,1,1,0,0,0,0,0,0,0,HIGH,0.68,Lateral Movement,pass_role + assume_role_chain
synthetic_01815,synthetic_01815_path_001,user:User5208,resource:Bucket6290,2,1,1,1,0,1,1,0,0,0,0,0,MEDIUM,0.43,Data Access,wildcard_action + wildcard_resource
synthetic_01816,synthetic_01816_path_001,user:User4215,resource:Bucket4593,2,1,1,1,0,1,1,0,0,0,0,0,MEDIUM,0.43,Data Access,wildcard_action + wildcard_resource
synthetic_01817,synthetic_01817_path_001,user:User2553,resource:Table2724,3,2,1,1,0,0,0,0,0,0,0,0,HIGH,0.65,Lateral Movement,assume_role_chain
synthetic_01818,synthetic_01818_path_001,user:User5106,resource:Bucket5933,2,1,1,1,0,0,0,0,0,0,0,0,LOW,0.15,Data Access,read_only_access
synthetic_01819,synthetic_01819_path_001,user:User9468,role:AdminRole3157,2,2,1,1,1,0,0,0,0,0,0,0,HIGH,0.68,Lateral Movement,pass_role + assume_role_chain
synthetic_01820,synthetic_01820_path_001,user:User7140,resource:Bucket1560,2,1,1,1,0,1,1,0,0,0,0,0,MEDIUM,0.43,Data Access,wildcard_action + wildcard_resource
synthetic_01821,synthetic_01821_path_001,user:User3984,resource:Bucket3342,2,1,1,1,0,0,0,0,0,0,0,0,LOW,0.15,Data Access,read_only_access
synthetic_01822,synthetic_01822_path_001,user:User1191,resource:Bucket8927,2,1,1,1,0,1,1,0,0,0,0,0,MEDIUM,0.43,Data Access,wildcard_action + wildcard_resource
synthetic_01823,synthetic_01823_path_001,user:User7646,resource:Policy4519,2,1,1,1,0,0,0,1,0,0,0,0,CRITICAL,0.85,Privilege Escalation,policy_modification
synthetic_01824,synthetic_01824_path_001,user:User8206,resource:Bucket5576,2,1,1,1,0,1,1,0,0,0,0,0,MEDIUM,0.43,Data Access,wildcard_action + wildcard_resource
synthetic_01825,synthetic_01825_path_001,user:User8984,resource:Bucket8476,2,1,1,1,0,1,1,0,0,0,0,0,MEDIUM,0.43,Data Access,wildcard_action + wildcard_resource
synthetic_01826,synthetic_01826_path_001,user:User2034,role:AdminRole7988,2,2,1,1,1,0,0,0,0,0,0,0,HIGH,0.68,Lateral Movement,pass_role + assume_role_chain
synthetic_01827,synthetic_01827_path_001,user:User9901,resource:Table4721,3,2,1,1,0,0,0,0,0,0,0,0,HIGH,0.65,Lateral Movement,assume_role_chain
synthetic_01828,synthetic_01828_path_001,user:User2820,resource:Bucket5844,2,1,1,1,0,1,1,0,0,0,0,1,CRITICAL,0.85,Privilege Escalation,admin_permission
synthetic_01829,synthetic_01829_path_001,user:User2359,resource:Bucket3991,2,1,1,1,0,1,1,0,0,0,0,0,MEDIUM,0.43,Data Access,wildcard_action + wildcard_resource
synthetic_01830,synthetic_01830_path_001,user:User4634,resource:Policy4255,2,1,1,1,0,0,0,1,0,0,0,0,CRITICAL,0.85,Privilege Escalation,policy_modification
synthetic_01831,synthetic_01831_path_001,user:User3486,role:AdminRole9602,2,2,1,1,1,0,0,0,0,0,0,0,HIGH,0.68,Lateral Movement,pass_role + assume_role_chain
synthetic_01832,synthetic_01832_path_001,user:User9735,resource:Bucket9838,2,1,1,1,0,0,0,0,0,0,0,0,LOW,0.15,Data Access,read_only_access
synthetic_01833,synthetic_01833_path_001,user:User3713,resource:Bucket3491,2,1,1,1,0,0,0,0,0,0,0,0,LOW,0.15,Data Access,read_only_access
synthetic_01834,synthetic_01834_path_001,user:User7567,resource:Bucket7386,2,1,1,1,0,0,0,0,0,0,0,0,LOW,0.15,Data Access,read_only_access
synthetic_01835,synthetic_01835_path_001,user:User5915,resource:Bucket2226,2,1,1,1,0,1,1,0,0,0,0,0,MEDIUM,0.43,Data Access,wildcard_action + wildcard_resource
synthetic_01836,synthetic_01836_path_001,user:991062272362,resource:Bucket7406,2,1,1,1,0,1,1,0,1,1,0,0,CRITICAL,0.88,Lateral Movement,external_trust + cross_account
synthetic_01837,synthetic_01837_path_001,user:User4707,resource:Bucket3300,2,1,1,1,0,1,1,0,0,0,0,0,MEDIUM,0.43,Data Access,wildcard_action + wildcard_resource
synthetic_01838,synthetic_01838_path_001,user:User3487,resource:Bucket5513,4,3,1,1,0,0,1,0,0,0,0,0,HIGH,0.68,Lateral Movement,assume_role_chain + long_privilege_escalation_chain
synthetic_01839,synthetic_01839_path_001,user:User6098,resource:Bucket2681,2,1,1,1,0,0,0,0,0,0,0,0,LOW,0.15,Data Access,read_only_access
synthetic_01840,synthetic_01840_path_001,user:User3045,resource:Bucket8444,2,1,1,1,0,1,1,0,0,0,0,0,MEDIUM,0.43,Data Access,wildcard_action + wildcard_resource
synthetic_01841,synthetic_01841_path_001,user:540641769274,resource:Bucket9566,2,1,1,1,0,1,1,0,1,1,0,0,CRITICAL,0.88,Lateral Movement,external_trust + cross_account
synthetic_01842,synthetic_01842_path_001,user:User6940,role:AdminRole9102,2,2,1,1,1,0,0,0,0,0,0,0,HIGH,0.68,Lateral Movement,pass_role + assume_role_chain
synthetic_01843,synthetic_01843_path_001,user:User8085,resource:Policy1928,2,1,1,1,0,0,0,1,0,0,0,0,CRITICAL,0.85,Privilege Escalation,policy_modification
synthetic_01844,synthetic_01844_path_001,user:partner-5519,resource:Secret9320,2,1,1,1,0,0,0,0,1,0,1,0,CRITICAL,0.85,Data Access,external_trust
synthetic_01845,synthetic_01845_path_001,user:User5116,resource:Table1211,3,2,1,1,0,0,0,0,0,0,0,0,HIGH,0.65,Lateral Movement,assume_role_chain
synthetic_01846,synthetic_01846_path_001,user:User8955,resource:Bucket9109,2,1,1,1,0,0,0,0,0,0,0,0,LOW,0.15,Data Access,read_only_access
synthetic_01847,synthetic_01847_path_001,user:User8993,resource:Bucket9502,2,1,1,1,0,1,1,0,0,0,0,0,MEDIUM,0.43,Data Access,wildcard_action + wildcard_resource
synthetic_01848,synthetic_01848_path_001,user:User2615,resource:Bucket2924,2,1,1,1,0,0,0,0,0,0,0,0,LOW,0.15,Data Access,read_only_access
synthetic_01849,synthetic_01849_path_001,user:User7911,resource:Table6690,3,2,1,1,0,0,0,0,0,0,0,0,HIGH,0.65,Lateral Movement,assume_role_chain
synthetic_01850,synthetic_01850_path_001,user:User8212,resource:Table1610,3,2,1,1,0,0,0,0,0,0,0,0,HIGH,0.65,Lateral Movement,assume_role_chain
synthetic_01851,synthetic_01851_path_001,user:User8074,resource:Bucket4539,2,1,1,1,0,1,1,0,0,0,0,1,CRITICAL,0.85,Privilege Escalation,admin_permission
synthetic_01852,synthetic_01852_path_001,user:User2618,resource:Bucket7752,2,1,1,1,0,1,1,0,0,0,0,1,CRITICAL,0.85,Privilege Escalation,admin_permission
synthetic_01853,synthetic_01853_path_001,user:555347057423,resource:Bucket6273,2,1,1,1,0,1,1,0,1,1,0,0,CRITICAL,0.88,Lateral Movement,external_trust + cross_account
synthetic_01854,synthetic_01854_path_001,user:User9189,resource:Policy6468,2,1,1,1,0,0,0,1,0,0,0,0,CRITICAL,0.85,Privilege Escalation,policy_modification
synthetic_01855,synthetic_01855_path_001,user:User4728,role:AdminRole6010,2,2,1,1,1,0,0,0,0,0,0,0,HIGH,0.68,Lateral Movement,pass_role + assume_role_chain
synthetic_01856,synthetic_01856_path_001,user:User2481,resource:Bucket6126,2,1,1,1,0,0,0,0,0,0,0,0,LOW,0.15,Data Access,read_only_access
synthetic_01857,synthetic_01857_path_001,user:User5336,resource:Bucket6744,2,1,1,1,0,1,1,0,0,0,0,0,MEDIUM,0.43,Data Access,wildcard_action + wildcard_resource
synthetic_01858,synthetic_01858_path_001,user:partner-3761,resource:Secret1260,2,1,1,1,0,0,0,0,1,0,1,0,CRITICAL,0.85,Data Access,external_trust
synthetic_01859,synthetic_01859_path_001,user:User9292,role:AdminRole9818,2,2,1,1,1,0,0,0,0,0,0,0,HIGH,0.68,Lateral Movement,pass_role + assume_role_chain
synthetic_01860,synthetic_01860_path_001,user:User2244,resource:Bucket2529,2,1,1,1,0,0,0,0,0,0,0,0,LOW,0.15,Data Access,read_only_access
synthetic_01861,synthetic_01861_path_001,user:User6573,resource:Bucket6796,2,1,1,1,0,1,1,0,0,0,0,0,MEDIUM,0.43,Data Access,wildcard_action + wildcard_resource
synthetic_01862,synthetic_01862_path_001,user:User5815,resource:Bucket6305,2,1,1,1,0,0,0,0,0,0,0,0,LOW,0.15,Data Access,read_only_access
synthetic_01863,synthetic_01863_path_001,user:User9978,resource:Bucket5485,2,1,1,1,0,0,0,0,0,0,0,0,LOW,0.15,Data Access,read_only_access
synthetic_01864,synthetic_01864_path_001,user:User4587,resource:Policy4700,2,1,1,1,0,0,0,1,0,0,0,0,CRITICAL,0.85,Privilege Escalation,policy_modification
synthetic_01865,synthetic_01865_path_001,user:partner-3381,resource:Secret5862,2,1,1,1,0,0,0,0,1,0,1,0,CRITICAL,0.85,Data Access,external_trust
synthetic_01866,synthetic_01866_path_001,user:User8917,resource:Policy7791,2,1,1,1,0,0,0,1,0,0,0,0,CRITICAL,0.85,Privilege Escalation,policy_modification
synthetic_01867,synthetic_01867_path_001,user:User9496,resource:Bucket7342,2,1,1,1,0,0,0,0,0,0,0,0,LOW,0.15,Data Access,read_only_access
synthetic_01868,synthetic_01868_path_001,user:partner-8066,resource:Secret6972,2,1,1,1,0,0,0,0,1,0,1,0,CRITICAL,0.85,Data Access,external_trust
synthetic_01869,synthetic_01869_path_001,user:User2262,role:AdminRole6270,2,2,1,1,1,0,0,0,0,0,0,0,HIGH,0.68,Lateral Movement,pass_role + assume_role_chain
synthetic_01870,synthetic_01870_path_001,user:User5045,resource:Policy3109,2,1,1,1,0,0,0,1,0,0,0,0,CRITICAL,0.85,Privilege Escalation,policy_modification
synthetic_01871,synthetic_01871_path_001,user:User8794,resource:Bucket6136,2,1,1,1,0,1,1,0,0,0,0,1,CRITICAL,0.85,Privilege Escalation,admin_permission
synthetic_01872,synthetic_01872_path_001,user:User4669,resource:Bucket5409,2,1,1,1,0,1,1,0,0,0,0,0,MEDIUM,0.43,Data Access,wildcard_action + wildcard_resource
synthetic_01873,synthetic_01873_path_001,user:User8146,resource:Bucket3807,2,1,1,1,0,1,1,0,0,0,0,0,MEDIUM,0.43,Data Access,wildcard_action + wildcard_resource
synthetic_01874,synthetic_01874_path_001,user:User6695,resource:Table2044,3,2,1,1,0,0,0,0,0,0,0,0,HIGH,0.65,Lateral Movement,assume_role_chain
synthetic_01875,synthetic_01875_path_001,user:User2071,resource:Table1451,3,2,1,1,0,0,0,0,0,0,0,0,HIGH,0.65,Lateral Movement,assume_role_chain
synthetic_01876,synthetic_01876_path_001,user:User9041,resource:Bucket4525,4,3,1,1,0,0,1,0,0,0,0,0,HIGH,0.68,Lateral Movement,assume_role_chain + long_privilege_escalation_chain
synthetic_01877,synthetic_01877_path_001,user:User5991,resource:Bucket7670,4,3,1,1,0,0,1,0,0,0,0,0,HIGH,0.68,Lateral Movement,assume_role_chain + long_privilege_escalation_chain
synthetic_01878,synthetic_01878_path_001,user:User1867,resource:Bucket2960,2,1,1,1,0,0,0,0,0,0,0,0,LOW,0.15,Data Access,read_only_access
synthetic_01879,synthetic_01879_path_001,user:User3641,resource:Bucket5076,2,1,1,1,0,1,1,0,0,0,0,0,MEDIUM,0.43,Data Access,wildcard_action + wildcard_resource
synthetic_01880,synthetic_01880_path_001,user:User9109,resource:Table2459,3,2,1,1,0,0,0,0,0,0,0,0,HIGH,0.65,Lateral Movement,assume_role_chain
synthetic_01881,synthetic_01881_path_001,user:User7611,resource:Bucket7677,2,1,1,1,0,0,0,0,0,0,0,0,LOW,0.15,Data Access,read_only_access
synthetic_01882,synthetic_01882_path_001,user:User3998,resource:Policy6098,2,1,1,1,0,0,0,1,0,0,0,0,CRITICAL,0.85,Privilege Escalation,policy_modification
synthetic_01883,synthetic_01883_path_001,user:User5128,resource:Bucket5268,4,3,1,1,0,0,1,0,0,0,0,0,HIGH,0.68,Lateral Movement,assume_role_chain + long_privilege_escalation_chain
synthetic_01884,synthetic_01884_path_001,user:User2336,resource:Bucket8401,2,1,1,1,0,1,1,0,0,0,0,0,MEDIUM,0.43,Data Access,wildcard_action + wildcard_resource
synthetic_01885,synthetic_01885_path_001,user:080512080056,resource:Bucket1453,2,1,1,1,0,1,1,0,1,1,0,0,CRITICAL,0.88,Lateral Movement,external_trust + cross_account
synthetic_01886,synthetic_01886_path_001,user:User9162,resource:Bucket9768,2,1,1,1,0,0,0,0,0,0,0,0,LOW,0.15,Data Access,read_only_access
synthetic_01887,synthetic_01887_path_001,user:User3534,resource:Policy3898,2,1,1,1,0,0,0,1,0,0,0,0,CRITICAL,0.85,Privilege Escalation,policy_modification
synthetic_01888,synthetic_01888_path_001,user:User3908,resource:Policy3438,2,1,1,1,0,0,0,1,0,0,0,0,CRITICAL,0.85,Privilege Escalation,policy_modification
synthetic_01889,synthetic_01889_path_001,user:User9807,role:AdminRole6106,2,2,1,1,1,0,0,0,0,0,0,0,HIGH,0.68,Lateral Movement,pass_role + assume_role_chain
synthetic_01890,synthetic_01890_path_001,user:152982173929,resource:Bucket8449,2,1,1,1,0,1,1,0,1,1,0,0,CRITICAL,0.88,Lateral Movement,external_trust + cross_account
synthetic_01891,synthetic_01891_path_001,user:User2072,resource:Table6991,3,2,1,1,0,0,0,0,0,0,0,0,HIGH,0.65,Lateral Movement,assume_role_chain
synthetic_01892,synthetic_01892_path_001,user:User9040,resource:Bucket7623,2,1,1,1,0,0,0,0,0,0,0,0,LOW,0.15,Data Access,read_only_access
synthetic_01893,synthetic_01893_path_001,user:791815899886,resource:Bucket4292,2,1,1,1,0,1,1,0,1,1,0,0,CRITICAL,0.88,Lateral Movement,external_trust + cross_account
synthetic_01894,synthetic_01894_path_001,user:User4244,resource:Bucket7984,2,1,1,1,0,1,1,0,0,0,0,0,MEDIUM,0.43,Data Access,wildcard_action + wildcard_resource
synthetic_01895,synthetic_01895_path_001,user:User1390,resource:Bucket2709,2,1,1,1,0,0,0,0,0,0,0,0,LOW,0.15,Data Access,read_only_access
synthetic_01896,synthetic_01896_path_001,user:User9152,resource:Bucket1903,2,1,1,1,0,1,1,0,0,0,0,0,MEDIUM,0.43,Data Access,wildcard_action + wildcard_resource
synthetic_01897,synthetic_01897_path_001,user:User9893,resource:Bucket6138,2,1,1,1,0,1,1,0,0,0,0,0,MEDIUM,0.43,Data Access,wildcard_action + wildcard_resource
synthetic_01898,synthetic_01898_path_001,user:User7306,resource:Bucket6763,2,1,1,1,0,1,1,0,0,0,0,1,CRITICAL,0.85,Privilege Escalation,admin_permission
synthetic_01899,synthetic_01899_path_001,user:User3921,role:AdminRole7075,2,2,1,1,1,0,0,0,0,0,0,0,HIGH,0.68,Lateral Movement,pass_role + assume_role_chain
synthetic_01900,synthetic_01900_path_001,user:User1732,resource:Table8491,3,2,1,1,0,0,0,0,0,0,0,0,HIGH,0.65,Lateral Movement,assume_role_chain
synthetic_01901,synthetic_01901_path_001,user:User4630,resource:Bucket2195,2,1,1,1,0,1,1,0,0,0,0,1,CRITICAL,0.85,Privilege Escalation,admin_permission
synthetic_01902,synthetic_01902_path_001,user:User1255,role:AdminRole7250,2,2,1,1,1,0,0,0,0,0,0,0,HIGH,0.68,Lateral Movement,pass_role + assume_role_chain
synthetic_01903,synthetic_01903_path_001,user:User2905,resource:Bucket1077,2,1,1,1,0,0,0,0,0,0,0,0,LOW,0.15,Data Access,read_only_access
synthetic_01904,synthetic_01904_path_001,user:User4741,resource:Bucket7585,2,1,1,1,0,1,1,0,0,0,0,1,CRITICAL,0.85,Privilege Escalation,admin_permission
synthetic_01905,synthetic_01905_path_001,user:User5230,role:AdminRole6074,2,2,1,1,1,0,0,0,0,0,0,0,HIGH,0.68,Lateral Movement,pass_role + assume_role_chain
synthetic_01906,synthetic_01906_path_001,user:User5466,resource:Bucket1167,2,1,1,1,0,0,0,0,0,0,0,0,LOW,0.15,Data Access,read_only_access
synthetic_01907,synthetic_01907_path_001,user:User4104,resource:Bucket5152,2,1,1,1,0,1,1,0,0,0,0,0,MEDIUM,0.43,Data Access,wildcard_action + wildcard_resource
synthetic_01908,synthetic_01908_path_001,user:User8358,resource:Bucket2874,4,3,1,1,0,0,1,0,0,0,0,0,HIGH,0.68,Lateral Movement,assume_role_chain + long_privilege_escalation_chain
synthetic_01909,synthetic_01909_path_001,user:User4004,resource:Bucket6363,2,1,1,1,0,1,1,0,0,0,0,0,MEDIUM,0.43,Data Access,wildcard_action + wildcard_resource
synthetic_01910,synthetic_01910_path_001,user:User7524,resource:Bucket5664,4,3,1,1,0,0,1,0,0,0,0,0,HIGH,0.68,Lateral Movement,assume_role_chain + long_privilege_escalation_chain
synthetic_01911,synthetic_01911_path_001,user:User4311,resource:Bucket9158,2,1,1,1,0,0,0,0,0,0,0,0,LOW,0.15,Data Access,read_only_access
synthetic_01912,synthetic_01912_path_001,user:User8683,resource:Bucket2791,2,1,1,1,0,1,1,0,0,0,0,1,CRITICAL,0.85,Privilege Escalation,admin_permission
synthetic_01913,synthetic_01913_path_001,user:User4022,resource:Policy2104,2,1,1,1,0,0,0,1,0,0,0,0,CRITICAL,0.85,Privilege Escalation,policy_modification
synthetic_01914,synthetic_01914_path_001,user:User8177,role:AdminRole8242,2,2,1,1,1,0,0,0,0,0,0,0,HIGH,0.68,Lateral Movement,pass_role + assume_role_chain
synthetic_01915,synthetic_01915_path_001,user:User1672,role:AdminRole4096,2,2,1,1,1,0,0,0,0,0,0,0,HIGH,0.68,Lateral Movement,pass_role + assume_role_chain
synthetic_01916,synthetic_01916_path_001,user:partner-6208,resource:Secret1232,2,1,1,1,0,0,0,0,1,0,1,0,CRITICAL,0.85,Data Access,external_trust
synthetic_01917,synthetic_01917_path_001,user:User5109,resource:Policy6736,2,1,1,1,0,0,0,1,0,0,0,0,CRITICAL,0.85,Privilege Escalation,policy_modification
synthetic_01918,synthetic_01918_path_001,user:066248132357,resource:Bucket8217,2,1,1,1,0,1,1,0,1,1,0,0,CRITICAL,0.88,Lateral Movement,external_trust + cross_account
synthetic_01919,synthetic_01919_path_001,user:User3639,role:AdminRole9964,2,2,1,1,1,0,0,0,0,0,0,0,HIGH,0.68,Lateral Movement,pass_role + assume_role_chain
synthetic_01920,synthetic_01920_path_001,user:User1929,resource:Bucket2067,2,1,1,1,0,1,1,0,0,0,0,1,CRITICAL,0.85,Privilege Escalation,admin_permission
synthetic_01921,synthetic_01921_path_001,user:User6270,resource:Bucket2700,4,3,1,1,0,0,1,0,0,0,0,0,HIGH,0.68,Lateral Movement,assume_role_chain + long_privilege_escalation_chain
synthetic_01922,synthetic_01922_path_001,user:User1957,resource:Bucket2960,2,1,1,1,0,0,0,0,0,0,0,0,LOW,0.15,Data Access,read_only_access
synthetic_01923,synthetic_01923_path_001,user:User1324,role:AdminRole7325,2,2,1,1,1,0,0,0,0,0,0,0,HIGH,0.68,Lateral Movement,pass_role + assume_role_chain
synthetic_01924,synthetic_01924_path_001,user:User7336,resource:Bucket4893,2,1,1,1,0,1,1,0,0,0,0,0,MEDIUM,0.43,Data Access,wildcard_action + wildcard_resource
synthetic_01925,synthetic_01925_path_001,user:User8454,resource:Bucket3509,2,1,1,1,0,1,1,0,0,0,0,1,CRITICAL,0.85,Privilege Escalation,admin_permission
synthetic_01926,synthetic_01926_path_001,user:User3856,resource:Bucket5214,2,1,1,1,0,0,0,0,0,0,0,0,LOW,0.15,Data Access,read_only_access
synthetic_01927,synthetic_01927_path_001,user:User5912,resource:Bucket1697,2,1,1,1,0,0,0,0,0,0,0,0,LOW,0.15,Data Access,read_only_access
synthetic_01928,synthetic_01928_path_001,user:362536667776,resource:Bucket6956,2,1,1,1,0,1,1,0,1,1,0,0,CRITICAL,0.88,Lateral Movement,external_trust + cross_account
synthetic_01929,synthetic_01929_path_001,user:User9682,resource:Bucket5030,2,1,1,1,0,1,1,0,0,0,0,0,MEDIUM,0.43,Data Access,wildcard_action + wildcard_resource
synthetic_01930,synthetic_01930_path_001,user:User6954,resource:Bucket9981,2,1,1,1,0,0,0,0,0,0,0,0,LOW,0.15,Data Access,read_only_access
synthetic_01931,synthetic_01931_path_001,user:User7436,resource:Bucket8704,2,1,1,1,0,1,1,0,0,0,0,0,MEDIUM,0.43,Data Access,wildcard_action + wildcard_resource
synthetic_01932,synthetic_01932_path_001,user:960335826862,resource:Bucket1390,2,1,1,1,0,1,1,0,1,1,0,0,CRITICAL,0.88,Lateral Movement,external_trust + cross_account
synthetic_01933,synthetic_01933_path_001,user:User5478,resource:Table4240,3,2,1,1,0,0,0,0,0,0,0,0,HIGH,0.65,Lateral Movement,assume_role_chain
synthetic_01934,synthetic_01934_path_001,user:User6185,resource:Bucket5025,2,1,1,1,0,0,0,0,0,0,0,0,LOW,0.15,Data Access,read_only_access
synthetic_01935,synthetic_01935_path_001,user:User9693,role:AdminRole2590,2,2,1,1,1,0,0,0,0,0,0,0,HIGH,0.68,Lateral Movement,pass_role + assume_role_chain
synthetic_01936,synthetic_01936_path_001,user:partner-2404,resource:Secret1142,2,1,1,1,0,0,0,0,1,0,1,0,CRITICAL,0.85,Data Access,external_trust
synthetic_01937,synthetic_01937_path_001,user:User6133,resource:Policy4326,2,1,1,1,0,0,0,1,0,0,0,0,CRITICAL,0.85,Privilege Escalation,policy_modification
synthetic_01938,synthetic_01938_path_001,user:User2081,resource:Bucket6169,2,1,1,1,0,1,1,0,0,0,0,0,MEDIUM,0.43,Data Access,wildcard_action + wildcard_resource
synthetic_01939,synthetic_01939_path_001,user:User5747,resource:Bucket3490,4,3,1,1,0,0,1,0,0,0,0,0,HIGH,0.68,Lateral Movement,assume_role_chain + long_privilege_escalation_chain
synthetic_01940,synthetic_01940_path_001,user:User7712,role:AdminRole8693,2,2,1,1,1,0,0,0,0,0,0,0,HIGH,0.68,Lateral Movement,pass_role + assume_role_chain
synthetic_01941,synthetic_01941_path_001,user:User5607,resource:Bucket8289,4,3,1,1,0,0,1,0,0,0,0,0,HIGH,0.68,Lateral Movement,assume_role_chain + long_privilege_escalation_chain
synthetic_01942,synthetic_01942_path_001,user:767209579927,resource:Bucket9057,2,1,1,1,0,1,1,0,1,1,0,0,CRITICAL,0.88,Lateral Movement,external_trust + cross_account
synthetic_01943,synthetic_01943_path_001,user:122946213541,resource:Bucket9105,2,1,1,1,0,1,1,0,1,1,0,0,CRITICAL,0.88,Lateral Movement,external_trust + cross_account
synthetic_01944,synthetic_01944_path_001,user:User5140,resource:Bucket9411,2,1,1,1,0,1,1,0,0,0,0,0,MEDIUM,0.43,Data Access,wildcard_action + wildcard_resource
synthetic_01945,synthetic_01945_path_001,user:User3734,resource:Bucket4912,2,1,1,1,0,1,1,0,0,0,0,0,MEDIUM,0.43,Data Access,wildcard_action + wildcard_resource
synthetic_01946,synthetic_01946_path_001,user:User6529,resource:Bucket5470,2,1,1,1,0,1,1,0,0,0,0,1,CRITICAL,0.85,Privilege Escalation,admin_permission
synthetic_01947,synthetic_01947_path_001,user:User3140,role:AdminRole1314,2,2,1,1,1,0,0,0,0,0,0,0,HIGH,0.68,Lateral Movement,pass_role + assume_role_chain
synthetic_01948,synthetic_01948_path_001,user:User4270,resource:Bucket7226,2,1,1,1,0,1,1,0,0,0,0,0,MEDIUM,0.43,Data Access,wildcard_action + wildcard_resource
synthetic_01949,synthetic_01949_path_001,user:User7146,resource:Table9398,3,2,1,1,0,0,0,0,0,0,0,0,HIGH,0.65,Lateral Movement,assume_role_chain
synthetic_01950,synthetic_01950_path_001,user:User7955,resource:Policy6605,2,1,1,1,0,0,0,1,0,0,0,0,CRITICAL,0.85,Privilege Escalation,policy_modification
synthetic_01951,synthetic_01951_path_001,user:User4160,resource:Bucket2364,4,3,1,1,0,0,1,0,0,0,0,0,HIGH,0.68,Lateral Movement,assume_role_chain + long_privilege_escalation_chain
synthetic_01952,synthetic_01952_path_001,user:User6220,resource:Table1376,3,2,1,1,0,0,0,0,0,0,0,0,HIGH,0.65,Lateral Movement,assume_role_chain
synthetic_01953,synthetic_01953_path_001,user:partner-2753,resource:Secret2219,2,1,1,1,0,0,0,0,1,0,1,0,CRITICAL,0.85,Data Access,external_trust
synthetic_01954,synthetic_01954_path_001,user:User4882,resource:Bucket2235,2,1,1,1,0,0,0,0,0,0,0,0,LOW,0.15,Data Access,read_only_access
synthetic_01955,synthetic_01955_path_001,user:partner-2153,resource:Secret8549,2,1,1,1,0,0,0,0,1,0,1,0,CRITICAL,0.85,Data Access,external_trust
synthetic_01956,synthetic_01956_path_001,user:User1920,role:AdminRole4268,2,2,1,1,1,0,0,0,0,0,0,0,HIGH,0.68,Lateral Movement,pass_role + assume_role_chain
synthetic_01957,synthetic_01957_path_001,user:121106330165,resource:Bucket4156,2,1,1,1,0,1,1,0,1,1,0,0,CRITICAL,0.88,Lateral Movement,external_trust + cross_account
synthetic_01958,synthetic_01958_path_001,user:User4048,resource:Bucket5719,2,1,1,1,0,1,1,0,0,0,0,1,CRITICAL,0.85,Privilege Escalation,admin_permission
synthetic_01959,synthetic_01959_path_001,user:User2303,role:AdminRole4239,2,2,1,1,1,0,0,0,0,0,0,0,HIGH,0.68,Lateral Movement,pass_role + assume_role_chain
synthetic_01960,synthetic_01960_path_001,user:User9880,resource:Bucket3031,2,1,1,1,0,1,1,0,0,0,0,0,MEDIUM,0.43,Data Access,wildcard_action + wildcard_resource
synthetic_01961,synthetic_01961_path_001,user:User4730,resource:Policy7466,2,1,1,1,0,0,0,1,0,0,0,0,CRITICAL,0.85,Privilege Escalation,policy_modification
synthetic_01962,synthetic_01962_path_001,user:User5676,resource:Bucket7988,2,1,1,1,0,1,1,0,0,0,0,0,MEDIUM,0.43,Data Access,wildcard_action + wildcard_resource
synthetic_01963,synthetic_01963_path_001,user:User1114,resource:Bucket5611,2,1,1,1,0,0,0,0,0,0,0,0,LOW,0.15,Data Access,read_only_access
synthetic_01964,synthetic_01964_path_001,user:User6639,resource:Bucket8046,2,1,1,1,0,0,0,0,0,0,0,0,LOW,0.15,Data Access,read_only_access
synthetic_01965,synthetic_01965_path_001,user:User2445,resource:Bucket6922,2,1,1,1,0,1,1,0,0,0,0,1,CRITICAL,0.85,Privilege Escalation,admin_permission
synthetic_01966,synthetic_01966_path_001,user:User8385,resource:Policy8871,2,1,1,1,0,0,0,1,0,0,0,0,CRITICAL,0.85,Privilege Escalation,policy_modification
synthetic_01967,synthetic_01967_path_001,user:User9013,resource:Bucket9944,2,1,1,1,0,1,1,0,0,0,0,0,MEDIUM,0.43,Data Access,wildcard_action + wildcard_resource
synthetic_01968,synthetic_01968_path_001,user:User6781,resource:Bucket8617,2,1,1,1,0,0,0,0,0,0,0,0,LOW,0.15,Data Access,read_only_access
synthetic_01969,synthetic_01969_path_001,user:User7606,resource:Policy8608,2,1,1,1,0,0,0,1,0,0,0,0,CRITICAL,0.85,Privilege Escalation,policy_modification
synthetic_01970,synthetic_01970_path_001,user:User7317,resource:Bucket1401,2,1,1,1,0,0,0,0,0,0,0,0,LOW,0.15,Data Access,read_only_access
synthetic_01971,synthetic_01971_path_001,user:User3447,resource:Bucket6991,2,1,1,1,0,1,1,0,0,0,0,1,CRITICAL,0.85,Privilege Escalation,admin_permission
synthetic_01972,synthetic_01972_path_001,user:User3830,resource:Policy4013,2,1,1,1,0,0,0,1,0,0,0,0,CRITICAL,0.85,Privilege Escalation,policy_modification
synthetic_01973,synthetic_01973_path_001,user:User8737,resource:Bucket5438,2,1,1,1,0,0,0,0,0,0,0,0,LOW,0.15,Data Access,read_only_access
synthetic_01974,synthetic_01974_path_001,user:User3593,resource:Bucket5549,2,1,1,1,0,1,1,0,0,0,0,0,MEDIUM,0.43,Data Access,wildcard_action + wildcard_resource
synthetic_01975,synthetic_01975_path_001,user:User9177,role:AdminRole8128,2,2,1,1,1,0,0,0,0,0,0,0,HIGH,0.68,Lateral Movement,pass_role + assume_role_chain
synthetic_01976,synthetic_01976_path_001,user:User3618,resource:Bucket1979,2,1,1,1,0,1,1,0,0,0,0,1,CRITICAL,0.85,Privilege Escalation,admin_permission
synthetic_01977,synthetic_01977_path_001,user:User8810,resource:Bucket3317,2,1,1,1,0,1,1,0,0,0,0,1,CRITICAL,0.85,Privilege Escalation,admin_permission
synthetic_01978,synthetic_01978_path_001,user:User9036,resource:Bucket6046,2,1,1,1,0,0,0,0,0,0,0,0,LOW,0.15,Data Access,read_only_access
synthetic_01979,synthetic_01979_path_001,user:User8028,resource:Bucket3120,2,1,1,1,0,1,1,0,0,0,0,0,MEDIUM,0.43,Data Access,wildcard_action + wildcard_resource
synthetic_01980,synthetic_01980_path_001,user:User3099,resource:Bucket8758,2,1,1,1,0,1,1,0,0,0,0,0,MEDIUM,0.43,Data Access,wildcard_action + wildcard_resource
synthetic_01981,synthetic_01981_path_001,user:User5032,resource:Bucket6344,2,1,1,1,0,1,1,0,0,0,0,0,MEDIUM,0.43,Data Access,wildcard_action + wildcard_resource
synthetic_01982,synthetic_01982_path_001,user:748595325939,resource:Bucket5081,2,1,1,1,0,1,1,0,1,1,0,0,CRITICAL,0.88,Lateral Movement,external_trust + cross_account
synthetic_01983,synthetic_01983_path_001,user:User2566,resource:Bucket3430,2,1,1,1,0,1,1,0,0,0,0,0,MEDIUM,0.43,Data Access,wildcard_action + wildcard_resource
synthetic_01984,synthetic_01984_path_001,user:User5358,resource:Bucket8364,2,1,1,1,0,1,1,0,0,0,0,0,MEDIUM,0.43,Data Access,wildcard_action + wildcard_resource
synthetic_01985,synthetic_01985_path_001,user:partner-3344,resource:Secret1967,2,1,1,1,0,0,0,0,1,0,1,0,CRITICAL,0.85,Data Access,external_trust
synthetic_01986,synthetic_01986_path_001,user:User1050,resource:Bucket6835,2,1,1,1,0,0,0,0,0,0,0,0,LOW,0.15,Data Access,read_only_access
synthetic_01987,synthetic_01987_path_001,user:User6243,resource:Bucket6147,2,1,1,1,0,1,1,0,0,0,0,0,MEDIUM,0.43,Data Access,wildcard_action + wildcard_resource
synthetic_01988,synthetic_01988_path_001,user:User5843,role:AdminRole4193,2,2,1,1,1,0,0,0,0,0,0,0,HIGH,0.68,Lateral Movement,pass_role + assume_role_chain
synthetic_01989,synthetic_01989_path_001,user:User9259,role:AdminRole5066,2,2,1,1,1,0,0,0,0,0,0,0,HIGH,0.68,Lateral Movement,pass_role + assume_role_chain
synthetic_01990,synthetic_01990_path_001,user:partner-7930,resource:Secret5885,2,1,1,1,0,0,0,0,1,0,1,0,CRITICAL,0.85,Data Access,external_trust
synthetic_01991,synthetic_01991_path_001,user:User1414,resource:Bucket7904,2,1,1,1,0,0,0,0,0,0,0,0,LOW,0.15,Data Access,read_only_access
synthetic_01992,synthetic_01992_path_001,user:partner-3418,resource:Secret7259,2,1,1,1,0,0,0,0,1,0,1,0,CRITICAL,0.85,Data Access,external_trust
synthetic_01993,synthetic_01993_path_001,user:partner-2765,resource:Secret8470,2,1,1,1,0,0,0,0,1,0,1,0,CRITICAL,0.85,Data Access,external_trust
synthetic_01994,synthetic_01994_path_001,user:User8427,resource:Bucket6288,4,3,1,1,0,0,1,0,0,0,0,0,HIGH,0.68,Lateral Movement,assume_role_chain + long_privilege_escalation_chain
synthetic_01995,synthetic_01995_path_001,user:User8816,resource:Policy3322,2,1,1,1,0,0,0,1,0,0,0,0,CRITICAL,0.85,Privilege Escalation,policy_modification
synthetic_01996,synthetic_01996_path_001,user:User1417,resource:Bucket3916,4,3,1,1,0,0,1,0,0,0,0,0,HIGH,0.68,Lateral Movement,assume_role_chain + long_privilege_escalation_chain
synthetic_01997,synthetic_01997_path_001,user:User1645,resource:Bucket1915,2,1,1,1,0,1,1,0,0,0,0,0,MEDIUM,0.43,Data Access,wildcard_action + wildcard_resource
synthetic_01998,synthetic_01998_path_001,user:221823155516,resource:Bucket2139,2,1,1,1,0,1,1,0,1,1,0,0,CRITICAL,0.88,Lateral Movement,external_trust + cross_account
synthetic_01999,synthetic_01999_path_001,user:User7821,resource:Bucket3539,2,1,1,1,0,0,0,0,0,0,0,0,LOW,0.15,Data Access,read_only_access
synthetic_02000,synthetic_02000_path_001,user:User5272,resource:Bucket4920,2,1,1,1,0,0,0,0,0,0,0,0,LOW,0.15,Data Access,read_only_access
synthetic_02001,synthetic_02001_path_001,user:User4694,resource:Table1691,3,2,1,1,0,0,0,0,0,0,0,0,HIGH,0.65,Lateral Movement,assume_role_chain
synthetic_02002,synthetic_02002_path_001,user:User4811,resource:Bucket3255,2,1,1,1,0,0,0,0,0,0,0,0,LOW,0.15,Data Access,read_only_access
synthetic_02003,synthetic_02003_path_001,user:partner-7484,resource:Secret9359,2,1,1,1,0,0,0,0,1,0,1,0,CRITICAL,0.85,Data Access,external_trust
synthetic_02004,synthetic_02004_path_001,user:User7798,resource:Bucket1657,2,1,1,1,0,0,0,0,0,0,0,0,LOW,0.15,Data Access,read_only_access
synthetic_02005,synthetic_02005_path_001,user:User9052,resource:Bucket6724,2,1,1,1,0,0,0,0,0,0,0,0,LOW,0.15,Data Access,read_only_access
synthetic_02006,synthetic_02006_path_001,user:263280944858,resource:Bucket3619,2,1,1,1,0,1,1,0,1,1,0,0,CRITICAL,0.88,Lateral Movement,external_trust + cross_account
synthetic_02007,synthetic_02007_path_001,user:User5265,resource:Bucket2952,2,1,1,1,0,0,0,0,0,0,0,0,LOW,0.15,Data Access,read_only_access
synthetic_02008,synthetic_02008_path_001,user:User9385,resource:Bucket4352,2,1,1,1,0,1,1,0,0,0,0,0,MEDIUM,0.43,Data Access,wildcard_action + wildcard_resource
synthetic_02009,synthetic_02009_path_001,user:User2748,resource:Bucket4279,2,1,1,1,0,1,1,0,0,0,0,0,MEDIUM,0.43,Data Access,wildcard_action + wildcard_resource
synthetic_02010,synthetic_02010_path_001,user:User6913,resource:Policy1890,2,1,1,1,0,0,0,1,0,0,0,0,CRITICAL,0.85,Privilege Escalation,policy_modification
synthetic_02011,synthetic_02011_path_001,user:438040325376,resource:Bucket8501,2,1,1,1,0,1,1,0,1,1,0,0,CRITICAL,0.88,Lateral Movement,external_trust + cross_account
synthetic_02012,synthetic_02012_path_001,user:User5675,resource:Bucket2272,2,1,1,1,0,1,1,0,0,0,0,0,MEDIUM,0.43,Data Access,wildcard_action + wildcard_resource
synthetic_02013,synthetic_02013_path_001,user:User1819,resource:Bucket5493,2,1,1,1,0,0,0,0,0,0,0,0,LOW,0.15,Data Access,read_only_access
synthetic_02014,synthetic_02014_path_001,user:User3613,resource:Bucket1877,2,1,1,1,0,1,1,0,0,0,0,0,MEDIUM,0.43,Data Access,wildcard_action + wildcard_resource
synthetic_02015,synthetic_02015_path_001,user:User7933,resource:Bucket2246,2,1,1,1,0,0,0,0,0,0,0,0,LOW,0.15,Data Access,read_only_access
synthetic_02016,synthetic_02016_path_001,user:User1573,resource:Bucket5948,2,1,1,1,0,0,0,0,0,0,0,0,LOW,0.15,Data Access,read_only_access
synthetic_02017,synthetic_02017_path_001,user:310720113798,resource:Bucket5424,2,1,1,1,0,1,1,0,1,1,0,0,CRITICAL,0.88,Lateral Movement,external_trust + cross_account
synthetic_02018,synthetic_02018_path_001,user:User3511,resource:Bucket7183,4,3,1,1,0,0,1,0,0,0,0,0,HIGH,0.68,Lateral Movement,assume_role_chain + long_privilege_escalation_chain
synthetic_02019,synthetic_02019_path_001,user:User8630,resource:Bucket3867,2,1,1,1,0,1,1,0,0,0,0,0,MEDIUM,0.43,Data Access,wildcard_action + wildcard_resource
synthetic_02020,synthetic_02020_path_001,user:User5601,resource:Bucket8850,2,1,1,1,0,0,0,0,0,0,0,0,LOW,0.15,Data Access,read_only_access
synthetic_02021,synthetic_02021_path_001,user:User4081,resource:Table1031,3,2,1,1,0,0,0,0,0,0,0,0,HIGH,0.65,Lateral Movement,assume_role_chain
synthetic_02022,synthetic_02022_path_001,user:User1722,resource:Bucket9004,2,1,1,1,0,1,1,0,0,0,0,1,CRITICAL,0.85,Privilege Escalation,admin_permission
synthetic_02023,synthetic_02023_path_001,user:User7017,resource:Bucket8741,2,1,1,1,0,1,1,0,0,0,0,0,MEDIUM,0.43,Data Access,wildcard_action + wildcard_resource
synthetic_02024,synthetic_02024_path_001,user:882556296575,resource:Bucket3418,2,1,1,1,0,1,1,0,1,1,0,0,CRITICAL,0.88,Lateral Movement,external_trust + cross_account
synthetic_02025,synthetic_02025_path_001,user:User2416,resource:Bucket3255,2,1,1,1,0,1,1,0,0,0,0,1,CRITICAL,0.85,Privilege Escalation,admin_permission
synthetic_02026,synthetic_02026_path_001,user:User9834,resource:Bucket1700,2,1,1,1,0,1,1,0,0,0,0,0,MEDIUM,0.43,Data Access,wildcard_action + wildcard_resource
synthetic_02027,synthetic_02027_path_001,user:User3612,resource:Bucket4372,2,1,1,1,0,1,1,0,0,0,0,0,MEDIUM,0.43,Data Access,wildcard_action + wildcard_resource
synthetic_02028,synthetic_02028_path_001,user:User2833,resource:Bucket9912,2,1,1,1,0,1,1,0,0,0,0,0,MEDIUM,0.43,Data Access,wildcard_action + wildcard_resource
synthetic_02029,synthetic_02029_path_001,user:User3698,resource:Bucket6486,2,1,1,1,0,0,0,0,0,0,0,0,LOW,0.15,Data Access,read_only_access
synthetic_02030,synthetic_02030_path_001,user:User7116,resource:Bucket7435,4,3,1,1,0,0,1,0,0,0,0,0,HIGH,0.68,Lateral Movement,assume_role_chain + long_privilege_escalation_chain
synthetic_02031,synthetic_02031_path_001,user:User2743,resource:Bucket8432,2,1,1,1,0,1,1,0,0,0,0,0,MEDIUM,0.43,Data Access,wildcard_action + wildcard_resource
synthetic_02032,synthetic_02032_path_001,user:User9265,resource:Bucket9113,2,1,1,1,0,0,0,0,0,0,0,0,LOW,0.15,Data Access,read_only_access
synthetic_02033,synthetic_02033_path_001,user:User4962,resource:Bucket5962,2,1,1,1,0,1,1,0,0,0,0,1,CRITICAL,0.85,Privilege Escalation,admin_permission
synthetic_02034,synthetic_02034_path_001,user:User1265,resource:Bucket5846,2,1,1,1,0,0,0,0,0,0,0,0,LOW,0.15,Data Access,read_only_access
synthetic_02035,synthetic_02035_path_001,user:User2168,resource:Policy5152,2,1,1,1,0,0,0,1,0,0,0,0,CRITICAL,0.85,Privilege Escalation,policy_modification
synthetic_02036,synthetic_02036_path_001,user:User6857,resource:Bucket1173,2,1,1,1,0,1,1,0,0,0,0,0,MEDIUM,0.43,Data Access,wildcard_action + wildcard_resource
synthetic_02037,synthetic_02037_path_001,user:User5977,resource:Bucket8838,2,1,1,1,0,1,1,0,0,0,0,0,MEDIUM,0.43,Data Access,wildcard_action + wildcard_resource
synthetic_02038,synthetic_02038_path_001,user:User6758,resource:Bucket5190,2,1,1,1,0,1,1,0,0,0,0,0,MEDIUM,0.43,Data Access,wildcard_action + wildcard_resource
synthetic_02039,synthetic_02039_path_001,user:User2605,role:AdminRole6751,2,2,1,1,1,0,0,0,0,0,0,0,HIGH,0.68,Lateral Movement,pass_role + assume_role_chain
synthetic_02040,synthetic_02040_path_001,user:User9033,resource:Bucket7225,2,1,1,1,0,1,1,0,0,0,0,1,CRITICAL,0.85,Privilege Escalation,admin_permission
synthetic_02041,synthetic_02041_path_001,user:748113176539,resource:Bucket1562,2,1,1,1,0,1,1,0,1,1,0,0,CRITICAL,0.88,Lateral Movement,external_trust + cross_account
synthetic_02042,synthetic_02042_path_001,user:partner-8392,resource:Secret7727,2,1,1,1,0,0,0,0,1,0,1,0,CRITICAL,0.85,Data Access,external_trust
synthetic_02043,synthetic_02043_path_001,user:User1462,resource:Table2132,3,2,1,1,0,0,0,0,0,0,0,0,HIGH,0.65,Lateral Movement,assume_role_chain
synthetic_02044,synthetic_02044_path_001,user:User8588,role:AdminRole7359,2,2,1,1,1,0,0,0,0,0,0,0,HIGH,0.68,Lateral Movement,pass_role + assume_role_chain
synthetic_02045,synthetic_02045_path_001,user:partner-9776,resource:Secret5148,2,1,1,1,0,0,0,0,1,0,1,0,CRITICAL,0.85,Data Access,external_trust
synthetic_02046,synthetic_02046_path_001,user:User8401,resource:Bucket3666,2,1,1,1,0,0,0,0,0,0,0,0,LOW,0.15,Data Access,read_only_access
synthetic_02047,synthetic_02047_path_001,user:User2796,resource:Bucket2258,2,1,1,1,0,1,1,0,0,0,0,0,MEDIUM,0.43,Data Access,wildcard_action + wildcard_resource
synthetic_02048,synthetic_02048_path_001,user:User7345,resource:Bucket7172,2,1,1,1,0,0,0,0,0,0,0,0,LOW,0.15,Data Access,read_only_access
synthetic_02049,synthetic_02049_path_001,user:User9083,resource:Bucket8285,2,1,1,1,0,0,0,0,0,0,0,0,LOW,0.15,Data Access,read_only_access
synthetic_02050,synthetic_02050_path_001,user:User1387,resource:Bucket9128,2,1,1,1,0,0,0,0,0,0,0,0,LOW,0.15,Data Access,read_only_access
synthetic_02051,synthetic_02051_path_001,user:User7034,resource:Bucket8760,4,3,1,1,0,0,1,0,0,0,0,0,HIGH,0.68,Lateral Movement,assume_role_chain + long_privilege_escalation_chain
synthetic_02052,synthetic_02052_path_001,user:User7918,role:AdminRole2067,2,2,1,1,1,0,0,0,0,0,0,0,HIGH,0.68,Lateral Movement,pass_role + assume_role_chain
synthetic_02053,synthetic_02053_path_001,user:User6859,resource:Bucket7575,2,1,1,1,0,0,0,0,0,0,0,0,LOW,0.15,Data Access,read_only_access
synthetic_02054,synthetic_02054_path_001,user:User2415,resource:Bucket4219,2,1,1,1,0,0,0,0,0,0,0,0,LOW,0.15,Data Access,read_only_access
synthetic_02055,synthetic_02055_path_001,user:User2094,resource:Bucket7770,2,1,1,1,0,1,1,0,0,0,0,0,MEDIUM,0.43,Data Access,wildcard_action + wildcard_resource
synthetic_02056,synthetic_02056_path_001,user:User5920,resource:Bucket7401,2,1,1,1,0,0,0,0,0,0,0,0,LOW,0.15,Data Access,read_only_access
synthetic_02057,synthetic_02057_path_001,user:User1199,role:AdminRole9594,2,2,1,1,1,0,0,0,0,0,0,0,HIGH,0.68,Lateral Movement,pass_role + assume_role_chain
synthetic_02058,synthetic_02058_path_001,user:User9692,resource:Table3245,3,2,1,1,0,0,0,0,0,0,0,0,HIGH,0.65,Lateral Movement,assume_role_chain
synthetic_02059,synthetic_02059_path_001,user:User4992,resource:Bucket4498,2,1,1,1,0,1,1,0,0,0,0,0,MEDIUM,0.43,Data Access,wildcard_action + wildcard_resource
synthetic_02060,synthetic_02060_path_001,user:User2622,resource:Bucket7354,2,1,1,1,0,1,1,0,0,0,0,0,MEDIUM,0.43,Data Access,wildcard_action + wildcard_resource
synthetic_02061,synthetic_02061_path_001,user:User9353,resource:Bucket2114,2,1,1,1,0,0,0,0,0,0,0,0,LOW,0.15,Data Access,read_only_access
synthetic_02062,synthetic_02062_path_001,user:User7774,resource:Bucket4692,2,1,1,1,0,0,0,0,0,0,0,0,LOW,0.15,Data Access,read_only_access
synthetic_02063,synthetic_02063_path_001,user:partner-1703,resource:Secret7465,2,1,1,1,0,0,0,0,1,0,1,0,CRITICAL,0.85,Data Access,external_trust
synthetic_02064,synthetic_02064_path_001,user:User7122,resource:Table4681,3,2,1,1,0,0,0,0,0,0,0,0,HIGH,0.65,Lateral Movement,assume_role_chain
synthetic_02065,synthetic_02065_path_001,user:User3086,resource:Bucket3576,4,3,1,1,0,0,1,0,0,0,0,0,HIGH,0.68,Lateral Movement,assume_role_chain + long_privilege_escalation_chain
synthetic_02066,synthetic_02066_path_001,user:partner-8090,resource:Secret7837,2,1,1,1,0,0,0,0,1,0,1,0,CRITICAL,0.85,Data Access,external_trust
synthetic_02067,synthetic_02067_path_001,user:User3384,resource:Bucket7443,4,3,1,1,0,0,1,0,0,0,0,0,HIGH,0.68,Lateral Movement,assume_role_chain + long_privilege_escalation_chain
synthetic_02068,synthetic_02068_path_001,user:partner-6594,resource:Secret9770,2,1,1,1,0,0,0,0,1,0,1,0,CRITICAL,0.85,Data Access,external_trust
synthetic_02069,synthetic_02069_path_001,user:User8699,resource:Policy8991,2,1,1,1,0,0,0,1,0,0,0,0,CRITICAL,0.85,Privilege Escalation,policy_modification
synthetic_02070,synthetic_02070_path_001,user:User3248,resource:Policy6522,2,1,1,1,0,0,0,1,0,0,0,0,CRITICAL,0.85,Privilege Escalation,policy_modification
synthetic_02071,synthetic_02071_path_001,user:User6610,resource:Bucket9470,2,1,1,1,0,1,1,0,0,0,0,0,MEDIUM,0.43,Data Access,wildcard_action + wildcard_resource
synthetic_02072,synthetic_02072_path_001,user:User5444,resource:Bucket9413,2,1,1,1,0,1,1,0,0,0,0,0,MEDIUM,0.43,Data Access,wildcard_action + wildcard_resource
synthetic_02073,synthetic_02073_path_001,user:935435864496,resource:Bucket3281,2,1,1,1,0,1,1,0,1,1,0,0,CRITICAL,0.88,Lateral Movement,external_trust + cross_account
synthetic_02074,synthetic_02074_path_001,user:User9892,resource:Table8580,3,2,1,1,0,0,0,0,0,0,0,0,HIGH,0.65,Lateral Movement,assume_role_chain
synthetic_02075,synthetic_02075_path_001,user:User3841,role:AdminRole5775,2,2,1,1,1,0,0,0,0,0,0,0,HIGH,0.68,Lateral Movement,pass_role + assume_role_chain
synthetic_02076,synthetic_02076_path_001,user:User4370,resource:Table9142,3,2,1,1,0,0,0,0,0,0,0,0,HIGH,0.65,Lateral Movement,assume_role_chain
synthetic_02077,synthetic_02077_path_001,user:User7416,resource:Bucket5435,2,1,1,1,0,1,1,0,0,0,0,0,MEDIUM,0.43,Data Access,wildcard_action + wildcard_resource
synthetic_02078,synthetic_02078_path_001,user:User2180,resource:Bucket3038,2,1,1,1,0,1,1,0,0,0,0,0,MEDIUM,0.43,Data Access,wildcard_action + wildcard_resource
synthetic_02079,synthetic_02079_path_001,user:User5174,resource:Bucket8450,2,1,1,1,0,0,0,0,0,0,0,0,LOW,0.15,Data Access,read_only_access
synthetic_02080,synthetic_02080_path_001,user:User8007,resource:Bucket2770,2,1,1,1,0,1,1,0,0,0,0,0,MEDIUM,0.43,Data Access,wildcard_action + wildcard_resource
synthetic_02081,synthetic_02081_path_001,user:User3289,resource:Bucket3013,2,1,1,1,0,1,1,0,0,0,0,0,MEDIUM,0.43,Data Access,wildcard_action + wildcard_resource
synthetic_02082,synthetic_02082_path_001,user:User5544,resource:Policy9986,2,1,1,1,0,0,0,1,0,0,0,0,CRITICAL,0.85,Privilege Escalation,policy_modification
synthetic_02083,synthetic_02083_path_001,user:partner-7934,resource:Secret1654,2,1,1,1,0,0,0,0,1,0,1,0,CRITICAL,0.85,Data Access,external_trust
synthetic_02084,synthetic_02084_path_001,user:User5541,resource:Bucket8041,2,1,1,1,0,0,0,0,0,0,0,0,LOW,0.15,Data Access,read_only_access
synthetic_02085,synthetic_02085_path_001,user:User5370,role:AdminRole4872,2,2,1,1,1,0,0,0,0,0,0,0,HIGH,0.68,Lateral Movement,pass_role + assume_role_chain
synthetic_02086,synthetic_02086_path_001,user:User6189,resource:Bucket3815,2,1,1,1,0,0,0,0,0,0,0,0,LOW,0.15,Data Access,read_only_access
synthetic_02087,synthetic_02087_path_001,user:User3627,role:AdminRole5419,2,2,1,1,1,0,0,0,0,0,0,0,HIGH,0.68,Lateral Movement,pass_role + assume_role_chain
synthetic_02088,synthetic_02088_path_001,user:partner-3040,resource:Secret5033,2,1,1,1,0,0,0,0,1,0,1,0,CRITICAL,0.85,Data Access,external_trust
synthetic_02089,synthetic_02089_path_001,user:User3713,resource:Bucket4610,2,1,1,1,0,0,0,0,0,0,0,0,LOW,0.15,Data Access,read_only_access
synthetic_02090,synthetic_02090_path_001,user:User6054,resource:Bucket7335,2,1,1,1,0,0,0,0,0,0,0,0,LOW,0.15,Data Access,read_only_access
synthetic_02091,synthetic_02091_path_001,user:User2343,resource:Bucket8276,2,1,1,1,0,0,0,0,0,0,0,0,LOW,0.15,Data Access,read_only_access
synthetic_02092,synthetic_02092_path_001,user:960843768550,resource:Bucket9315,2,1,1,1,0,1,1,0,1,1,0,0,CRITICAL,0.88,Lateral Movement,external_trust + cross_account
synthetic_02093,synthetic_02093_path_001,user:User3367,resource:Bucket7187,2,1,1,1,0,0,0,0,0,0,0,0,LOW,0.15,Data Access,read_only_access
synthetic_02094,synthetic_02094_path_001,user:User6787,resource:Bucket5491,2,1,1,1,0,0,0,0,0,0,0,0,LOW,0.15,Data Access,read_only_access
synthetic_02095,synthetic_02095_path_001,user:User8695,resource:Bucket4998,2,1,1,1,0,1,1,0,0,0,0,0,MEDIUM,0.43,Data Access,wildcard_action + wildcard_resource
synthetic_02096,synthetic_02096_path_001,user:partner-7371,resource:Secret6890,2,1,1,1,0,0,0,0,1,0,1,0,CRITICAL,0.85,Data Access,external_trust
synthetic_02097,synthetic_02097_path_001,user:User8296,resource:Bucket2465,2,1,1,1,0,1,1,0,0,0,0,0,MEDIUM,0.43,Data Access,wildcard_action + wildcard_resource
synthetic_02098,synthetic_02098_path_001,user:User7006,resource:Bucket8840,2,1,1,1,0,0,0,0,0,0,0,0,LOW,0.15,Data Access,read_only_access
synthetic_02099,synthetic_02099_path_001,user:User9473,resource:Policy4206,2,1,1,1,0,0,0,1,0,0,0,0,CRITICAL,0.85,Privilege Escalation,policy_modification
synthetic_02100,synthetic_02100_path_001,user:User4745,resource:Bucket3601,2,1,1,1,0,1,1,0,0,0,0,0,MEDIUM,0.43,Data Access,wildcard_action + wildcard_resource
synthetic_02101,synthetic_02101_path_001,user:User5180,resource:Bucket3441,2,1,1,1,0,0,0,0,0,0,0,0,LOW,0.15,Data Access,read_only_access
synthetic_02102,synthetic_02102_path_001,user:User4047,resource:Bucket7708,2,1,1,1,0,1,1,0,0,0,0,0,MEDIUM,0.43,Data Access,wildcard_action + wildcard_resource
synthetic_02103,synthetic_02103_path_001,user:User2511,resource:Bucket3882,2,1,1,1,0,0,0,0,0,0,0,0,LOW,0.15,Data Access,read_only_access
synthetic_02104,synthetic_02104_path_001,user:303911142817,resource:Bucket3931,2,1,1,1,0,1,1,0,1,1,0,0,CRITICAL,0.88,Lateral Movement,external_trust + cross_account
synthetic_02105,synthetic_02105_path_001,user:partner-6332,resource:Secret5461,2,1,1,1,0,0,0,0,1,0,1,0,CRITICAL,0.85,Data Access,external_trust
synthetic_02106,synthetic_02106_path_001,user:User3736,resource:Bucket8685,2,1,1,1,0,1,1,0,0,0,0,0,MEDIUM,0.43,Data Access,wildcard_action + wildcard_resource
synthetic_02107,synthetic_02107_path_001,user:User7016,resource:Policy8576,2,1,1,1,0,0,0,1,0,0,0,0,CRITICAL,0.85,Privilege Escalation,policy_modification
synthetic_02108,synthetic_02108_path_001,user:User2800,resource:Bucket3655,2,1,1,1,0,0,0,0,0,0,0,0,LOW,0.15,Data Access,read_only_access
synthetic_02109,synthetic_02109_path_001,user:User5705,resource:Bucket9665,2,1,1,1,0,0,0,0,0,0,0,0,LOW,0.15,Data Access,read_only_access
synthetic_02110,synthetic_02110_path_001,user:User7617,role:AdminRole8645,2,2,1,1,1,0,0,0,0,0,0,0,HIGH,0.68,Lateral Movement,pass_role + assume_role_chain
synthetic_02111,synthetic_02111_path_001,user:User9514,resource:Bucket7638,2,1,1,1,0,1,1,0,0,0,0,1,CRITICAL,0.85,Privilege Escalation,admin_permission
synthetic_02112,synthetic_02112_path_001,user:User9187,role:AdminRole1596,2,2,1,1,1,0,0,0,0,0,0,0,HIGH,0.68,Lateral Movement,pass_role + assume_role_chain
synthetic_02113,synthetic_02113_path_001,user:User7021,resource:Bucket2892,2,1,1,1,0,0,0,0,0,0,0,0,LOW,0.15,Data Access,read_only_access
synthetic_02114,synthetic_02114_path_001,user:User1391,resource:Bucket8982,2,1,1,1,0,1,1,0,0,0,0,0,MEDIUM,0.43,Data Access,wildcard_action + wildcard_resource
synthetic_02115,synthetic_02115_path_001,user:User3411,resource:Bucket3291,2,1,1,1,0,1,1,0,0,0,0,0,MEDIUM,0.43,Data Access,wildcard_action + wildcard_resource
synthetic_02116,synthetic_02116_path_001,user:User4720,resource:Bucket5143,2,1,1,1,0,0,0,0,0,0,0,0,LOW,0.15,Data Access,read_only_access
synthetic_02117,synthetic_02117_path_001,user:User7087,resource:Bucket7812,4,3,1,1,0,0,1,0,0,0,0,0,HIGH,0.68,Lateral Movement,assume_role_chain + long_privilege_escalation_chain
synthetic_02118,synthetic_02118_path_001,user:145057661945,resource:Bucket8816,2,1,1,1,0,1,1,0,1,1,0,0,CRITICAL,0.88,Lateral Movement,external_trust + cross_account
synthetic_02119,synthetic_02119_path_001,user:User4169,resource:Bucket9302,2,1,1,1,0,1,1,0,0,0,0,0,MEDIUM,0.43,Data Access,wildcard_action + wildcard_resource
synthetic_02120,synthetic_02120_path_001,user:User5417,resource:Bucket1404,2,1,1,1,0,0,0,0,0,0,0,0,LOW,0.15,Data Access,read_only_access
synthetic_02121,synthetic_02121_path_001,user:User6472,resource:Bucket6684,2,1,1,1,0,1,1,0,0,0,0,0,MEDIUM,0.43,Data Access,wildcard_action + wildcard_resource
synthetic_02122,synthetic_02122_path_001,user:User9470,resource:Bucket8182,2,1,1,1,0,0,0,0,0,0,0,0,LOW,0.15,Data Access,read_only_access
synthetic_02123,synthetic_02123_path_001,user:User9978,role:AdminRole2102,2,2,1,1,1,0,0,0,0,0,0,0,HIGH,0.68,Lateral Movement,pass_role + assume_role_chain
synthetic_02124,synthetic_02124_path_001,user:User3512,resource:Bucket6409,2,1,1,1,0,1,1,0,0,0,0,1,CRITICAL,0.85,Privilege Escalation,admin_permission
synthetic_02125,synthetic_02125_path_001,user:User4216,resource:Bucket7289,2,1,1,1,0,0,0,0,0,0,0,0,LOW,0.15,Data Access,read_only_access
synthetic_02126,synthetic_02126_path_001,user:User5962,resource:Bucket3178,2,1,1,1,0,0,0,0,0,0,0,0,LOW,0.15,Data Access,read_only_access
synthetic_02127,synthetic_02127_path_001,user:User3484,resource:Bucket9962,2,1,1,1,0,0,0,0,0,0,0,0,LOW,0.15,Data Access,read_only_access
synthetic_02128,synthetic_02128_path_001,user:User3677,resource:Bucket5350,2,1,1,1,0,1,1,0,0,0,0,1,CRITICAL,0.85,Privilege Escalation,admin_permission
synthetic_02129,synthetic_02129_path_001,user:User3713,resource:Bucket2871,2,1,1,1,0,1,1,0,0,0,0,0,MEDIUM,0.43,Data Access,wildcard_action + wildcard_resource
synthetic_02130,synthetic_02130_path_001,user:957498855829,resource:Bucket5570,2,1,1,1,0,1,1,0,1,1,0,0,CRITICAL,0.88,Lateral Movement,external_trust + cross_account
synthetic_02131,synthetic_02131_path_001,user:User8919,resource:Bucket6376,2,1,1,1,0,0,0,0,0,0,0,0,LOW,0.15,Data Access,read_only_access
synthetic_02132,synthetic_02132_path_001,user:User1840,resource:Bucket5221,2,1,1,1,0,1,1,0,0,0,0,1,CRITICAL,0.85,Privilege Escalation,admin_permission
synthetic_02133,synthetic_02133_path_001,user:User4587,resource:Bucket8607,2,1,1,1,0,0,0,0,0,0,0,0,LOW,0.15,Data Access,read_only_access
synthetic_02134,synthetic_02134_path_001,user:User6947,role:AdminRole7551,2,2,1,1,1,0,0,0,0,0,0,0,HIGH,0.68,Lateral Movement,pass_role + assume_role_chain
synthetic_02135,synthetic_02135_path_001,user:User6426,resource:Bucket2329,2,1,1,1,0,1,1,0,0,0,0,0,MEDIUM,0.43,Data Access,wildcard_action + wildcard_resource
synthetic_02136,synthetic_02136_path_001,user:User2086,resource:Bucket1932,2,1,1,1,0,1,1,0,0,0,0,0,MEDIUM,0.43,Data Access,wildcard_action + wildcard_resource
synthetic_02137,synthetic_02137_path_001,user:User7786,resource:Bucket1501,2,1,1,1,0,1,1,0,0,0,0,0,MEDIUM,0.43,Data Access,wildcard_action + wildcard_resource
synthetic_02138,synthetic_02138_path_001,user:User8971,resource:Bucket7493,2,1,1,1,0,1,1,0,0,0,0,0,MEDIUM,0.43,Data Access,wildcard_action + wildcard_resource
synthetic_02139,synthetic_02139_path_001,user:User5693,resource:Policy3701,2,1,1,1,0,0,0,1,0,0,0,0,CRITICAL,0.85,Privilege Escalation,policy_modification
synthetic_02140,synthetic_02140_path_001,user:User7174,role:AdminRole2649,2,2,1,1,1,0,0,0,0,0,0,0,HIGH,0.68,Lateral Movement,pass_role + assume_role_chain
synthetic_02141,synthetic_02141_path_001,user:User1139,resource:Bucket9853,2,1,1,1,0,0,0,0,0,0,0,0,LOW,0.15,Data Access,read_only_access
synthetic_02142,synthetic_02142_path_001,user:200720245591,resource:Bucket3706,2,1,1,1,0,1,1,0,1,1,0,0,CRITICAL,0.88,Lateral Movement,external_trust + cross_account
synthetic_02143,synthetic_02143_path_001,user:User2349,resource:Bucket1003,2,1,1,1,0,0,0,0,0,0,0,0,LOW,0.15,Data Access,read_only_access
synthetic_02144,synthetic_02144_path_001,user:User9034,resource:Policy5379,2,1,1,1,0,0,0,1,0,0,0,0,CRITICAL,0.85,Privilege Escalation,policy_modification
synthetic_02145,synthetic_02145_path_001,user:User2174,resource:Policy3271,2,1,1,1,0,0,0,1,0,0,0,0,CRITICAL,0.85,Privilege Escalation,policy_modification
synthetic_02146,synthetic_02146_path_001,user:User5259,role:AdminRole9435,2,2,1,1,1,0,0,0,0,0,0,0,HIGH,0.68,Lateral Movement,pass_role + assume_role_chain
synthetic_02147,synthetic_02147_path_001,user:User4666,resource:Bucket1524,2,1,1,1,0,0,0,0,0,0,0,0,LOW,0.15,Data Access,read_only_access
synthetic_02148,synthetic_02148_path_001,user:User8744,resource:Bucket6877,2,1,1,1,0,0,0,0,0,0,0,0,LOW,0.15,Data Access,read_only_access
synthetic_02149,synthetic_02149_path_001,user:User7571,resource:Bucket6351,4,3,1,1,0,0,1,0,0,0,0,0,HIGH,0.68,Lateral Movement,assume_role_chain + long_privilege_escalation_chain
synthetic_02150,synthetic_02150_path_001,user:User3543,resource:Bucket2301,2,1,1,1,0,0,0,0,0,0,0,0,LOW,0.15,Data Access,read_only_access
synthetic_02151,synthetic_02151_path_001,user:User8355,resource:Bucket3446,2,1,1,1,0,0,0,0,0,0,0,0,LOW,0.15,Data Access,read_only_access
synthetic_02152,synthetic_02152_path_001,user:User6242,resource:Bucket8890,2,1,1,1,0,1,1,0,0,0,0,0,MEDIUM,0.43,Data Access,wildcard_action + wildcard_resource
synthetic_02153,synthetic_02153_path_001,user:894370526351,resource:Bucket1514,2,1,1,1,0,1,1,0,1,1,0,0,CRITICAL,0.88,Lateral Movement,external_trust + cross_account
synthetic_02154,synthetic_02154_path_001,user:User8594,resource:Policy6301,2,1,1,1,0,0,0,1,0,0,0,0,CRITICAL,0.85,Privilege Escalation,policy_modification
synthetic_02155,synthetic_02155_path_001,user:User7919,resource:Policy4014,2,1,1,1,0,0,0,1,0,0,0,0,CRITICAL,0.85,Privilege Escalation,policy_modification
synthetic_02156,synthetic_02156_path_001,user:partner-5105,resource:Secret2527,2,1,1,1,0,0,0,0,1,0,1,0,CRITICAL,0.85,Data Access,external_trust
synthetic_02157,synthetic_02157_path_001,user:User3299,resource:Bucket9401,2,1,1,1,0,0,0,0,0,0,0,0,LOW,0.15,Data Access,read_only_access
synthetic_02158,synthetic_02158_path_001,user:User7846,resource:Bucket6619,4,3,1,1,0,0,1,0,0,0,0,0,HIGH,0.68,Lateral Movement,assume_role_chain + long_privilege_escalation_chain
synthetic_02159,synthetic_02159_path_001,user:User9209,resource:Bucket4458,2,1,1,1,0,0,0,0,0,0,0,0,LOW,0.15,Data Access,read_only_access
synthetic_02160,synthetic_02160_path_001,user:User9273,resource:Table7401,3,2,1,1,0,0,0,0,0,0,0,0,HIGH,0.65,Lateral Movement,assume_role_chain
synthetic_02161,synthetic_02161_path_001,user:999360798487,resource:Bucket5661,2,1,1,1,0,1,1,0,1,1,0,0,CRITICAL,0.88,Lateral Movement,external_trust + cross_account
synthetic_02162,synthetic_02162_path_001,user:User2028,role:AdminRole7836,2,2,1,1,1,0,0,0,0,0,0,0,HIGH,0.68,Lateral Movement,pass_role + assume_role_chain
synthetic_02163,synthetic_02163_path_001,user:993593744039,resource:Bucket7468,2,1,1,1,0,1,1,0,1,1,0,0,CRITICAL,0.88,Lateral Movement,external_trust + cross_account
synthetic_02164,synthetic_02164_path_001,user:User4633,resource:Bucket4915,2,1,1,1,0,0,0,0,0,0,0,0,LOW,0.15,Data Access,read_only_access
synthetic_02165,synthetic_02165_path_001,user:User2246,resource:Bucket9769,2,1,1,1,0,0,0,0,0,0,0,0,LOW,0.15,Data Access,read_only_access
synthetic_02166,synthetic_02166_path_001,user:User6016,resource:Policy9136,2,1,1,1,0,0,0,1,0,0,0,0,CRITICAL,0.85,Privilege Escalation,policy_modification
synthetic_02167,synthetic_02167_path_001,user:User5711,resource:Table7373,3,2,1,1,0,0,0,0,0,0,0,0,HIGH,0.65,Lateral Movement,assume_role_chain
synthetic_02168,synthetic_02168_path_001,user:User6383,role:AdminRole9930,2,2,1,1,1,0,0,0,0,0,0,0,HIGH,0.68,Lateral Movement,pass_role + assume_role_chain
synthetic_02169,synthetic_02169_path_001,user:User1232,resource:Table6386,3,2,1,1,0,0,0,0,0,0,0,0,HIGH,0.65,Lateral Movement,assume_role_chain
synthetic_02170,synthetic_02170_path_001,user:User8862,resource:Table3127,3,2,1,1,0,0,0,0,0,0,0,0,HIGH,0.65,Lateral Movement,assume_role_chain
synthetic_02171,synthetic_02171_path_001,user:424462632514,resource:Bucket9885,2,1,1,1,0,1,1,0,1,1,0,0,CRITICAL,0.88,Lateral Movement,external_trust + cross_account
synthetic_02172,synthetic_02172_path_001,user:User1054,resource:Policy2081,2,1,1,1,0,0,0,1,0,0,0,0,CRITICAL,0.85,Privilege Escalation,policy_modification
synthetic_02173,synthetic_02173_path_001,user:User8393,resource:Bucket2989,2,1,1,1,0,0,0,0,0,0,0,0,LOW,0.15,Data Access,read_only_access
synthetic_02174,synthetic_02174_path_001,user:User5559,resource:Table2507,3,2,1,1,0,0,0,0,0,0,0,0,HIGH,0.65,Lateral Movement,assume_role_chain
synthetic_02175,synthetic_02175_path_001,user:User7355,resource:Bucket9934,2,1,1,1,0,1,1,0,0,0,0,0,MEDIUM,0.43,Data Access,wildcard_action + wildcard_resource
synthetic_02176,synthetic_02176_path_001,user:partner-2415,resource:Secret3658,2,1,1,1,0,0,0,0,1,0,1,0,CRITICAL,0.85,Data Access,external_trust
synthetic_02177,synthetic_02177_path_001,user:User9762,resource:Bucket8842,2,1,1,1,0,0,0,0,0,0,0,0,LOW,0.15,Data Access,read_only_access
synthetic_02178,synthetic_02178_path_001,user:User8084,resource:Policy9395,2,1,1,1,0,0,0,1,0,0,0,0,CRITICAL,0.85,Privilege Escalation,policy_modification
synthetic_02179,synthetic_02179_path_001,user:User8920,resource:Bucket4715,2,1,1,1,0,0,0,0,0,0,0,0,LOW,0.15,Data Access,read_only_access
synthetic_02180,synthetic_02180_path_001,user:User7043,resource:Bucket1687,2,1,1,1,0,1,1,0,0,0,0,0,MEDIUM,0.43,Data Access,wildcard_action + wildcard_resource
synthetic_02181,synthetic_02181_path_001,user:User6823,resource:Bucket7103,2,1,1,1,0,0,0,0,0,0,0,0,LOW,0.15,Data Access,read_only_access
synthetic_02182,synthetic_02182_path_001,user:User6163,resource:Policy2396,2,1,1,1,0,0,0,1,0,0,0,0,CRITICAL,0.85,Privilege Escalation,policy_modification
synthetic_02183,synthetic_02183_path_001,user:User9528,resource:Bucket3224,2,1,1,1,0,0,0,0,0,0,0,0,LOW,0.15,Data Access,read_only_access
synthetic_02184,synthetic_02184_path_001,user:User6582,resource:Bucket1532,2,1,1,1,0,1,1,0,0,0,0,1,CRITICAL,0.85,Privilege Escalation,admin_permission
synthetic_02185,synthetic_02185_path_001,user:User7973,role:AdminRole1637,2,2,1,1,1,0,0,0,0,0,0,0,HIGH,0.68,Lateral Movement,pass_role + assume_role_chain
synthetic_02186,synthetic_02186_path_001,user:User1899,resource:Policy3243,2,1,1,1,0,0,0,1,0,0,0,0,CRITICAL,0.85,Privilege Escalation,policy_modification
synthetic_02187,synthetic_02187_path_001,user:User3507,resource:Bucket6569,2,1,1,1,0,1,1,0,0,0,0,0,MEDIUM,0.43,Data Access,wildcard_action + wildcard_resource
synthetic_02188,synthetic_02188_path_001,user:User9163,resource:Bucket5912,2,1,1,1,0,1,1,0,0,0,0,0,MEDIUM,0.43,Data Access,wildcard_action + wildcard_resource
synthetic_02189,synthetic_02189_path_001,user:User6369,resource:Bucket2524,2,1,1,1,0,1,1,0,0,0,0,1,CRITICAL,0.85,Privilege Escalation,admin_permission
synthetic_02190,synthetic_02190_path_001,user:User5328,resource:Bucket6215,2,1,1,1,0,0,0,0,0,0,0,0,LOW,0.15,Data Access,read_only_access
synthetic_02191,synthetic_02191_path_001,user:User2291,resource:Bucket1804,2,1,1,1,0,0,0,0,0,0,0,0,LOW,0.15,Data Access,read_only_access
synthetic_02192,synthetic_02192_path_001,user:partner-9868,resource:Secret9993,2,1,1,1,0,0,0,0,1,0,1,0,CRITICAL,0.85,Data Access,external_trust
synthetic_02193,synthetic_02193_path_001,user:User7613,resource:Bucket6110,2,1,1,1,0,0,0,0,0,0,0,0,LOW,0.15,Data Access,read_only_access
synthetic_02194,synthetic_02194_path_001,user:User1852,resource:Bucket2126,2,1,1,1,0,1,1,0,0,0,0,0,MEDIUM,0.43,Data Access,wildcard_action + wildcard_resource
synthetic_02195,synthetic_02195_path_001,user:075681429831,resource:Bucket3758,2,1,1,1,0,1,1,0,1,1,0,0,CRITICAL,0.88,Lateral Movement,external_trust + cross_account
synthetic_02196,synthetic_02196_path_001,user:partner-8705,resource:Secret3075,2,1,1,1,0,0,0,0,1,0,1,0,CRITICAL,0.85,Data Access,external_trust
synthetic_02197,synthetic_02197_path_001,user:User1086,resource:Bucket5477,2,1,1,1,0,1,1,0,0,0,0,1,CRITICAL,0.85,Privilege Escalation,admin_permission
synthetic_02198,synthetic_02198_path_001,user:User8040,resource:Bucket7364,2,1,1,1,0,0,0,0,0,0,0,0,LOW,0.15,Data Access,read_only_access
synthetic_02199,synthetic_02199_path_001,user:User7742,resource:Bucket5413,2,1,1,1,0,0,0,0,0,0,0,0,LOW,0.15,Data Access,read_only_access
synthetic_02200,synthetic_02200_path_001,user:User9153,resource:Bucket2877,2,1,1,1,0,1,1,0,0,0,0,0,MEDIUM,0.43,Data Access,wildcard_action + wildcard_resource
synthetic_02201,synthetic_02201_path_001,user:User3100,resource:Bucket2965,2,1,1,1,0,1,1,0,0,0,0,0,MEDIUM,0.43,Data Access,wildcard_action + wildcard_resource
synthetic_02202,synthetic_02202_path_001,user:User5095,resource:Bucket2182,2,1,1,1,0,0,0,0,0,0,0,0,LOW,0.15,Data Access,read_only_access
synthetic_02203,synthetic_02203_path_001,user:User2845,resource:Bucket4443,2,1,1,1,0,1,1,0,0,0,0,0,MEDIUM,0.43,Data Access,wildcard_action + wildcard_resource
synthetic_02204,synthetic_02204_path_001,user:User4380,resource:Bucket3365,2,1,1,1,0,0,0,0,0,0,0,0,LOW,0.15,Data Access,read_only_access
synthetic_02205,synthetic_02205_path_001,user:User7735,resource:Bucket9501,2,1,1,1,0,1,1,0,0,0,0,0,MEDIUM,0.43,Data Access,wildcard_action + wildcard_resource
synthetic_02206,synthetic_02206_path_001,user:User3390,resource:Bucket7376,2,1,1,1,0,0,0,0,0,0,0,0,LOW,0.15,Data Access,read_only_access
synthetic_02207,synthetic_02207_path_001,user:User4977,resource:Table5487,3,2,1,1,0,0,0,0,0,0,0,0,HIGH,0.65,Lateral Movement,assume_role_chain
synthetic_02208,synthetic_02208_path_001,user:User5130,resource:Bucket8099,2,1,1,1,0,1,1,0,0,0,0,0,MEDIUM,0.43,Data Access,wildcard_action + wildcard_resource
synthetic_02209,synthetic_02209_path_001,user:partner-1976,resource:Secret9589,2,1,1,1,0,0,0,0,1,0,1,0,CRITICAL,0.85,Data Access,external_trust
synthetic_02210,synthetic_02210_path_001,user:User5705,resource:Bucket5643,2,1,1,1,0,1,1,0,0,0,0,0,MEDIUM,0.43,Data Access,wildcard_action + wildcard_resource
synthetic_02211,synthetic_02211_path_001,user:partner-8753,resource:Secret2069,2,1,1,1,0,0,0,0,1,0,1,0,CRITICAL,0.85,Data Access,external_trust
synthetic_02212,synthetic_02212_path_001,user:User4675,resource:Bucket4291,2,1,1,1,0,1,1,0,0,0,0,0,MEDIUM,0.43,Data Access,wildcard_action + wildcard_resource
synthetic_02213,synthetic_02213_path_001,user:User8870,resource:Bucket8178,2,1,1,1,0,1,1,0,0,0,0,0,MEDIUM,0.43,Data Access,wildcard_action + wildcard_resource
synthetic_02214,synthetic_02214_path_001,user:User8961,resource:Bucket4586,2,1,1,1,0,0,0,0,0,0,0,0,LOW,0.15,Data Access,read_only_access
synthetic_02215,synthetic_02215_path_001,user:User9552,resource:Bucket9462,4,3,1,1,0,0,1,0,0,0,0,0,HIGH,0.68,Lateral Movement,assume_role_chain + long_privilege_escalation_chain
synthetic_02216,synthetic_02216_path_001,user:User2755,resource:Bucket5633,2,1,1,1,0,0,0,0,0,0,0,0,LOW,0.15,Data Access,read_only_access
synthetic_02217,synthetic_02217_path_001,user:User9682,resource:Bucket9143,2,1,1,1,0,1,1,0,0,0,0,1,CRITICAL,0.85,Privilege Escalation,admin_permission
synthetic_02218,synthetic_02218_path_001,user:User7876,resource:Bucket1023,2,1,1,1,0,1,1,0,0,0,0,0,MEDIUM,0.43,Data Access,wildcard_action + wildcard_resource
synthetic_02219,synthetic_02219_path_001,user:User6019,resource:Bucket5115,2,1,1,1,0,0,0,0,0,0,0,0,LOW,0.15,Data Access,read_only_access
synthetic_02220,synthetic_02220_path_001,user:User6847,resource:Bucket7224,2,1,1,1,0,1,1,0,0,0,0,0,MEDIUM,0.43,Data Access,wildcard_action + wildcard_resource
synthetic_02221,synthetic_02221_path_001,user:User6507,resource:Bucket8723,2,1,1,1,0,1,1,0,0,0,0,0,MEDIUM,0.43,Data Access,wildcard_action + wildcard_resource
synthetic_02222,synthetic_02222_path_001,user:User1269,resource:Bucket2690,2,1,1,1,0,0,0,0,0,0,0,0,LOW,0.15,Data Access,read_only_access
synthetic_02223,synthetic_02223_path_001,user:User4358,resource:Policy7756,2,1,1,1,0,0,0,1,0,0,0,0,CRITICAL,0.85,Privilege Escalation,policy_modification
synthetic_02224,synthetic_02224_path_001,user:User9987,resource:Table4616,3,2,1,1,0,0,0,0,0,0,0,0,HIGH,0.65,Lateral Movement,assume_role_chain
synthetic_02225,synthetic_02225_path_001,user:User4579,resource:Bucket5201,4,3,1,1,0,0,1,0,0,0,0,0,HIGH,0.68,Lateral Movement,assume_role_chain + long_privilege_escalation_chain
synthetic_02226,synthetic_02226_path_001,user:User8370,resource:Bucket2531,2,1,1,1,0,1,1,0,0,0,0,1,CRITICAL,0.85,Privilege Escalation,admin_permission
synthetic_02227,synthetic_02227_path_001,user:User5101,resource:Bucket4951,2,1,1,1,0,0,0,0,0,0,0,0,LOW,0.15,Data Access,read_only_access
synthetic_02228,synthetic_02228_path_001,user:User3736,resource:Bucket9020,2,1,1,1,0,1,1,0,0,0,0,0,MEDIUM,0.43,Data Access,wildcard_action + wildcard_resource
synthetic_02229,synthetic_02229_path_001,user:User9252,resource:Bucket5549,2,1,1,1,0,0,0,0,0,0,0,0,LOW,0.15,Data Access,read_only_access
synthetic_02230,synthetic_02230_path_001,user:User6847,resource:Bucket3691,2,1,1,1,0,1,1,0,0,0,0,0,MEDIUM,0.43,Data Access,wildcard_action + wildcard_resource
synthetic_02231,synthetic_02231_path_001,user:User5509,role:AdminRole3819,2,2,1,1,1,0,0,0,0,0,0,0,HIGH,0.68,Lateral Movement,pass_role + assume_role_chain
synthetic_02232,synthetic_02232_path_001,user:User4837,resource:Policy3939,2,1,1,1,0,0,0,1,0,0,0,0,CRITICAL,0.85,Privilege Escalation,policy_modification
synthetic_02233,synthetic_02233_path_001,user:User3172,resource:Bucket8550,2,1,1,1,0,0,0,0,0,0,0,0,LOW,0.15,Data Access,read_only_access
synthetic_02234,synthetic_02234_path_001,user:User1515,role:AdminRole4345,2,2,1,1,1,0,0,0,0,0,0,0,HIGH,0.68,Lateral Movement,pass_role + assume_role_chain
synthetic_02235,synthetic_02235_path_001,user:User5908,resource:Bucket3521,2,1,1,1,0,1,1,0,0,0,0,0,MEDIUM,0.43,Data Access,wildcard_action + wildcard_resource
synthetic_02236,synthetic_02236_path_001,user:User3807,resource:Bucket1575,2,1,1,1,0,1,1,0,0,0,0,0,MEDIUM,0.43,Data Access,wildcard_action + wildcard_resource
synthetic_02237,synthetic_02237_path_001,user:User3581,resource:Bucket2199,2,1,1,1,0,0,0,0,0,0,0,0,LOW,0.15,Data Access,read_only_access
synthetic_02238,synthetic_02238_path_001,user:User3722,resource:Bucket9523,2,1,1,1,0,1,1,0,0,0,0,0,MEDIUM,0.43,Data Access,wildcard_action + wildcard_resource
synthetic_02239,synthetic_02239_path_001,user:User9730,resource:Policy8357,2,1,1,1,0,0,0,1,0,0,0,0,CRITICAL,0.85,Privilege Escalation,policy_modification
synthetic_02240,synthetic_02240_path_001,user:User8292,role:AdminRole6172,2,2,1,1,1,0,0,0,0,0,0,0,HIGH,0.68,Lateral Movement,pass_role + assume_role_chain
synthetic_02241,synthetic_02241_path_001,user:User4508,resource:Bucket4215,2,1,1,1,0,1,1,0,0,0,0,0,MEDIUM,0.43,Data Access,wildcard_action + wildcard_resource
synthetic_02242,synthetic_02242_path_001,user:partner-8616,resource:Secret2889,2,1,1,1,0,0,0,0,1,0,1,0,CRITICAL,0.85,Data Access,external_trust
synthetic_02243,synthetic_02243_path_001,user:User9741,resource:Bucket8853,2,1,1,1,0,0,0,0,0,0,0,0,LOW,0.15,Data Access,read_only_access
synthetic_02244,synthetic_02244_path_001,user:User9831,role:AdminRole3071,2,2,1,1,1,0,0,0,0,0,0,0,HIGH,0.68,Lateral Movement,pass_role + assume_role_chain
synthetic_02245,synthetic_02245_path_001,user:User1831,resource:Bucket9907,2,1,1,1,0,0,0,0,0,0,0,0,LOW,0.15,Data Access,read_only_access
synthetic_02246,synthetic_02246_path_001,user:User6556,role:AdminRole9807,2,2,1,1,1,0,0,0,0,0,0,0,HIGH,0.68,Lateral Movement,pass_role + assume_role_chain
synthetic_02247,synthetic_02247_path_001,user:User5278,resource:Bucket9993,2,1,1,1,0,0,0,0,0,0,0,0,LOW,0.15,Data Access,read_only_access
synthetic_02248,synthetic_02248_path_001,user:User4363,resource:Bucket4612,2,1,1,1,0,1,1,0,0,0,0,0,MEDIUM,0.43,Data Access,wildcard_action + wildcard_resource
synthetic_02249,synthetic_02249_path_001,user:User7916,resource:Bucket2313,2,1,1,1,0,1,1,0,0,0,0,0,MEDIUM,0.43,Data Access,wildcard_action + wildcard_resource
synthetic_02250,synthetic_02250_path_001,user:User6532,resource:Table1188,3,2,1,1,0,0,0,0,0,0,0,0,HIGH,0.65,Lateral Movement,assume_role_chain
synthetic_02251,synthetic_02251_path_001,user:partner-1396,resource:Secret2370,2,1,1,1,0,0,0,0,1,0,1,0,CRITICAL,0.85,Data Access,external_trust
synthetic_02252,synthetic_02252_path_001,user:partner-2328,resource:Secret4119,2,1,1,1,0,0,0,0,1,0,1,0,CRITICAL,0.85,Data Access,external_trust
synthetic_02253,synthetic_02253_path_001,user:User9831,resource:Bucket1937,2,1,1,1,0,1,1,0,0,0,0,0,MEDIUM,0.43,Data Access,wildcard_action + wildcard_resource
synthetic_02254,synthetic_02254_path_001,user:User2886,resource:Bucket5749,2,1,1,1,0,1,1,0,0,0,0,0,MEDIUM,0.43,Data Access,wildcard_action + wildcard_resource
synthetic_02255,synthetic_02255_path_001,user:User3423,resource:Bucket8811,2,1,1,1,0,0,0,0,0,0,0,0,LOW,0.15,Data Access,read_only_access
synthetic_02256,synthetic_02256_path_001,user:122489056708,resource:Bucket8656,2,1,1,1,0,1,1,0,1,1,0,0,CRITICAL,0.88,Lateral Movement,external_trust + cross_account
synthetic_02257,synthetic_02257_path_001,user:User5280,resource:Bucket7191,2,1,1,1,0,0,0,0,0,0,0,0,LOW,0.15,Data Access,read_only_access
synthetic_02258,synthetic_02258_path_001,user:User9452,resource:Bucket9684,2,1,1,1,0,1,1,0,0,0,0,0,MEDIUM,0.43,Data Access,wildcard_action + wildcard_resource
synthetic_02259,synthetic_02259_path_001,user:User4863,role:AdminRole3445,2,2,1,1,1,0,0,0,0,0,0,0,HIGH,0.68,Lateral Movement,pass_role + assume_role_chain
synthetic_02260,synthetic_02260_path_001,user:partner-9383,resource:Secret6269,2,1,1,1,0,0,0,0,1,0,1,0,CRITICAL,0.85,Data Access,external_trust
synthetic_02261,synthetic_02261_path_001,user:User3789,resource:Bucket1686,2,1,1,1,0,1,1,0,0,0,0,0,MEDIUM,0.43,Data Access,wildcard_action + wildcard_resource
synthetic_02262,synthetic_02262_path_001,user:User4938,resource:Bucket8537,2,1,1,1,0,1,1,0,0,0,0,0,MEDIUM,0.43,Data Access,wildcard_action + wildcard_resource
synthetic_02263,synthetic_02263_path_001,user:User9615,role:AdminRole3060,2,2,1,1,1,0,0,0,0,0,0,0,HIGH,0.68,Lateral Movement,pass_role + assume_role_chain
synthetic_02264,synthetic_02264_path_001,user:User5387,resource:Bucket3005,2,1,1,1,0,0,0,0,0,0,0,0,LOW,0.15,Data Access,read_only_access
synthetic_02265,synthetic_02265_path_001,user:User9671,role:AdminRole5286,2,2,1,1,1,0,0,0,0,0,0,0,HIGH,0.68,Lateral Movement,pass_role + assume_role_chain
synthetic_02266,synthetic_02266_path_001,user:User5237,resource:Table8760,3,2,1,1,0,0,0,0,0,0,0,0,HIGH,0.65,Lateral Movement,assume_role_chain
synthetic_02267,synthetic_02267_path_001,user:User5079,resource:Bucket4176,2,1,1,1,0,1,1,0,0,0,0,0,MEDIUM,0.43,Data Access,wildcard_action + wildcard_resource
synthetic_02268,synthetic_02268_path_001,user:User7548,resource:Table3537,3,2,1,1,0,0,0,0,0,0,0,0,HIGH,0.65,Lateral Movement,assume_role_chain
synthetic_02269,synthetic_02269_path_001,user:User3318,resource:Table3799,3,2,1,1,0,0,0,0,0,0,0,0,HIGH,0.65,Lateral Movement,assume_role_chain
synthetic_02270,synthetic_02270_path_001,user:User6038,role:AdminRole5875,2,2,1,1,1,0,0,0,0,0,0,0,HIGH,0.68,Lateral Movement,pass_role + assume_role_chain
synthetic_02271,synthetic_02271_path_001,user:User4976,resource:Bucket3138,2,1,1,1,0,0,0,0,0,0,0,0,LOW,0.15,Data Access,read_only_access
synthetic_02272,synthetic_02272_path_001,user:User5126,resource:Bucket8568,2,1,1,1,0,0,0,0,0,0,0,0,LOW,0.15,Data Access,read_only_access
synthetic_02273,synthetic_02273_path_001,user:User7387,resource:Bucket6811,2,1,1,1,0,1,1,0,0,0,0,1,CRITICAL,0.85,Privilege Escalation,admin_permission
synthetic_02274,synthetic_02274_path_001,user:User4057,resource:Policy4753,2,1,1,1,0,0,0,1,0,0,0,0,CRITICAL,0.85,Privilege Escalation,policy_modification
synthetic_02275,synthetic_02275_path_001,user:User4063,role:AdminRole4140,2,2,1,1,1,0,0,0,0,0,0,0,HIGH,0.68,Lateral Movement,pass_role + assume_role_chain
synthetic_02276,synthetic_02276_path_001,user:User1381,resource:Bucket8697,2,1,1,1,0,1,1,0,0,0,0,1,CRITICAL,0.85,Privilege Escalation,admin_permission
synthetic_02277,synthetic_02277_path_001,user:partner-5761,resource:Secret9689,2,1,1,1,0,0,0,0,1,0,1,0,CRITICAL,0.85,Data Access,external_trust
synthetic_02278,synthetic_02278_path_001,user:User7035,resource:Bucket3923,4,3,1,1,0,0,1,0,0,0,0,0,HIGH,0.68,Lateral Movement,assume_role_chain + long_privilege_escalation_chain
synthetic_02279,synthetic_02279_path_001,user:User8629,resource:Bucket6569,2,1,1,1,0,1,1,0,0,0,0,1,CRITICAL,0.85,Privilege Escalation,admin_permission
synthetic_02280,synthetic_02280_path_001,user:User5773,resource:Table4541,3,2,1,1,0,0,0,0,0,0,0,0,HIGH,0.65,Lateral Movement,assume_role_chain
synthetic_02281,synthetic_02281_path_001,user:User6817,resource:Bucket9621,2,1,1,1,0,0,0,0,0,0,0,0,LOW,0.15,Data Access,read_only_access
synthetic_02282,synthetic_02282_path_001,user:User4635,resource:Bucket2674,2,1,1,1,0,0,0,0,0,0,0,0,LOW,0.15,Data Access,read_only_access
synthetic_02283,synthetic_02283_path_001,user:User9621,role:AdminRole3027,2,2,1,1,1,0,0,0,0,0,0,0,HIGH,0.68,Lateral Movement,pass_role + assume_role_chain
synthetic_02284,synthetic_02284_path_001,user:User4254,role:AdminRole2497,2,2,1,1,1,0,0,0,0,0,0,0,HIGH,0.68,Lateral Movement,pass_role + assume_role_chain
synthetic_02285,synthetic_02285_path_001,user:User4243,resource:Table3207,3,2,1,1,0,0,0,0,0,0,0,0,HIGH,0.65,Lateral Movement,assume_role_chain
synthetic_02286,synthetic_02286_path_001,user:User6292,resource:Bucket1642,2,1,1,1,0,1,1,0,0,0,0,0,MEDIUM,0.43,Data Access,wildcard_action + wildcard_resource
synthetic_02287,synthetic_02287_path_001,user:User2374,resource:Bucket9137,2,1,1,1,0,0,0,0,0,0,0,0,LOW,0.15,Data Access,read_only_access
synthetic_02288,synthetic_02288_path_001,user:User9203,resource:Bucket9592,2,1,1,1,0,1,1,0,0,0,0,0,MEDIUM,0.43,Data Access,wildcard_action + wildcard_resource
synthetic_02289,synthetic_02289_path_001,user:User1435,resource:Bucket2748,2,1,1,1,0,0,0,0,0,0,0,0,LOW,0.15,Data Access,read_only_access
synthetic_02290,synthetic_02290_path_001,user:User9583,role:AdminRole5004,2,2,1,1,1,0,0,0,0,0,0,0,HIGH,0.68,Lateral Movement,pass_role + assume_role_chain
synthetic_02291,synthetic_02291_path_001,user:User6469,resource:Bucket5647,4,3,1,1,0,0,1,0,0,0,0,0,HIGH,0.68,Lateral Movement,assume_role_chain + long_privilege_escalation_chain
synthetic_02292,synthetic_02292_path_001,user:365952014911,resource:Bucket5699,2,1,1,1,0,1,1,0,1,1,0,0,CRITICAL,0.88,Lateral Movement,external_trust + cross_account
synthetic_02293,synthetic_02293_path_001,user:User9681,resource:Bucket6618,2,1,1,1,0,0,0,0,0,0,0,0,LOW,0.15,Data Access,read_only_access
synthetic_02294,synthetic_02294_path_001,user:User4190,resource:Bucket3583,2,1,1,1,0,1,1,0,0,0,0,1,CRITICAL,0.85,Privilege Escalation,admin_permission
synthetic_02295,synthetic_02295_path_001,user:User5505,resource:Bucket6532,2,1,1,1,0,0,0,0,0,0,0,0,LOW,0.15,Data Access,read_only_access
synthetic_02296,synthetic_02296_path_001,user:User1597,resource:Bucket3130,2,1,1,1,0,1,1,0,0,0,0,0,MEDIUM,0.43,Data Access,wildcard_action + wildcard_resource
synthetic_02297,synthetic_02297_path_001,user:User1348,resource:Bucket4893,2,1,1,1,0,1,1,0,0,0,0,0,MEDIUM,0.43,Data Access,wildcard_action + wildcard_resource
synthetic_02298,synthetic_02298_path_001,user:User1759,resource:Bucket2572,2,1,1,1,0,1,1,0,0,0,0,0,MEDIUM,0.43,Data Access,wildcard_action + wildcard_resource
synthetic_02299,synthetic_02299_path_001,user:partner-1294,resource:Secret4161,2,1,1,1,0,0,0,0,1,0,1,0,CRITICAL,0.85,Data Access,external_trust
synthetic_02300,synthetic_02300_path_001,user:User7518,resource:Bucket1446,2,1,1,1,0,1,1,0,0,0,0,0,MEDIUM,0.43,Data Access,wildcard_action + wildcard_resource
synthetic_02301,synthetic_02301_path_001,user:User6249,resource:Bucket2637,2,1,1,1,0,1,1,0,0,0,0,0,MEDIUM,0.43,Data Access,wildcard_action + wildcard_resource
synthetic_02302,synthetic_02302_path_001,user:506882691776,resource:Bucket4454,2,1,1,1,0,1,1,0,1,1,0,0,CRITICAL,0.88,Lateral Movement,external_trust + cross_account
synthetic_02303,synthetic_02303_path_001,user:User2897,resource:Bucket5980,2,1,1,1,0,1,1,0,0,0,0,1,CRITICAL,0.85,Privilege Escalation,admin_permission
synthetic_02304,synthetic_02304_path_001,user:User5889,resource:Bucket8813,2,1,1,1,0,0,0,0,0,0,0,0,LOW,0.15,Data Access,read_only_access
synthetic_02305,synthetic_02305_path_001,user:User7132,resource:Bucket1874,2,1,1,1,0,0,0,0,0,0,0,0,LOW,0.15,Data Access,read_only_access
synthetic_02306,synthetic_02306_path_001,user:User1295,resource:Bucket2062,4,3,1,1,0,0,1,0,0,0,0,0,HIGH,0.68,Lateral Movement,assume_role_chain + long_privilege_escalation_chain
synthetic_02307,synthetic_02307_path_001,user:User1258,resource:Bucket5181,2,1,1,1,0,0,0,0,0,0,0,0,LOW,0.15,Data Access,read_only_access
synthetic_02308,synthetic_02308_path_001,user:User7893,role:AdminRole5856,2,2,1,1,1,0,0,0,0,0,0,0,HIGH,0.68,Lateral Movement,pass_role + assume_role_chain
synthetic_02309,synthetic_02309_path_001,user:User8474,resource:Policy9555,2,1,1,1,0,0,0,1,0,0,0,0,CRITICAL,0.85,Privilege Escalation,policy_modification
synthetic_02310,synthetic_02310_path_001,user:User6999,role:AdminRole5066,2,2,1,1,1,0,0,0,0,0,0,0,HIGH,0.68,Lateral Movement,pass_role + assume_role_chain
synthetic_02311,synthetic_02311_path_001,user:User2686,resource:Bucket1348,2,1,1,1,0,0,0,0,0,0,0,0,LOW,0.15,Data Access,read_only_access
synthetic_02312,synthetic_02312_path_001,user:123426698069,resource:Bucket8749,2,1,1,1,0,1,1,0,1,1,0,0,CRITICAL,0.88,Lateral Movement,external_trust + cross_account
synthetic_02313,synthetic_02313_path_001,user:User7843,resource:Bucket8241,2,1,1,1,0,0,0,0,0,0,0,0,LOW,0.15,Data Access,read_only_access
synthetic_02314,synthetic_02314_path_001,user:User4737,role:AdminRole4610,2,2,1,1,1,0,0,0,0,0,0,0,HIGH,0.68,Lateral Movement,pass_role + assume_role_chain
synthetic_02315,synthetic_02315_path_001,user:User6927,resource:Bucket9523,2,1,1,1,0,1,1,0,0,0,0,0,MEDIUM,0.43,Data Access,wildcard_action + wildcard_resource
synthetic_02316,synthetic_02316_path_001,user:User5664,resource:Policy6647,2,1,1,1,0,0,0,1,0,0,0,0,CRITICAL,0.85,Privilege Escalation,policy_modification
synthetic_02317,synthetic_02317_path_001,user:User3334,resource:Bucket6592,2,1,1,1,0,0,0,0,0,0,0,0,LOW,0.15,Data Access,read_only_access
synthetic_02318,synthetic_02318_path_001,user:User6877,role:AdminRole3402,2,2,1,1,1,0,0,0,0,0,0,0,HIGH,0.68,Lateral Movement,pass_role + assume_role_chain
synthetic_02319,synthetic_02319_path_001,user:User5358,resource:Bucket7265,2,1,1,1,0,1,1,0,0,0,0,0,MEDIUM,0.43,Data Access,wildcard_action + wildcard_resource
synthetic_02320,synthetic_02320_path_001,user:User4549,resource:Table7978,3,2,1,1,0,0,0,0,0,0,0,0,HIGH,0.65,Lateral Movement,assume_role_chain
synthetic_02321,synthetic_02321_path_001,user:User3387,resource:Bucket9659,2,1,1,1,0,0,0,0,0,0,0,0,LOW,0.15,Data Access,read_only_access
synthetic_02322,synthetic_02322_path_001,user:User4146,resource:Bucket7531,2,1,1,1,0,0,0,0,0,0,0,0,LOW,0.15,Data Access,read_only_access
synthetic_02323,synthetic_02323_path_001,user:partner-6091,resource:Secret5454,2,1,1,1,0,0,0,0,1,0,1,0,CRITICAL,0.85,Data Access,external_trust
synthetic_02324,synthetic_02324_path_001,user:User3690,resource:Policy4665,2,1,1,1,0,0,0,1,0,0,0,0,CRITICAL,0.85,Privilege Escalation,policy_modification
synthetic_02325,synthetic_02325_path_001,user:User9419,resource:Table7378,3,2,1,1,0,0,0,0,0,0,0,0,HIGH,0.65,Lateral Movement,assume_role_chain
synthetic_02326,synthetic_02326_path_001,user:User1903,resource:Bucket7343,2,1,1,1,0,0,0,0,0,0,0,0,LOW,0.15,Data Access,read_only_access
synthetic_02327,synthetic_02327_path_001,user:User6486,resource:Table2084,3,2,1,1,0,0,0,0,0,0,0,0,HIGH,0.65,Lateral Movement,assume_role_chain
synthetic_02328,synthetic_02328_path_001,user:User1917,resource:Bucket2312,2,1,1,1,0,1,1,0,0,0,0,0,MEDIUM,0.43,Data Access,wildcard_action + wildcard_resource
synthetic_02329,synthetic_02329_path_001,user:User1890,resource:Bucket9549,4,3,1,1,0,0,1,0,0,0,0,0,HIGH,0.68,Lateral Movement,assume_role_chain + long_privilege_escalation_chain
synthetic_02330,synthetic_02330_path_001,user:User3353,resource:Bucket7035,2,1,1,1,0,1,1,0,0,0,0,0,MEDIUM,0.43,Data Access,wildcard_action + wildcard_resource
synthetic_02331,synthetic_02331_path_001,user:User9114,resource:Bucket8253,2,1,1,1,0,0,0,0,0,0,0,0,LOW,0.15,Data Access,read_only_access
synthetic_02332,synthetic_02332_path_001,user:User8356,resource:Bucket7606,2,1,1,1,0,0,0,0,0,0,0,0,LOW,0.15,Data Access,read_only_access
synthetic_02333,synthetic_02333_path_001,user:User1318,resource:Bucket9062,2,1,1,1,0,0,0,0,0,0,0,0,LOW,0.15,Data Access,read_only_access
synthetic_02334,synthetic_02334_path_001,user:User2094,resource:Bucket1372,2,1,1,1,0,1,1,0,0,0,0,1,CRITICAL,0.85,Privilege Escalation,admin_permission
synthetic_02335,synthetic_02335_path_001,user:User4251,resource:Bucket8436,2,1,1,1,0,1,1,0,0,0,0,1,CRITICAL,0.85,Privilege Escalation,admin_permission
synthetic_02336,synthetic_02336_path_001,user:User6147,resource:Bucket3805,2,1,1,1,0,1,1,0,0,0,0,1,CRITICAL,0.85,Privilege Escalation,admin_permission
synthetic_02337,synthetic_02337_path_001,user:User9924,resource:Bucket8606,2,1,1,1,0,0,0,0,0,0,0,0,LOW,0.15,Data Access,read_only_access
synthetic_02338,synthetic_02338_path_001,user:User3691,resource:Bucket2287,2,1,1,1,0,1,1,0,0,0,0,1,CRITICAL,0.85,Privilege Escalation,admin_permission
synthetic_02339,synthetic_02339_path_001,user:User7912,resource:Bucket9409,2,1,1,1,0,0,0,0,0,0,0,0,LOW,0.15,Data Access,read_only_access
synthetic_02340,synthetic_02340_path_001,user:User6651,resource:Bucket2986,2,1,1,1,0,1,1,0,0,0,0,0,MEDIUM,0.43,Data Access,wildcard_action + wildcard_resource
synthetic_02341,synthetic_02341_path_001,user:User9932,resource:Bucket6031,2,1,1,1,0,0,0,0,0,0,0,0,LOW,0.15,Data Access,read_only_access
synthetic_02342,synthetic_02342_path_001,user:User6292,resource:Bucket3307,2,1,1,1,0,1,1,0,0,0,0,1,CRITICAL,0.85,Privilege Escalation,admin_permission
synthetic_02343,synthetic_02343_path_001,user:User2548,resource:Bucket5512,2,1,1,1,0,0,0,0,0,0,0,0,LOW,0.15,Data Access,read_only_access
synthetic_02344,synthetic_02344_path_001,user:User5098,resource:Bucket7526,2,1,1,1,0,1,1,0,0,0,0,0,MEDIUM,0.43,Data Access,wildcard_action + wildcard_resource
synthetic_02345,synthetic_02345_path_001,user:782210217982,resource:Bucket4168,2,1,1,1,0,1,1,0,1,1,0,0,CRITICAL,0.88,Lateral Movement,external_trust + cross_account
synthetic_02346,synthetic_02346_path_001,user:User6572,role:AdminRole8175,2,2,1,1,1,0,0,0,0,0,0,0,HIGH,0.68,Lateral Movement,pass_role + assume_role_chain
synthetic_02347,synthetic_02347_path_001,user:User7979,resource:Bucket9836,2,1,1,1,0,0,0,0,0,0,0,0,LOW,0.15,Data Access,read_only_access
synthetic_02348,synthetic_02348_path_001,user:User9904,role:AdminRole7691,2,2,1,1,1,0,0,0,0,0,0,0,HIGH,0.68,Lateral Movement,pass_role + assume_role_chain
synthetic_02349,synthetic_02349_path_001,user:User4750,resource:Bucket1375,2,1,1,1,0,0,0,0,0,0,0,0,LOW,0.15,Data Access,read_only_access
synthetic_02350,synthetic_02350_path_001,user:User2949,resource:Table2000,3,2,1,1,0,0,0,0,0,0,0,0,HIGH,0.65,Lateral Movement,assume_role_chain
synthetic_02351,synthetic_02351_path_001,user:User9134,resource:Bucket7636,2,1,1,1,0,1,1,0,0,0,0,0,MEDIUM,0.43,Data Access,wildcard_action + wildcard_resource
synthetic_02352,synthetic_02352_path_001,user:partner-7162,resource:Secret3353,2,1,1,1,0,0,0,0,1,0,1,0,CRITICAL,0.85,Data Access,external_trust
synthetic_02353,synthetic_02353_path_001,user:User6722,resource:Bucket3608,2,1,1,1,0,0,0,0,0,0,0,0,LOW,0.15,Data Access,read_only_access
synthetic_02354,synthetic_02354_path_001,user:User6997,resource:Policy6489,2,1,1,1,0,0,0,1,0,0,0,0,CRITICAL,0.85,Privilege Escalation,policy_modification
synthetic_02355,synthetic_02355_path_001,user:User7634,resource:Table9566,3,2,1,1,0,0,0,0,0,0,0,0,HIGH,0.65,Lateral Movement,assume_role_chain
synthetic_02356,synthetic_02356_path_001,user:User3854,resource:Table6363,3,2,1,1,0,0,0,0,0,0,0,0,HIGH,0.65,Lateral Movement,assume_role_chain
synthetic_02357,synthetic_02357_path_001,user:User8482,role:AdminRole9753,2,2,1,1,1,0,0,0,0,0,0,0,HIGH,0.68,Lateral Movement,pass_role + assume_role_chain
synthetic_02358,synthetic_02358_path_001,user:partner-5399,resource:Secret8044,2,1,1,1,0,0,0,0,1,0,1,0,CRITICAL,0.85,Data Access,external_trust
synthetic_02359,synthetic_02359_path_001,user:User3078,resource:Bucket6421,2,1,1,1,0,1,1,0,0,0,0,1,CRITICAL,0.85,Privilege Escalation,admin_permission
synthetic_02360,synthetic_02360_path_001,user:User8096,resource:Policy9312,2,1,1,1,0,0,0,1,0,0,0,0,CRITICAL,0.85,Privilege Escalation,policy_modification
synthetic_02361,synthetic_02361_path_001,user:User6533,resource:Bucket2081,2,1,1,1,0,0,0,0,0,0,0,0,LOW,0.15,Data Access,read_only_access
synthetic_02362,synthetic_02362_path_001,user:User9940,resource:Bucket8501,2,1,1,1,0,1,1,0,0,0,0,0,MEDIUM,0.43,Data Access,wildcard_action + wildcard_resource
synthetic_02363,synthetic_02363_path_001,user:User3933,resource:Bucket9912,2,1,1,1,0,1,1,0,0,0,0,0,MEDIUM,0.43,Data Access,wildcard_action + wildcard_resource
synthetic_02364,synthetic_02364_path_001,user:User9835,resource:Bucket1429,2,1,1,1,0,1,1,0,0,0,0,0,MEDIUM,0.43,Data Access,wildcard_action + wildcard_resource
synthetic_02365,synthetic_02365_path_001,user:partner-2040,resource:Secret9108,2,1,1,1,0,0,0,0,1,0,1,0,CRITICAL,0.85,Data Access,external_trust
synthetic_02366,synthetic_02366_path_001,user:User8151,role:AdminRole9146,2,2,1,1,1,0,0,0,0,0,0,0,HIGH,0.68,Lateral Movement,pass_role + assume_role_chain
synthetic_02367,synthetic_02367_path_001,user:User3521,resource:Bucket4213,4,3,1,1,0,0,1,0,0,0,0,0,HIGH,0.68,Lateral Movement,assume_role_chain + long_privilege_escalation_chain
synthetic_02368,synthetic_02368_path_001,user:User6214,resource:Table7530,3,2,1,1,0,0,0,0,0,0,0,0,HIGH,0.65,Lateral Movement,assume_role_chain
synthetic_02369,synthetic_02369_path_001,user:User4890,resource:Table5412,3,2,1,1,0,0,0,0,0,0,0,0,HIGH,0.65,Lateral Movement,assume_role_chain
synthetic_02370,synthetic_02370_path_001,user:566957900124,resource:Bucket3882,2,1,1,1,0,1,1,0,1,1,0,0,CRITICAL,0.88,Lateral Movement,external_trust + cross_account
synthetic_02371,synthetic_02371_path_001,user:User9578,resource:Bucket8547,2,1,1,1,0,1,1,0,0,0,0,0,MEDIUM,0.43,Data Access,wildcard_action + wildcard_resource
synthetic_02372,synthetic_02372_path_001,user:User5819,resource:Bucket5040,2,1,1,1,0,1,1,0,0,0,0,0,MEDIUM,0.43,Data Access,wildcard_action + wildcard_resource
synthetic_02373,synthetic_02373_path_001,user:User4640,resource:Bucket9948,2,1,1,1,0,1,1,0,0,0,0,0,MEDIUM,0.43,Data Access,wildcard_action + wildcard_resource
synthetic_02374,synthetic_02374_path_001,user:User2304,resource:Bucket4057,2,1,1,1,0,0,0,0,0,0,0,0,LOW,0.15,Data Access,read_only_access
synthetic_02375,synthetic_02375_path_001,user:562926933589,resource:Bucket2674,2,1,1,1,0,1,1,0,1,1,0,0,CRITICAL,0.88,Lateral Movement,external_trust + cross_account
synthetic_02376,synthetic_02376_path_001,user:User7049,resource:Bucket9502,4,3,1,1,0,0,1,0,0,0,0,0,HIGH,0.68,Lateral Movement,assume_role_chain + long_privilege_escalation_chain
synthetic_02377,synthetic_02377_path_001,user:User1256,role:AdminRole8991,2,2,1,1,1,0,0,0,0,0,0,0,HIGH,0.68,Lateral Movement,pass_role + assume_role_chain
synthetic_02378,synthetic_02378_path_001,user:partner-5707,resource:Secret4673,2,1,1,1,0,0,0,0,1,0,1,0,CRITICAL,0.85,Data Access,external_trust
synthetic_02379,synthetic_02379_path_001,user:User2965,resource:Bucket2220,2,1,1,1,0,1,1,0,0,0,0,0,MEDIUM,0.43,Data Access,wildcard_action + wildcard_resource
synthetic_02380,synthetic_02380_path_001,user:User1768,resource:Bucket9544,2,1,1,1,0,1,1,0,0,0,0,0,MEDIUM,0.43,Data Access,wildcard_action + wildcard_resource
synthetic_02381,synthetic_02381_path_001,user:partner-2409,resource:Secret4443,2,1,1,1,0,0,0,0,1,0,1,0,CRITICAL,0.85,Data Access,external_trust
synthetic_02382,synthetic_02382_path_001,user:User5811,resource:Bucket2761,2,1,1,1,0,0,0,0,0,0,0,0,LOW,0.15,Data Access,read_only_access
synthetic_02383,synthetic_02383_path_001,user:User3842,resource:Bucket4513,2,1,1,1,0,0,0,0,0,0,0,0,LOW,0.15,Data Access,read_only_access
synthetic_02384,synthetic_02384_path_001,user:User9593,resource:Policy4901,2,1,1,1,0,0,0,1,0,0,0,0,CRITICAL,0.85,Privilege Escalation,policy_modification
synthetic_02385,synthetic_02385_path_001,user:User1750,resource:Policy5354,2,1,1,1,0,0,0,1,0,0,0,0,CRITICAL,0.85,Privilege Escalation,policy_modification
synthetic_02386,synthetic_02386_path_001,user:User2787,resource:Policy2427,2,1,1,1,0,0,0,1,0,0,0,0,CRITICAL,0.85,Privilege Escalation,policy_modification
synthetic_02387,synthetic_02387_path_001,user:User8481,resource:Bucket9670,2,1,1,1,0,1,1,0,0,0,0,0,MEDIUM,0.43,Data Access,wildcard_action + wildcard_resource
synthetic_02388,synthetic_02388_path_001,user:User3156,resource:Bucket1110,2,1,1,1,0,0,0,0,0,0,0,0,LOW,0.15,Data Access,read_only_access
synthetic_02389,synthetic_02389_path_001,user:User9425,resource:Bucket6706,2,1,1,1,0,0,0,0,0,0,0,0,LOW,0.15,Data Access,read_only_access
synthetic_02390,synthetic_02390_path_001,user:866059867874,resource:Bucket3745,2,1,1,1,0,1,1,0,1,1,0,0,CRITICAL,0.88,Lateral Movement,external_trust + cross_account
synthetic_02391,synthetic_02391_path_001,user:User6526,resource:Bucket9869,2,1,1,1,0,1,1,0,0,0,0,0,MEDIUM,0.43,Data Access,wildcard_action + wildcard_resource
synthetic_02392,synthetic_02392_path_001,user:partner-6199,resource:Secret3912,2,1,1,1,0,0,0,0,1,0,1,0,CRITICAL,0.85,Data Access,external_trust
synthetic_02393,synthetic_02393_path_001,user:User2944,resource:Bucket8014,2,1,1,1,0,1,1,0,0,0,0,1,CRITICAL,0.85,Privilege Escalation,admin_permission
synthetic_02394,synthetic_02394_path_001,user:000245393132,resource:Bucket6340,2,1,1,1,0,1,1,0,1,1,0,0,CRITICAL,0.88,Lateral Movement,external_trust + cross_account
synthetic_02395,synthetic_02395_path_001,user:User6569,resource:Bucket1553,2,1,1,1,0,0,0,0,0,0,0,0,LOW,0.15,Data Access,read_only_access
synthetic_02396,synthetic_02396_path_001,user:User2644,resource:Bucket9516,4,3,1,1,0,0,1,0,0,0,0,0,HIGH,0.68,Lateral Movement,assume_role_chain + long_privilege_escalation_chain
synthetic_02397,synthetic_02397_path_001,user:User9038,role:AdminRole9185,2,2,1,1,1,0,0,0,0,0,0,0,HIGH,0.68,Lateral Movement,pass_role + assume_role_chain
synthetic_02398,synthetic_02398_path_001,user:User4638,resource:Bucket8356,2,1,1,1,0,1,1,0,0,0,0,1,CRITICAL,0.85,Privilege Escalation,admin_permission
synthetic_02399,synthetic_02399_path_001,user:User1104,resource:Bucket7001,2,1,1,1,0,1,1,0,0,0,0,0,MEDIUM,0.43,Data Access,wildcard_action + wildcard_resource
synthetic_02400,synthetic_02400_path_001,user:User2140,resource:Bucket4578,2,1,1,1,0,0,0,0,0,0,0,0,LOW,0.15,Data Access,read_only_access
synthetic_02401,synthetic_02401_path_001,user:User2030,resource:Bucket4279,2,1,1,1,0,0,0,0,0,0,0,0,LOW,0.15,Data Access,read_only_access
synthetic_02402,synthetic_02402_path_001,user:User2517,resource:Bucket7179,2,1,1,1,0,1,1,0,0,0,0,0,MEDIUM,0.43,Data Access,wildcard_action + wildcard_resource
synthetic_02403,synthetic_02403_path_001,user:User5299,resource:Bucket3623,2,1,1,1,0,0,0,0,0,0,0,0,LOW,0.15,Data Access,read_only_access
synthetic_02404,synthetic_02404_path_001,user:User3704,resource:Bucket7619,2,1,1,1,0,0,0,0,0,0,0,0,LOW,0.15,Data Access,read_only_access
synthetic_02405,synthetic_02405_path_001,user:partner-6735,resource:Secret8606,2,1,1,1,0,0,0,0,1,0,1,0,CRITICAL,0.85,Data Access,external_trust
synthetic_02406,synthetic_02406_path_001,user:User6950,resource:Bucket7208,4,3,1,1,0,0,1,0,0,0,0,0,HIGH,0.68,Lateral Movement,assume_role_chain + long_privilege_escalation_chain
synthetic_02407,synthetic_02407_path_001,user:User2478,resource:Bucket8431,2,1,1,1,0,0,0,0,0,0,0,0,LOW,0.15,Data Access,read_only_access
synthetic_02408,synthetic_02408_path_001,user:User1869,resource:Bucket8201,2,1,1,1,0,0,0,0,0,0,0,0,LOW,0.15,Data Access,read_only_access
synthetic_02409,synthetic_02409_path_001,user:User4523,resource:Bucket8256,2,1,1,1,0,0,0,0,0,0,0,0,LOW,0.15,Data Access,read_only_access
synthetic_02410,synthetic_02410_path_001,user:522299936216,resource:Bucket2234,2,1,1,1,0,1,1,0,1,1,0,0,CRITICAL,0.88,Lateral Movement,external_trust + cross_account
synthetic_02411,synthetic_02411_path_001,user:User4874,role:AdminRole6326,2,2,1,1,1,0,0,0,0,0,0,0,HIGH,0.68,Lateral Movement,pass_role + assume_role_chain
synthetic_02412,synthetic_02412_path_001,user:User5006,resource:Table6246,3,2,1,1,0,0,0,0,0,0,0,0,HIGH,0.65,Lateral Movement,assume_role_chain
synthetic_02413,synthetic_02413_path_001,user:User6047,role:AdminRole7846,2,2,1,1,1,0,0,0,0,0,0,0,HIGH,0.68,Lateral Movement,pass_role + assume_role_chain
synthetic_02414,synthetic_02414_path_001,user:User8586,resource:Bucket4585,2,1,1,1,0,0,0,0,0,0,0,0,LOW,0.15,Data Access,read_only_access
synthetic_02415,synthetic_02415_path_001,user:User1320,resource:Bucket5276,2,1,1,1,0,0,0,0,0,0,0,0,LOW,0.15,Data Access,read_only_access
synthetic_02416,synthetic_02416_path_001,user:User2908,resource:Bucket1044,4,3,1,1,0,0,1,0,0,0,0,0,HIGH,0.68,Lateral Movement,assume_role_chain + long_privilege_escalation_chain
synthetic_02417,synthetic_02417_path_001,user:User1908,resource:Bucket5038,2,1,1,1,0,0,0,0,0,0,0,0,LOW,0.15,Data Access,read_only_access
synthetic_02418,synthetic_02418_path_001,user:User9033,resource:Bucket3265,2,1,1,1,0,0,0,0,0,0,0,0,LOW,0.15,Data Access,read_only_access
synthetic_02419,synthetic_02419_path_001,user:User2614,resource:Bucket6968,2,1,1,1,0,0,0,0,0,0,0,0,LOW,0.15,Data Access,read_only_access
synthetic_02420,synthetic_02420_path_001,user:User1616,resource:Bucket5346,2,1,1,1,0,0,0,0,0,0,0,0,LOW,0.15,Data Access,read_only_access
synthetic_02421,synthetic_02421_path_001,user:User8182,role:AdminRole4450,2,2,1,1,1,0,0,0,0,0,0,0,HIGH,0.68,Lateral Movement,pass_role + assume_role_chain
synthetic_02422,synthetic_02422_path_001,user:User7098,resource:Bucket4879,4,3,1,1,0,0,1,0,0,0,0,0,HIGH,0.68,Lateral Movement,assume_role_chain + long_privilege_escalation_chain
synthetic_02423,synthetic_02423_path_001,user:User1662,resource:Policy1284,2,1,1,1,0,0,0,1,0,0,0,0,CRITICAL,0.85,Privilege Escalation,policy_modification
synthetic_02424,synthetic_02424_path_001,user:User7354,resource:Bucket6254,2,1,1,1,0,0,0,0,0,0,0,0,LOW,0.15,Data Access,read_only_access
synthetic_02425,synthetic_02425_path_001,user:User3670,resource:Bucket2533,2,1,1,1,0,1,1,0,0,0,0,0,MEDIUM,0.43,Data Access,wildcard_action + wildcard_resource
synthetic_02426,synthetic_02426_path_001,user:User6705,role:AdminRole2515,2,2,1,1,1,0,0,0,0,0,0,0,HIGH,0.68,Lateral Movement,pass_role + assume_role_chain
synthetic_02427,synthetic_02427_path_001,user:User8831,resource:Bucket9378,2,1,1,1,0,1,1,0,0,0,0,0,MEDIUM,0.43,Data Access,wildcard_action + wildcard_resource
synthetic_02428,synthetic_02428_path_001,user:User1080,resource:Policy8702,2,1,1,1,0,0,0,1,0,0,0,0,CRITICAL,0.85,Privilege Escalation,policy_modification
synthetic_02429,synthetic_02429_path_001,user:User9189,resource:Table3378,3,2,1,1,0,0,0,0,0,0,0,0,HIGH,0.65,Lateral Movement,assume_role_chain
synthetic_02430,synthetic_02430_path_001,user:User3472,resource:Bucket2893,2,1,1,1,0,1,1,0,0,0,0,0,MEDIUM,0.43,Data Access,wildcard_action + wildcard_resource
synthetic_02431,synthetic_02431_path_001,user:User8542,resource:Policy8644,2,1,1,1,0,0,0,1,0,0,0,0,CRITICAL,0.85,Privilege Escalation,policy_modification
synthetic_02432,synthetic_02432_path_001,user:User2462,resource:Bucket2846,2,1,1,1,0,0,0,0,0,0,0,0,LOW,0.15,Data Access,read_only_access
synthetic_02433,synthetic_02433_path_001,user:User3960,resource:Bucket2981,2,1,1,1,0,0,0,0,0,0,0,0,LOW,0.15,Data Access,read_only_access
synthetic_02434,synthetic_02434_path_001,user:User9669,resource:Bucket4507,4,3,1,1,0,0,1,0,0,0,0,0,HIGH,0.68,Lateral Movement,assume_role_chain + long_privilege_escalation_chain
synthetic_02435,synthetic_02435_path_001,user:User7230,resource:Bucket4414,2,1,1,1,0,0,0,0,0,0,0,0,LOW,0.15,Data Access,read_only_access
synthetic_02436,synthetic_02436_path_001,user:User5939,resource:Table3451,3,2,1,1,0,0,0,0,0,0,0,0,HIGH,0.65,Lateral Movement,assume_role_chain
synthetic_02437,synthetic_02437_path_001,user:partner-5621,resource:Secret2645,2,1,1,1,0,0,0,0,1,0,1,0,CRITICAL,0.85,Data Access,external_trust
synthetic_02438,synthetic_02438_path_001,user:User7468,resource:Bucket3303,2,1,1,1,0,0,0,0,0,0,0,0,LOW,0.15,Data Access,read_only_access
synthetic_02439,synthetic_02439_path_001,user:User3205,resource:Table7153,3,2,1,1,0,0,0,0,0,0,0,0,HIGH,0.65,Lateral Movement,assume_role_chain
synthetic_02440,synthetic_02440_path_001,user:User4172,resource:Bucket6733,2,1,1,1,0,0,0,0,0,0,0,0,LOW,0.15,Data Access,read_only_access
synthetic_02441,synthetic_02441_path_001,user:User1020,resource:Bucket9135,4,3,1,1,0,0,1,0,0,0,0,0,HIGH,0.68,Lateral Movement,assume_role_chain + long_privilege_escalation_chain
synthetic_02442,synthetic_02442_path_001,user:User2943,resource:Bucket5513,2,1,1,1,0,1,1,0,0,0,0,1,CRITICAL,0.85,Privilege Escalation,admin_permission
synthetic_02443,synthetic_02443_path_001,user:User9841,role:AdminRole7346,2,2,1,1,1,0,0,0,0,0,0,0,HIGH,0.68,Lateral Movement,pass_role + assume_role_chain
synthetic_02444,synthetic_02444_path_001,user:User3135,resource:Bucket1443,2,1,1,1,0,1,1,0,0,0,0,0,MEDIUM,0.43,Data Access,wildcard_action + wildcard_resource
synthetic_02445,synthetic_02445_path_001,user:partner-1420,resource:Secret8894,2,1,1,1,0,0,0,0,1,0,1,0,CRITICAL,0.85,Data Access,external_trust
synthetic_02446,synthetic_02446_path_001,user:User3653,resource:Bucket4781,2,1,1,1,0,0,0,0,0,0,0,0,LOW,0.15,Data Access,read_only_access
synthetic_02447,synthetic_02447_path_001,user:User2007,resource:Bucket2398,2,1,1,1,0,0,0,0,0,0,0,0,LOW,0.15,Data Access,read_only_access
synthetic_02448,synthetic_02448_path_001,user:User7755,role:AdminRole3129,2,2,1,1,1,0,0,0,0,0,0,0,HIGH,0.68,Lateral Movement,pass_role + assume_role_chain
synthetic_02449,synthetic_02449_path_001,user:User5610,resource:Bucket2753,2,1,1,1,0,0,0,0,0,0,0,0,LOW,0.15,Data Access,read_only_access
synthetic_02450,synthetic_02450_path_001,user:User3598,resource:Bucket4634,2,1,1,1,0,1,1,0,0,0,0,1,CRITICAL,0.85,Privilege Escalation,admin_permission
synthetic_02451,synthetic_02451_path_001,user:User1276,resource:Bucket7644,2,1,1,1,0,0,0,0,0,0,0,0,LOW,0.15,Data Access,read_only_access
synthetic_02452,synthetic_02452_path_001,user:User6050,resource:Bucket7076,2,1,1,1,0,1,1,0,0,0,0,0,MEDIUM,0.43,Data Access,wildcard_action + wildcard_resource
synthetic_02453,synthetic_02453_path_001,user:User3825,resource:Bucket5116,2,1,1,1,0,1,1,0,0,0,0,0,MEDIUM,0.43,Data Access,wildcard_action + wildcard_resource
synthetic_02454,synthetic_02454_path_001,user:User5114,resource:Policy8113,2,1,1,1,0,0,0,1,0,0,0,0,CRITICAL,0.85,Privilege Escalation,policy_modification
synthetic_02455,synthetic_02455_path_001,user:User1973,resource:Bucket9424,2,1,1,1,0,0,0,0,0,0,0,0,LOW,0.15,Data Access,read_only_access
synthetic_02456,synthetic_02456_path_001,user:User7759,resource:Bucket2644,2,1,1,1,0,0,0,0,0,0,0,0,LOW,0.15,Data Access,read_only_access
synthetic_02457,synthetic_02457_path_001,user:partner-2474,resource:Secret3652,2,1,1,1,0,0,0,0,1,0,1,0,CRITICAL,0.85,Data Access,external_trust
synthetic_02458,synthetic_02458_path_001,user:User9468,role:AdminRole7000,2,2,1,1,1,0,0,0,0,0,0,0,HIGH,0.68,Lateral Movement,pass_role + assume_role_chain
synthetic_02459,synthetic_02459_path_001,user:User3426,resource:Bucket2772,2,1,1,1,0,1,1,0,0,0,0,0,MEDIUM,0.43,Data Access,wildcard_action + wildcard_resource
synthetic_02460,synthetic_02460_path_001,user:User9329,resource:Bucket7694,2,1,1,1,0,0,0,0,0,0,0,0,LOW,0.15,Data Access,read_only_access
synthetic_02461,synthetic_02461_path_001,user:User4755,resource:Bucket2305,2,1,1,1,0,0,0,0,0,0,0,0,LOW,0.15,Data Access,read_only_access
synthetic_02462,synthetic_02462_path_001,user:User5514,resource:Bucket5919,2,1,1,1,0,1,1,0,0,0,0,1,CRITICAL,0.85,Privilege Escalation,admin_permission
synthetic_02463,synthetic_02463_path_001,user:User4220,resource:Bucket1285,2,1,1,1,0,0,0,0,0,0,0,0,LOW,0.15,Data Access,read_only_access
synthetic_02464,synthetic_02464_path_001,user:User9652,role:AdminRole8320,2,2,1,1,1,0,0,0,0,0,0,0,HIGH,0.68,Lateral Movement,pass_role + assume_role_chain
synthetic_02465,synthetic_02465_path_001,user:User8036,resource:Bucket9129,2,1,1,1,0,1,1,0,0,0,0,0,MEDIUM,0.43,Data Access,wildcard_action + wildcard_resource
synthetic_02466,synthetic_02466_path_001,user:User6468,role:AdminRole4282,2,2,1,1,1,0,0,0,0,0,0,0,HIGH,0.68,Lateral Movement,pass_role + assume_role_chain
synthetic_02467,synthetic_02467_path_001,user:User3565,role:AdminRole5165,2,2,1,1,1,0,0,0,0,0,0,0,HIGH,0.68,Lateral Movement,pass_role + assume_role_chain
synthetic_02468,synthetic_02468_path_001,user:User7449,resource:Policy3439,2,1,1,1,0,0,0,1,0,0,0,0,CRITICAL,0.85,Privilege Escalation,policy_modification
synthetic_02469,synthetic_02469_path_001,user:User9595,role:AdminRole3264,2,2,1,1,1,0,0,0,0,0,0,0,HIGH,0.68,Lateral Movement,pass_role + assume_role_chain
synthetic_02470,synthetic_02470_path_001,user:User8782,resource:Bucket5358,4,3,1,1,0,0,1,0,0,0,0,0,HIGH,0.68,Lateral Movement,assume_role_chain + long_privilege_escalation_chain
synthetic_02471,synthetic_02471_path_001,user:User6412,resource:Bucket2111,2,1,1,1,0,0,0,0,0,0,0,0,LOW,0.15,Data Access,read_only_access
synthetic_02472,synthetic_02472_path_001,user:User8657,role:AdminRole5133,2,2,1,1,1,0,0,0,0,0,0,0,HIGH,0.68,Lateral Movement,pass_role + assume_role_chain
synthetic_02473,synthetic_02473_path_001,user:User5303,resource:Bucket9910,2,1,1,1,0,0,0,0,0,0,0,0,LOW,0.15,Data Access,read_only_access
synthetic_02474,synthetic_02474_path_001,user:User5084,resource:Bucket6188,2,1,1,1,0,0,0,0,0,0,0,0,LOW,0.15,Data Access,read_only_access
synthetic_02475,synthetic_02475_path_001,user:User9222,role:AdminRole5876,2,2,1,1,1,0,0,0,0,0,0,0,HIGH,0.68,Lateral Movement,pass_role + assume_role_chain
synthetic_02476,synthetic_02476_path_001,user:User9141,resource:Table9074,3,2,1,1,0,0,0,0,0,0,0,0,HIGH,0.65,Lateral Movement,assume_role_chain
synthetic_02477,synthetic_02477_path_001,user:User2066,resource:Table8192,3,2,1,1,0,0,0,0,0,0,0,0,HIGH,0.65,Lateral Movement,assume_role_chain
synthetic_02478,synthetic_02478_path_001,user:User7792,resource:Table2672,3,2,1,1,0,0,0,0,0,0,0,0,HIGH,0.65,Lateral Movement,assume_role_chain
synthetic_02479,synthetic_02479_path_001,user:User7258,resource:Bucket3432,2,1,1,1,0,1,1,0,0,0,0,0,MEDIUM,0.43,Data Access,wildcard_action + wildcard_resource
synthetic_02480,synthetic_02480_path_001,user:User8946,resource:Bucket5360,2,1,1,1,0,1,1,0,0,0,0,1,CRITICAL,0.85,Privilege Escalation,admin_permission
synthetic_02481,synthetic_02481_path_001,user:User6280,resource:Bucket3998,2,1,1,1,0,0,0,0,0,0,0,0,LOW,0.15,Data Access,read_only_access
synthetic_02482,synthetic_02482_path_001,user:User2866,role:AdminRole1240,2,2,1,1,1,0,0,0,0,0,0,0,HIGH,0.68,Lateral Movement,pass_role + assume_role_chain
synthetic_02483,synthetic_02483_path_001,user:User5327,resource:Bucket8058,2,1,1,1,0,0,0,0,0,0,0,0,LOW,0.15,Data Access,read_only_access
synthetic_02484,synthetic_02484_path_001,user:User9447,resource:Bucket9856,2,1,1,1,0,1,1,0,0,0,0,0,MEDIUM,0.43,Data Access,wildcard_action + wildcard_resource
synthetic_02485,synthetic_02485_path_001,user:User3594,resource:Bucket5251,2,1,1,1,0,1,1,0,0,0,0,0,MEDIUM,0.43,Data Access,wildcard_action + wildcard_resource
synthetic_02486,synthetic_02486_path_001,user:User9404,resource:Bucket8349,2,1,1,1,0,1,1,0,0,0,0,0,MEDIUM,0.43,Data Access,wildcard_action + wildcard_resource
synthetic_02487,synthetic_02487_path_001,user:User1367,resource:Bucket9251,2,1,1,1,0,1,1,0,0,0,0,1,CRITICAL,0.85,Privilege Escalation,admin_permission
synthetic_02488,synthetic_02488_path_001,user:User2156,resource:Policy7537,2,1,1,1,0,0,0,1,0,0,0,0,CRITICAL,0.85,Privilege Escalation,policy_modification
synthetic_02489,synthetic_02489_path_001,user:User3633,role:AdminRole8393,2,2,1,1,1,0,0,0,0,0,0,0,HIGH,0.68,Lateral Movement,pass_role + assume_role_chain
synthetic_02490,synthetic_02490_path_001,user:User6833,resource:Bucket9407,2,1,1,1,0,1,1,0,0,0,0,1,CRITICAL,0.85,Privilege Escalation,admin_permission
synthetic_02491,synthetic_02491_path_001,user:User1188,resource:Bucket3827,2,1,1,1,0,1,1,0,0,0,0,0,MEDIUM,0.43,Data Access,wildcard_action + wildcard_resource
synthetic_02492,synthetic_02492_path_001,user:User7861,role:AdminRole6246,2,2,1,1,1,0,0,0,0,0,0,0,HIGH,0.68,Lateral Movement,pass_role + assume_role_chain
synthetic_02493,synthetic_02493_path_001,user:User2535,resource:Bucket4095,2,1,1,1,0,1,1,0,0,0,0,0,MEDIUM,0.43,Data Access,wildcard_action + wildcard_resource
synthetic_02494,synthetic_02494_path_001,user:User2499,role:AdminRole3585,2,2,1,1,1,0,0,0,0,0,0,0,HIGH,0.68,Lateral Movement,pass_role + assume_role_chain
synthetic_02495,synthetic_02495_path_001,user:User9186,role:AdminRole3709,2,2,1,1,1,0,0,0,0,0,0,0,HIGH,0.68,Lateral Movement,pass_role + assume_role_chain
synthetic_02496,synthetic_02496_path_001,user:User7938,role:AdminRole3464,2,2,1,1,1,0,0,0,0,0,0,0,HIGH,0.68,Lateral Movement,pass_role + assume_role_chain
synthetic_02497,synthetic_02497_path_001,user:User7424,resource:Bucket1819,2,1,1,1,0,1,1,0,0,0,0,0,MEDIUM,0.43,Data Access,wildcard_action + wildcard_resource
synthetic_02498,synthetic_02498_path_001,user:User2931,resource:Bucket2448,2,1,1,1,0,1,1,0,0,0,0,0,MEDIUM,0.43,Data Access,wildcard_action + wildcard_resource
synthetic_02499,synthetic_02499_path_001,user:User9099,resource:Bucket3900,2,1,1,1,0,1,1,0,0,0,0,0,MEDIUM,0.43,Data Access,wildcard_action + wildcard_resource
synthetic_02500,synthetic_02500_path_001,user:883565179624,resource:Bucket7908,2,1,1,1,0,1,1,0,1,1,0,0,CRITICAL,0.88,Lateral Movement,external_trust + cross_account
synthetic_02501,synthetic_02501_path_001,user:User5338,role:AdminRole1419,2,2,1,1,1,0,0,0,0,0,0,0,HIGH,0.68,Lateral Movement,pass_role + assume_role_chain
synthetic_02502,synthetic_02502_path_001,user:User9383,resource:Bucket3485,2,1,1,1,0,1,1,0,0,0,0,0,MEDIUM,0.43,Data Access,wildcard_action + wildcard_resource
synthetic_02503,synthetic_02503_path_001,user:User6538,resource:Bucket7323,2,1,1,1,0,0,0,0,0,0,0,0,LOW,0.15,Data Access,read_only_access
synthetic_02504,synthetic_02504_path_001,user:User4983,role:AdminRole5509,2,2,1,1,1,0,0,0,0,0,0,0,HIGH,0.68,Lateral Movement,pass_role + assume_role_chain
synthetic_02505,synthetic_02505_path_001,user:User3048,role:AdminRole9233,2,2,1,1,1,0,0,0,0,0,0,0,HIGH,0.68,Lateral Movement,pass_role + assume_role_chain
synthetic_02506,synthetic_02506_path_001,user:User4637,resource:Bucket9759,2,1,1,1,0,1,1,0,0,0,0,1,CRITICAL,0.85,Privilege Escalation,admin_permission
synthetic_02507,synthetic_02507_path_001,user:User8141,resource:Bucket5235,2,1,1,1,0,0,0,0,0,0,0,0,LOW,0.15,Data Access,read_only_access
synthetic_02508,synthetic_02508_path_001,user:User9637,resource:Bucket2116,2,1,1,1,0,1,1,0,0,0,0,1,CRITICAL,0.85,Privilege Escalation,admin_permission
synthetic_02509,synthetic_02509_path_001,user:User2461,resource:Policy2210,2,1,1,1,0,0,0,1,0,0,0,0,CRITICAL,0.85,Privilege Escalation,policy_modification
synthetic_02510,synthetic_02510_path_001,user:User5067,resource:Bucket3674,2,1,1,1,0,0,0,0,0,0,0,0,LOW,0.15,Data Access,read_only_access
synthetic_02511,synthetic_02511_path_001,user:User8784,resource:Bucket1006,2,1,1,1,0,0,0,0,0,0,0,0,LOW,0.15,Data Access,read_only_access
synthetic_02512,synthetic_02512_path_001,user:User5169,resource:Bucket9372,2,1,1,1,0,0,0,0,0,0,0,0,LOW,0.15,Data Access,read_only_access
synthetic_02513,synthetic_02513_path_001,user:partner-1359,resource:Secret6903,2,1,1,1,0,0,0,0,1,0,1,0,CRITICAL,0.85,Data Access,external_trust
synthetic_02514,synthetic_02514_path_001,user:User5295,resource:Bucket2595,2,1,1,1,0,1,1,0,0,0,0,0,MEDIUM,0.43,Data Access,wildcard_action + wildcard_resource
synthetic_02515,synthetic_02515_path_001,user:User4166,resource:Bucket5482,2,1,1,1,0,0,0,0,0,0,0,0,LOW,0.15,Data Access,read_only_access
synthetic_02516,synthetic_02516_path_001,user:User8701,resource:Policy2070,2,1,1,1,0,0,0,1,0,0,0,0,CRITICAL,0.85,Privilege Escalation,policy_modification
synthetic_02517,synthetic_02517_path_001,user:User9818,resource:Bucket1685,2,1,1,1,0,1,1,0,0,0,0,0,MEDIUM,0.43,Data Access,wildcard_action + wildcard_resource
synthetic_02518,synthetic_02518_path_001,user:User3383,resource:Policy5448,2,1,1,1,0,0,0,1,0,0,0,0,CRITICAL,0.85,Privilege Escalation,policy_modification
synthetic_02519,synthetic_02519_path_001,user:User9470,resource:Bucket4710,2,1,1,1,0,1,1,0,0,0,0,0,MEDIUM,0.43,Data Access,wildcard_action + wildcard_resource
synthetic_02520,synthetic_02520_path_001,user:User5342,resource:Table9821,3,2,1,1,0,0,0,0,0,0,0,0,HIGH,0.65,Lateral Movement,assume_role_chain
synthetic_02521,synthetic_02521_path_001,user:User5079,role:AdminRole8214,2,2,1,1,1,0,0,0,0,0,0,0,HIGH,0.68,Lateral Movement,pass_role + assume_role_chain
synthetic_02522,synthetic_02522_path_001,user:User9302,resource:Bucket6117,2,1,1,1,0,1,1,0,0,0,0,0,MEDIUM,0.43,Data Access,wildcard_action + wildcard_resource
synthetic_02523,synthetic_02523_path_001,user:User6137,role:AdminRole2812,2,2,1,1,1,0,0,0,0,0,0,0,HIGH,0.68,Lateral Movement,pass_role + assume_role_chain
synthetic_02524,synthetic_02524_path_001,user:User3208,resource:Bucket1959,2,1,1,1,0,0,0,0,0,0,0,0,LOW,0.15,Data Access,read_only_access
synthetic_02525,synthetic_02525_path_001,user:User7250,resource:Bucket2153,4,3,1,1,0,0,1,0,0,0,0,0,HIGH,0.68,Lateral Movement,assume_role_chain + long_privilege_escalation_chain
synthetic_02526,synthetic_02526_path_001,user:User2013,resource:Table7469,3,2,1,1,0,0,0,0,0,0,0,0,HIGH,0.65,Lateral Movement,assume_role_chain
synthetic_02527,synthetic_02527_path_001,user:User6150,resource:Bucket7730,2,1,1,1,0,0,0,0,0,0,0,0,LOW,0.15,Data Access,read_only_access
synthetic_02528,synthetic_02528_path_001,user:User6368,role:AdminRole1914,2,2,1,1,1,0,0,0,0,0,0,0,HIGH,0.68,Lateral Movement,pass_role + assume_role_chain
synthetic_02529,synthetic_02529_path_001,user:User1125,resource:Bucket1405,2,1,1,1,0,1,1,0,0,0,0,0,MEDIUM,0.43,Data Access,wildcard_action + wildcard_resource
synthetic_02530,synthetic_02530_path_001,user:User5099,role:AdminRole1769,2,2,1,1,1,0,0,0,0,0,0,0,HIGH,0.68,Lateral Movement,pass_role + assume_role_chain
synthetic_02531,synthetic_02531_path_001,user:User7165,resource:Bucket5488,2,1,1,1,0,1,1,0,0,0,0,0,MEDIUM,0.43,Data Access,wildcard_action + wildcard_resource
synthetic_02532,synthetic_02532_path_001,user:User6355,resource:Bucket5294,2,1,1,1,0,1,1,0,0,0,0,0,MEDIUM,0.43,Data Access,wildcard_action + wildcard_resource
synthetic_02533,synthetic_02533_path_001,user:partner-6091,resource:Secret7940,2,1,1,1,0,0,0,0,1,0,1,0,CRITICAL,0.85,Data Access,external_trust
synthetic_02534,synthetic_02534_path_001,user:partner-6569,resource:Secret1478,2,1,1,1,0,0,0,0,1,0,1,0,CRITICAL,0.85,Data Access,external_trust
synthetic_02535,synthetic_02535_path_001,user:partner-4616,resource:Secret9297,2,1,1,1,0,0,0,0,1,0,1,0,CRITICAL,0.85,Data Access,external_trust
synthetic_02536,synthetic_02536_path_001,user:User7054,resource:Bucket7626,2,1,1,1,0,0,0,0,0,0,0,0,LOW,0.15,Data Access,read_only_access
synthetic_02537,synthetic_02537_path_001,user:User7860,resource:Table1887,3,2,1,1,0,0,0,0,0,0,0,0,HIGH,0.65,Lateral Movement,assume_role_chain
synthetic_02538,synthetic_02538_path_001,user:User6472,resource:Bucket4750,2,1,1,1,0,0,0,0,0,0,0,0,LOW,0.15,Data Access,read_only_access
synthetic_02539,synthetic_02539_path_001,user:622122427677,resource:Bucket7573,2,1,1,1,0,1,1,0,1,1,0,0,CRITICAL,0.88,Lateral Movement,external_trust + cross_account
synthetic_02540,synthetic_02540_path_001,user:User1454,resource:Bucket2295,2,1,1,1,0,0,0,0,0,0,0,0,LOW,0.15,Data Access,read_only_access
synthetic_02541,synthetic_02541_path_001,user:User2512,resource:Bucket9247,2,1,1,1,0,1,1,0,0,0,0,1,CRITICAL,0.85,Privilege Escalation,admin_permission
synthetic_02542,synthetic_02542_path_001,user:User9795,resource:Bucket2775,2,1,1,1,0,0,0,0,0,0,0,0,LOW,0.15,Data Access,read_only_access
synthetic_02543,synthetic_02543_path_001,user:User3094,resource:Bucket6871,4,3,1,1,0,0,1,0,0,0,0,0,HIGH,0.68,Lateral Movement,assume_role_chain + long_privilege_escalation_chain
synthetic_02544,synthetic_02544_path_001,user:User3210,resource:Bucket5310,2,1,1,1,0,1,1,0,0,0,0,0,MEDIUM,0.43,Data Access,wildcard_action + wildcard_resource
synthetic_02545,synthetic_02545_path_001,user:User2817,resource:Bucket1876,2,1,1,1,0,0,0,0,0,0,0,0,LOW,0.15,Data Access,read_only_access
synthetic_02546,synthetic_02546_path_001,user:User8843,resource:Bucket6664,4,3,1,1,0,0,1,0,0,0,0,0,HIGH,0.68,Lateral Movement,assume_role_chain + long_privilege_escalation_chain
synthetic_02547,synthetic_02547_path_001,user:User3765,role:AdminRole5337,2,2,1,1,1,0,0,0,0,0,0,0,HIGH,0.68,Lateral Movement,pass_role + assume_role_chain
synthetic_02548,synthetic_02548_path_001,user:User3864,resource:Bucket3095,2,1,1,1,0,1,1,0,0,0,0,1,CRITICAL,0.85,Privilege Escalation,admin_permission
synthetic_02549,synthetic_02549_path_001,user:User5148,resource:Bucket5396,2,1,1,1,0,1,1,0,0,0,0,0,MEDIUM,0.43,Data Access,wildcard_action + wildcard_resource
synthetic_02550,synthetic_02550_path_001,user:User5169,resource:Bucket7019,2,1,1,1,0,1,1,0,0,0,0,1,CRITICAL,0.85,Privilege Escalation,admin_permission
synthetic_02551,synthetic_02551_path_001,user:User4224,resource:Bucket4171,4,3,1,1,0,0,1,0,0,0,0,0,HIGH,0.68,Lateral Movement,assume_role_chain + long_privilege_escalation_chain
synthetic_02552,synthetic_02552_path_001,user:partner-9048,resource:Secret8385,2,1,1,1,0,0,0,0,1,0,1,0,CRITICAL,0.85,Data Access,external_trust
synthetic_02553,synthetic_02553_path_001,user:partner-4979,resource:Secret3725,2,1,1,1,0,0,0,0,1,0,1,0,CRITICAL,0.85,Data Access,external_trust
synthetic_02554,synthetic_02554_path_001,user:User9829,resource:Bucket3780,2,1,1,1,0,0,0,0,0,0,0,0,LOW,0.15,Data Access,read_only_access
synthetic_02555,synthetic_02555_path_001,user:User9894,resource:Bucket5045,4,3,1,1,0,0,1,0,0,0,0,0,HIGH,0.68,Lateral Movement,assume_role_chain + long_privilege_escalation_chain
synthetic_02556,synthetic_02556_path_001,user:User4184,resource:Bucket6324,4,3,1,1,0,0,1,0,0,0,0,0,HIGH,0.68,Lateral Movement,assume_role_chain + long_privilege_escalation_chain
synthetic_02557,synthetic_02557_path_001,user:534001816778,resource:Bucket9424,2,1,1,1,0,1,1,0,1,1,0,0,CRITICAL,0.88,Lateral Movement,external_trust + cross_account
synthetic_02558,synthetic_02558_path_001,user:User5568,resource:Bucket5167,2,1,1,1,0,1,1,0,0,0,0,1,CRITICAL,0.85,Privilege Escalation,admin_permission
synthetic_02559,synthetic_02559_path_001,user:User9711,resource:Bucket9766,2,1,1,1,0,1,1,0,0,0,0,0,MEDIUM,0.43,Data Access,wildcard_action + wildcard_resource
synthetic_02560,synthetic_02560_path_001,user:User4562,role:AdminRole2755,2,2,1,1,1,0,0,0,0,0,0,0,HIGH,0.68,Lateral Movement,pass_role + assume_role_chain
synthetic_02561,synthetic_02561_path_001,user:User6251,resource:Bucket3020,2,1,1,1,0,0,0,0,0,0,0,0,LOW,0.15,Data Access,read_only_access
synthetic_02562,synthetic_02562_path_001,user:User5185,role:AdminRole7324,2,2,1,1,1,0,0,0,0,0,0,0,HIGH,0.68,Lateral Movement,pass_role + assume_role_chain
synthetic_02563,synthetic_02563_path_001,user:partner-7972,resource:Secret9429,2,1,1,1,0,0,0,0,1,0,1,0,CRITICAL,0.85,Data Access,external_trust
synthetic_02564,synthetic_02564_path_001,user:User6152,resource:Bucket3176,2,1,1,1,0,1,1,0,0,0,0,0,MEDIUM,0.43,Data Access,wildcard_action + wildcard_resource
synthetic_02565,synthetic_02565_path_001,user:User3253,resource:Policy7174,2,1,1,1,0,0,0,1,0,0,0,0,CRITICAL,0.85,Privilege Escalation,policy_modification
synthetic_02566,synthetic_02566_path_001,user:partner-9854,resource:Secret5139,2,1,1,1,0,0,0,0,1,0,1,0,CRITICAL,0.85,Data Access,external_trust
synthetic_02567,synthetic_02567_path_001,user:User4337,resource:Bucket8365,2,1,1,1,0,0,0,0,0,0,0,0,LOW,0.15,Data Access,read_only_access
synthetic_02568,synthetic_02568_path_001,user:User2690,role:AdminRole2846,2,2,1,1,1,0,0,0,0,0,0,0,HIGH,0.68,Lateral Movement,pass_role + assume_role_chain
synthetic_02569,synthetic_02569_path_001,user:User9191,resource:Bucket7420,2,1,1,1,0,1,1,0,0,0,0,1,CRITICAL,0.85,Privilege Escalation,admin_permission
synthetic_02570,synthetic_02570_path_001,user:User9432,role:AdminRole4474,2,2,1,1,1,0,0,0,0,0,0,0,HIGH,0.68,Lateral Movement,pass_role + assume_role_chain
synthetic_02571,synthetic_02571_path_001,user:User2984,resource:Bucket2916,2,1,1,1,0,0,0,0,0,0,0,0,LOW,0.15,Data Access,read_only_access
synthetic_02572,synthetic_02572_path_001,user:User1034,resource:Bucket2032,2,1,1,1,0,0,0,0,0,0,0,0,LOW,0.15,Data Access,read_only_access
synthetic_02573,synthetic_02573_path_001,user:User1742,resource:Bucket9321,2,1,1,1,0,1,1,0,0,0,0,0,MEDIUM,0.43,Data Access,wildcard_action + wildcard_resource
synthetic_02574,synthetic_02574_path_001,user:User2369,resource:Bucket4102,2,1,1,1,0,0,0,0,0,0,0,0,LOW,0.15,Data Access,read_only_access
synthetic_02575,synthetic_02575_path_001,user:User2011,resource:Bucket5740,2,1,1,1,0,0,0,0,0,0,0,0,LOW,0.15,Data Access,read_only_access
synthetic_02576,synthetic_02576_path_001,user:User9361,resource:Bucket8906,2,1,1,1,0,1,1,0,0,0,0,1,CRITICAL,0.85,Privilege Escalation,admin_permission
synthetic_02577,synthetic_02577_path_001,user:partner-3265,resource:Secret6158,2,1,1,1,0,0,0,0,1,0,1,0,CRITICAL,0.85,Data Access,external_trust
synthetic_02578,synthetic_02578_path_001,user:User6183,resource:Policy1571,2,1,1,1,0,0,0,1,0,0,0,0,CRITICAL,0.85,Privilege Escalation,policy_modification
synthetic_02579,synthetic_02579_path_001,user:User1276,resource:Bucket1057,4,3,1,1,0,0,1,0,0,0,0,0,HIGH,0.68,Lateral Movement,assume_role_chain + long_privilege_escalation_chain
synthetic_02580,synthetic_02580_path_001,user:User7212,resource:Bucket2221,2,1,1,1,0,1,1,0,0,0,0,1,CRITICAL,0.85,Privilege Escalation,admin_permission
synthetic_02581,synthetic_02581_path_001,user:User8091,resource:Bucket7915,2,1,1,1,0,0,0,0,0,0,0,0,LOW,0.15,Data Access,read_only_access
synthetic_02582,synthetic_02582_path_001,user:User7438,resource:Bucket5900,2,1,1,1,0,0,0,0,0,0,0,0,LOW,0.15,Data Access,read_only_access
synthetic_02583,synthetic_02583_path_001,user:User4683,resource:Policy1025,2,1,1,1,0,0,0,1,0,0,0,0,CRITICAL,0.85,Privilege Escalation,policy_modification
synthetic_02584,synthetic_02584_path_001,user:User7534,resource:Bucket8691,2,1,1,1,0,1,1,0,0,0,0,0,MEDIUM,0.43,Data Access,wildcard_action + wildcard_resource
synthetic_02585,synthetic_02585_path_001,user:partner-4189,resource:Secret7876,2,1,1,1,0,0,0,0,1,0,1,0,CRITICAL,0.85,Data Access,external_trust
synthetic_02586,synthetic_02586_path_001,user:User7191,role:AdminRole7639,2,2,1,1,1,0,0,0,0,0,0,0,HIGH,0.68,Lateral Movement,pass_role + assume_role_chain
synthetic_02587,synthetic_02587_path_001,user:User8522,resource:Bucket9650,2,1,1,1,0,0,0,0,0,0,0,0,LOW,0.15,Data Access,read_only_access
synthetic_02588,synthetic_02588_path_001,user:User2938,role:AdminRole9669,2,2,1,1,1,0,0,0,0,0,0,0,HIGH,0.68,Lateral Movement,pass_role + assume_role_chain
synthetic_02589,synthetic_02589_path_001,user:User8951,resource:Bucket6965,2,1,1,1,0,1,1,0,0,0,0,1,CRITICAL,0.85,Privilege Escalation,admin_permission
synthetic_02590,synthetic_02590_path_001,user:User3959,role:AdminRole8430,2,2,1,1,1,0,0,0,0,0,0,0,HIGH,0.68,Lateral Movement,pass_role + assume_role_chain
synthetic_02591,synthetic_02591_path_001,user:User8446,resource:Policy1382,2,1,1,1,0,0,0,1,0,0,0,0,CRITICAL,0.85,Privilege Escalation,policy_modification
synthetic_02592,synthetic_02592_path_001,user:User2425,resource:Bucket8071,2,1,1,1,0,0,0,0,0,0,0,0,LOW,0.15,Data Access,read_only_access
synthetic_02593,synthetic_02593_path_001,user:User9552,resource:Bucket7228,2,1,1,1,0,1,1,0,0,0,0,1,CRITICAL,0.85,Privilege Escalation,admin_permission
synthetic_02594,synthetic_02594_path_001,user:User1095,role:AdminRole3280,2,2,1,1,1,0,0,0,0,0,0,0,HIGH,0.68,Lateral Movement,pass_role + assume_role_chain
synthetic_02595,synthetic_02595_path_001,user:User8552,resource:Bucket6498,2,1,1,1,0,1,1,0,0,0,0,1,CRITICAL,0.85,Privilege Escalation,admin_permission
synthetic_02596,synthetic_02596_path_001,user:User5764,resource:Bucket3260,2,1,1,1,0,1,1,0,0,0,0,0,MEDIUM,0.43,Data Access,wildcard_action + wildcard_resource
synthetic_02597,synthetic_02597_path_001,user:User2222,role:AdminRole9877,2,2,1,1,1,0,0,0,0,0,0,0,HIGH,0.68,Lateral Movement,pass_role + assume_role_chain
synthetic_02598,synthetic_02598_path_001,user:User3370,resource:Table7599,3,2,1,1,0,0,0,0,0,0,0,0,HIGH,0.65,Lateral Movement,assume_role_chain
synthetic_02599,synthetic_02599_path_001,user:User8139,resource:Bucket3900,2,1,1,1,0,1,1,0,0,0,0,1,CRITICAL,0.85,Privilege Escalation,admin_permission
synthetic_02600,synthetic_02600_path_001,user:User6476,resource:Bucket2219,2,1,1,1,0,1,1,0,0,0,0,1,CRITICAL,0.85,Privilege Escalation,admin_permission
synthetic_02601,synthetic_02601_path_001,user:User5330,resource:Bucket2724,4,3,1,1,0,0,1,0,0,0,0,0,HIGH,0.68,Lateral Movement,assume_role_chain + long_privilege_escalation_chain
synthetic_02602,synthetic_02602_path_001,user:User1743,resource:Bucket8128,2,1,1,1,0,1,1,0,0,0,0,0,MEDIUM,0.43,Data Access,wildcard_action + wildcard_resource
synthetic_02603,synthetic_02603_path_001,user:User3069,role:AdminRole9141,2,2,1,1,1,0,0,0,0,0,0,0,HIGH,0.68,Lateral Movement,pass_role + assume_role_chain
synthetic_02604,synthetic_02604_path_001,user:User1295,resource:Policy2038,2,1,1,1,0,0,0,1,0,0,0,0,CRITICAL,0.85,Privilege Escalation,policy_modification
synthetic_02605,synthetic_02605_path_001,user:564072324728,resource:Bucket6375,2,1,1,1,0,1,1,0,1,1,0,0,CRITICAL,0.88,Lateral Movement,external_trust + cross_account
synthetic_02606,synthetic_02606_path_001,user:User9522,resource:Bucket3994,2,1,1,1,0,0,0,0,0,0,0,0,LOW,0.15,Data Access,read_only_access
synthetic_02607,synthetic_02607_path_001,user:User2476,resource:Bucket7876,2,1,1,1,0,1,1,0,0,0,0,0,MEDIUM,0.43,Data Access,wildcard_action + wildcard_resource
synthetic_02608,synthetic_02608_path_001,user:507105801195,resource:Bucket3916,2,1,1,1,0,1,1,0,1,1,0,0,CRITICAL,0.88,Lateral Movement,external_trust + cross_account
synthetic_02609,synthetic_02609_path_001,user:User6160,resource:Table2324,3,2,1,1,0,0,0,0,0,0,0,0,HIGH,0.65,Lateral Movement,assume_role_chain
synthetic_02610,synthetic_02610_path_001,user:User1714,resource:Bucket1872,4,3,1,1,0,0,1,0,0,0,0,0,HIGH,0.68,Lateral Movement,assume_role_chain + long_privilege_escalation_chain
synthetic_02611,synthetic_02611_path_001,user:User2161,resource:Bucket6143,2,1,1,1,0,0,0,0,0,0,0,0,LOW,0.15,Data Access,read_only_access
synthetic_02612,synthetic_02612_path_001,user:User2419,resource:Bucket6116,2,1,1,1,0,1,1,0,0,0,0,0,MEDIUM,0.43,Data Access,wildcard_action + wildcard_resource
synthetic_02613,synthetic_02613_path_001,user:partner-3307,resource:Secret8673,2,1,1,1,0,0,0,0,1,0,1,0,CRITICAL,0.85,Data Access,external_trust
synthetic_02614,synthetic_02614_path_001,user:User7752,resource:Policy3154,2,1,1,1,0,0,0,1,0,0,0,0,CRITICAL,0.85,Privilege Escalation,policy_modification
synthetic_02615,synthetic_02615_path_001,user:User2893,resource:Bucket2443,2,1,1,1,0,1,1,0,0,0,0,1,CRITICAL,0.85,Privilege Escalation,admin_permission
synthetic_02616,synthetic_02616_path_001,user:partner-9821,resource:Secret4493,2,1,1,1,0,0,0,0,1,0,1,0,CRITICAL,0.85,Data Access,external_trust
synthetic_02617,synthetic_02617_path_001,user:User1743,resource:Bucket6763,2,1,1,1,0,1,1,0,0,0,0,0,MEDIUM,0.43,Data Access,wildcard_action + wildcard_resource
synthetic_02618,synthetic_02618_path_001,user:User8672,resource:Bucket4495,2,1,1,1,0,0,0,0,0,0,0,0,LOW,0.15,Data Access,read_only_access
synthetic_02619,synthetic_02619_path_001,user:User4964,role:AdminRole3480,2,2,1,1,1,0,0,0,0,0,0,0,HIGH,0.68,Lateral Movement,pass_role + assume_role_chain
synthetic_02620,synthetic_02620_path_001,user:User1990,resource:Bucket5472,2,1,1,1,0,1,1,0,0,0,0,0,MEDIUM,0.43,Data Access,wildcard_action + wildcard_resource
synthetic_02621,synthetic_02621_path_001,user:User4174,resource:Bucket4588,2,1,1,1,0,1,1,0,0,0,0,0,MEDIUM,0.43,Data Access,wildcard_action + wildcard_resource
synthetic_02622,synthetic_02622_path_001,user:User9964,role:AdminRole3897,2,2,1,1,1,0,0,0,0,0,0,0,HIGH,0.68,Lateral Movement,pass_role + assume_role_chain
synthetic_02623,synthetic_02623_path_001,user:User4733,resource:Bucket5881,2,1,1,1,0,1,1,0,0,0,0,0,MEDIUM,0.43,Data Access,wildcard_action + wildcard_resource
synthetic_02624,synthetic_02624_path_001,user:User6472,resource:Bucket8299,2,1,1,1,0,0,0,0,0,0,0,0,LOW,0.15,Data Access,read_only_access
synthetic_02625,synthetic_02625_path_001,user:User6899,resource:Bucket6497,2,1,1,1,0,0,0,0,0,0,0,0,LOW,0.15,Data Access,read_only_access
synthetic_02626,synthetic_02626_path_001,user:User3612,resource:Bucket3994,2,1,1,1,0,1,1,0,0,0,0,1,CRITICAL,0.85,Privilege Escalation,admin_permission
synthetic_02627,synthetic_02627_path_001,user:510740913111,resource:Bucket9315,2,1,1,1,0,1,1,0,1,1,0,0,CRITICAL,0.88,Lateral Movement,external_trust + cross_account
synthetic_02628,synthetic_02628_path_001,user:User1312,resource:Bucket6382,2,1,1,1,0,1,1,0,0,0,0,1,CRITICAL,0.85,Privilege Escalation,admin_permission
synthetic_02629,synthetic_02629_path_001,user:User3902,resource:Bucket1389,2,1,1,1,0,1,1,0,0,0,0,0,MEDIUM,0.43,Data Access,wildcard_action + wildcard_resource
synthetic_02630,synthetic_02630_path_001,user:User5391,resource:Bucket3902,2,1,1,1,0,1,1,0,0,0,0,0,MEDIUM,0.43,Data Access,wildcard_action + wildcard_resource
synthetic_02631,synthetic_02631_path_001,user:User8171,resource:Bucket6854,2,1,1,1,0,0,0,0,0,0,0,0,LOW,0.15,Data Access,read_only_access
synthetic_02632,synthetic_02632_path_001,user:User1831,resource:Policy6234,2,1,1,1,0,0,0,1,0,0,0,0,CRITICAL,0.85,Privilege Escalation,policy_modification
synthetic_02633,synthetic_02633_path_001,user:User3999,resource:Bucket5253,2,1,1,1,0,0,0,0,0,0,0,0,LOW,0.15,Data Access,read_only_access
synthetic_02634,synthetic_02634_path_001,user:User1718,resource:Bucket2636,2,1,1,1,0,1,1,0,0,0,0,0,MEDIUM,0.43,Data Access,wildcard_action + wildcard_resource
synthetic_02635,synthetic_02635_path_001,user:User1811,resource:Bucket6999,2,1,1,1,0,0,0,0,0,0,0,0,LOW,0.15,Data Access,read_only_access
synthetic_02636,synthetic_02636_path_001,user:partner-2077,resource:Secret1159,2,1,1,1,0,0,0,0,1,0,1,0,CRITICAL,0.85,Data Access,external_trust
synthetic_02637,synthetic_02637_path_001,user:User4542,resource:Bucket1199,2,1,1,1,0,1,1,0,0,0,0,1,CRITICAL,0.85,Privilege Escalation,admin_permission
synthetic_02638,synthetic_02638_path_001,user:User3065,resource:Bucket4514,2,1,1,1,0,1,1,0,0,0,0,0,MEDIUM,0.43,Data Access,wildcard_action + wildcard_resource
synthetic_02639,synthetic_02639_path_001,user:User5656,role:AdminRole2179,2,2,1,1,1,0,0,0,0,0,0,0,HIGH,0.68,Lateral Movement,pass_role + assume_role_chain
synthetic_02640,synthetic_02640_path_001,user:User2536,role:AdminRole6518,2,2,1,1,1,0,0,0,0,0,0,0,HIGH,0.68,Lateral Movement,pass_role + assume_role_chain
synthetic_02641,synthetic_02641_path_001,user:928553595205,resource:Bucket2157,2,1,1,1,0,1,1,0,1,1,0,0,CRITICAL,0.88,Lateral Movement,external_trust + cross_account
synthetic_02642,synthetic_02642_path_001,user:User1213,resource:Bucket7517,2,1,1,1,0,1,1,0,0,0,0,1,CRITICAL,0.85,Privilege Escalation,admin_permission
synthetic_02643,synthetic_02643_path_001,user:User8196,role:AdminRole5305,2,2,1,1,1,0,0,0,0,0,0,0,HIGH,0.68,Lateral Movement,pass_role + assume_role_chain
synthetic_02644,synthetic_02644_path_001,user:User4958,resource:Bucket9207,2,1,1,1,0,0,0,0,0,0,0,0,LOW,0.15,Data Access,read_only_access
synthetic_02645,synthetic_02645_path_001,user:339449530067,resource:Bucket7176,2,1,1,1,0,1,1,0,1,1,0,0,CRITICAL,0.88,Lateral Movement,external_trust + cross_account
synthetic_02646,synthetic_02646_path_001,user:User3632,resource:Bucket1181,2,1,1,1,0,0,0,0,0,0,0,0,LOW,0.15,Data Access,read_only_access
synthetic_02647,synthetic_02647_path_001,user:User6129,resource:Bucket3130,2,1,1,1,0,1,1,0,0,0,0,1,CRITICAL,0.85,Privilege Escalation,admin_permission
synthetic_02648,synthetic_02648_path_001,user:User9802,resource:Bucket4010,2,1,1,1,0,0,0,0,0,0,0,0,LOW,0.15,Data Access,read_only_access
synthetic_02649,synthetic_02649_path_001,user:User3448,resource:Bucket4626,2,1,1,1,0,1,1,0,0,0,0,1,CRITICAL,0.85,Privilege Escalation,admin_permission
synthetic_02650,synthetic_02650_path_001,user:User1249,resource:Bucket1652,2,1,1,1,0,0,0,0,0,0,0,0,LOW,0.15,Data Access,read_only_access
synthetic_02651,synthetic_02651_path_001,user:User9863,resource:Bucket9362,2,1,1,1,0,0,0,0,0,0,0,0,LOW,0.15,Data Access,read_only_access
synthetic_02652,synthetic_02652_path_001,user:User2911,resource:Bucket7291,2,1,1,1,0,0,0,0,0,0,0,0,LOW,0.15,Data Access,read_only_access
synthetic_02653,synthetic_02653_path_001,user:partner-1106,resource:Secret6480,2,1,1,1,0,0,0,0,1,0,1,0,CRITICAL,0.85,Data Access,external_trust
synthetic_02654,synthetic_02654_path_001,user:partner-9897,resource:Secret6296,2,1,1,1,0,0,0,0,1,0,1,0,CRITICAL,0.85,Data Access,external_trust
synthetic_02655,synthetic_02655_path_001,user:User7938,resource:Bucket3744,2,1,1,1,0,0,0,0,0,0,0,0,LOW,0.15,Data Access,read_only_access
synthetic_02656,synthetic_02656_path_001,user:User4936,resource:Bucket3935,2,1,1,1,0,1,1,0,0,0,0,1,CRITICAL,0.85,Privilege Escalation,admin_permission
synthetic_02657,synthetic_02657_path_001,user:User9530,resource:Bucket2273,2,1,1,1,0,1,1,0,0,0,0,0,MEDIUM,0.43,Data Access,wildcard_action + wildcard_resource
synthetic_02658,synthetic_02658_path_001,user:920711523802,resource:Bucket8068,2,1,1,1,0,1,1,0,1,1,0,0,CRITICAL,0.88,Lateral Movement,external_trust + cross_account
synthetic_02659,synthetic_02659_path_001,user:partner-3800,resource:Secret6776,2,1,1,1,0,0,0,0,1,0,1,0,CRITICAL,0.85,Data Access,external_trust
synthetic_02660,synthetic_02660_path_001,user:User6997,resource:Bucket2836,4,3,1,1,0,0,1,0,0,0,0,0,HIGH,0.68,Lateral Movement,assume_role_chain + long_privilege_escalation_chain
synthetic_02661,synthetic_02661_path_001,user:User2336,resource:Bucket8598,2,1,1,1,0,1,1,0,0,0,0,0,MEDIUM,0.43,Data Access,wildcard_action + wildcard_resource
synthetic_02662,synthetic_02662_path_001,user:User7254,resource:Bucket6565,4,3,1,1,0,0,1,0,0,0,0,0,HIGH,0.68,Lateral Movement,assume_role_chain + long_privilege_escalation_chain
synthetic_02663,synthetic_02663_path_001,user:partner-4538,resource:Secret9970,2,1,1,1,0,0,0,0,1,0,1,0,CRITICAL,0.85,Data Access,external_trust
synthetic_02664,synthetic_02664_path_001,user:User8857,role:AdminRole9340,2,2,1,1,1,0,0,0,0,0,0,0,HIGH,0.68,Lateral Movement,pass_role + assume_role_chain
synthetic_02665,synthetic_02665_path_001,user:User6095,resource:Bucket2572,2,1,1,1,0,1,1,0,0,0,0,0,MEDIUM,0.43,Data Access,wildcard_action + wildcard_resource
synthetic_02666,synthetic_02666_path_001,user:partner-3662,resource:Secret1884,2,1,1,1,0,0,0,0,1,0,1,0,CRITICAL,0.85,Data Access,external_trust
synthetic_02667,synthetic_02667_path_001,user:User9792,role:AdminRole4746,2,2,1,1,1,0,0,0,0,0,0,0,HIGH,0.68,Lateral Movement,pass_role + assume_role_chain
synthetic_02668,synthetic_02668_path_001,user:User3547,resource:Bucket5128,2,1,1,1,0,0,0,0,0,0,0,0,LOW,0.15,Data Access,read_only_access
synthetic_02669,synthetic_02669_path_001,user:User5567,resource:Bucket3157,2,1,1,1,0,1,1,0,0,0,0,0,MEDIUM,0.43,Data Access,wildcard_action + wildcard_resource
synthetic_02670,synthetic_02670_path_001,user:User6896,resource:Bucket1167,2,1,1,1,0,1,1,0,0,0,0,1,CRITICAL,0.85,Privilege Escalation,admin_permission
synthetic_02671,synthetic_02671_path_001,user:User4405,resource:Bucket5538,2,1,1,1,0,0,0,0,0,0,0,0,LOW,0.15,Data Access,read_only_access
synthetic_02672,synthetic_02672_path_001,user:User8191,resource:Bucket6884,2,1,1,1,0,0,0,0,0,0,0,0,LOW,0.15,Data Access,read_only_access
synthetic_02673,synthetic_02673_path_001,user:User4177,resource:Bucket3140,2,1,1,1,0,1,1,0,0,0,0,0,MEDIUM,0.43,Data Access,wildcard_action + wildcard_resource
synthetic_02674,synthetic_02674_path_001,user:646300593777,resource:Bucket7518,2,1,1,1,0,1,1,0,1,1,0,0,CRITICAL,0.88,Lateral Movement,external_trust + cross_account
synthetic_02675,synthetic_02675_path_001,user:partner-1375,resource:Secret2468,2,1,1,1,0,0,0,0,1,0,1,0,CRITICAL,0.85,Data Access,external_trust
synthetic_02676,synthetic_02676_path_001,user:User7195,resource:Bucket3607,2,1,1,1,0,1,1,0,0,0,0,0,MEDIUM,0.43,Data Access,wildcard_action + wildcard_resource
synthetic_02677,synthetic_02677_path_001,user:User5062,resource:Bucket5520,2,1,1,1,0,0,0,0,0,0,0,0,LOW,0.15,Data Access,read_only_access
synthetic_02678,synthetic_02678_path_001,user:User2329,resource:Bucket2941,2,1,1,1,0,0,0,0,0,0,0,0,LOW,0.15,Data Access,read_only_access
synthetic_02679,synthetic_02679_path_001,user:User7011,role:AdminRole7038,2,2,1,1,1,0,0,0,0,0,0,0,HIGH,0.68,Lateral Movement,pass_role + assume_role_chain
synthetic_02680,synthetic_02680_path_001,user:User7843,resource:Bucket8544,2,1,1,1,0,1,1,0,0,0,0,1,CRITICAL,0.85,Privilege Escalation,admin_permission
synthetic_02681,synthetic_02681_path_001,user:User3506,resource:Bucket6931,4,3,1,1,0,0,1,0,0,0,0,0,HIGH,0.68,Lateral Movement,assume_role_chain + long_privilege_escalation_chain
synthetic_02682,synthetic_02682_path_001,user:User5173,role:AdminRole1592,2,2,1,1,1,0,0,0,0,0,0,0,HIGH,0.68,Lateral Movement,pass_role + assume_role_chain
synthetic_02683,synthetic_02683_path_001,user:User8069,resource:Bucket4216,2,1,1,1,0,1,1,0,0,0,0,0,MEDIUM,0.43,Data Access,wildcard_action + wildcard_resource
synthetic_02684,synthetic_02684_path_001,user:User7829,resource:Bucket1139,2,1,1,1,0,0,0,0,0,0,0,0,LOW,0.15,Data Access,read_only_access
synthetic_02685,synthetic_02685_path_001,user:User3121,resource:Bucket7313,2,1,1,1,0,1,1,0,0,0,0,0,MEDIUM,0.43,Data Access,wildcard_action + wildcard_resource
synthetic_02686,synthetic_02686_path_001,user:User5841,resource:Bucket5189,2,1,1,1,0,0,0,0,0,0,0,0,LOW,0.15,Data Access,read_only_access
synthetic_02687,synthetic_02687_path_001,user:User6628,resource:Bucket5367,2,1,1,1,0,0,0,0,0,0,0,0,LOW,0.15,Data Access,read_only_access
synthetic_02688,synthetic_02688_path_001,user:User9408,role:AdminRole9745,2,2,1,1,1,0,0,0,0,0,0,0,HIGH,0.68,Lateral Movement,pass_role + assume_role_chain
synthetic_02689,synthetic_02689_path_001,user:User2607,resource:Bucket6097,4,3,1,1,0,0,1,0,0,0,0,0,HIGH,0.68,Lateral Movement,assume_role_chain + long_privilege_escalation_chain
synthetic_02690,synthetic_02690_path_001,user:User6551,resource:Bucket3195,2,1,1,1,0,0,0,0,0,0,0,0,LOW,0.15,Data Access,read_only_access
synthetic_02691,synthetic_02691_path_001,user:058333430311,resource:Bucket9667,2,1,1,1,0,1,1,0,1,1,0,0,CRITICAL,0.88,Lateral Movement,external_trust + cross_account
synthetic_02692,synthetic_02692_path_001,user:User5375,resource:Bucket8649,2,1,1,1,0,1,1,0,0,0,0,0,MEDIUM,0.43,Data Access,wildcard_action + wildcard_resource
synthetic_02693,synthetic_02693_path_001,user:User8430,resource:Bucket5395,2,1,1,1,0,1,1,0,0,0,0,0,MEDIUM,0.43,Data Access,wildcard_action + wildcard_resource
synthetic_02694,synthetic_02694_path_001,user:User8153,resource:Bucket8736,2,1,1,1,0,1,1,0,0,0,0,1,CRITICAL,0.85,Privilege Escalation,admin_permission
synthetic_02695,synthetic_02695_path_001,user:986163421254,resource:Bucket1362,2,1,1,1,0,1,1,0,1,1,0,0,CRITICAL,0.88,Lateral Movement,external_trust + cross_account
synthetic_02696,synthetic_02696_path_001,user:481526925596,resource:Bucket5949,2,1,1,1,0,1,1,0,1,1,0,0,CRITICAL,0.88,Lateral Movement,external_trust + cross_account
synthetic_02697,synthetic_02697_path_001,user:User4924,resource:Policy8425,2,1,1,1,0,0,0,1,0,0,0,0,CRITICAL,0.85,Privilege Escalation,policy_modification
synthetic_02698,synthetic_02698_path_001,user:User2944,resource:Bucket3975,2,1,1,1,0,0,0,0,0,0,0,0,LOW,0.15,Data Access,read_only_access
synthetic_02699,synthetic_02699_path_001,user:User5338,resource:Bucket4201,2,1,1,1,0,1,1,0,0,0,0,0,MEDIUM,0.43,Data Access,wildcard_action + wildcard_resource
synthetic_02700,synthetic_02700_path_001,user:User5931,resource:Policy6061,2,1,1,1,0,0,0,1,0,0,0,0,CRITICAL,0.85,Privilege Escalation,policy_modification
synthetic_02701,synthetic_02701_path_001,user:partner-8418,resource:Secret4604,2,1,1,1,0,0,0,0,1,0,1,0,CRITICAL,0.85,Data Access,external_trust
synthetic_02702,synthetic_02702_path_001,user:User1296,resource:Bucket9751,2,1,1,1,0,0,0,0,0,0,0,0,LOW,0.15,Data Access,read_only_access
synthetic_02703,synthetic_02703_path_001,user:User3736,resource:Policy2970,2,1,1,1,0,0,0,1,0,0,0,0,CRITICAL,0.85,Privilege Escalation,policy_modification
synthetic_02704,synthetic_02704_path_001,user:User8317,resource:Bucket3562,4,3,1,1,0,0,1,0,0,0,0,0,HIGH,0.68,Lateral Movement,assume_role_chain + long_privilege_escalation_chain
synthetic_02705,synthetic_02705_path_001,user:User5577,resource:Bucket8093,2,1,1,1,0,1,1,0,0,0,0,1,CRITICAL,0.85,Privilege Escalation,admin_permission
synthetic_02706,synthetic_02706_path_001,user:User9160,resource:Policy2842,2,1,1,1,0,0,0,1,0,0,0,0,CRITICAL,0.85,Privilege Escalation,policy_modification
synthetic_02707,synthetic_02707_path_001,user:User3680,resource:Table7732,3,2,1,1,0,0,0,0,0,0,0,0,HIGH,0.65,Lateral Movement,assume_role_chain
synthetic_02708,synthetic_02708_path_001,user:partner-3418,resource:Secret8286,2,1,1,1,0,0,0,0,1,0,1,0,CRITICAL,0.85,Data Access,external_trust
synthetic_02709,synthetic_02709_path_001,user:User8044,resource:Bucket6307,2,1,1,1,0,0,0,0,0,0,0,0,LOW,0.15,Data Access,read_only_access
synthetic_02710,synthetic_02710_path_001,user:User2826,resource:Bucket2014,2,1,1,1,0,1,1,0,0,0,0,0,MEDIUM,0.43,Data Access,wildcard_action + wildcard_resource
synthetic_02711,synthetic_02711_path_001,user:User8197,resource:Bucket2030,2,1,1,1,0,0,0,0,0,0,0,0,LOW,0.15,Data Access,read_only_access
synthetic_02712,synthetic_02712_path_001,user:User1747,resource:Table3490,3,2,1,1,0,0,0,0,0,0,0,0,HIGH,0.65,Lateral Movement,assume_role_chain
synthetic_02713,synthetic_02713_path_001,user:User3919,resource:Bucket2076,2,1,1,1,0,1,1,0,0,0,0,0,MEDIUM,0.43,Data Access,wildcard_action + wildcard_resource
synthetic_02714,synthetic_02714_path_001,user:User4192,resource:Bucket7970,2,1,1,1,0,1,1,0,0,0,0,0,MEDIUM,0.43,Data Access,wildcard_action + wildcard_resource
synthetic_02715,synthetic_02715_path_001,user:User3022,resource:Bucket7520,2,1,1,1,0,1,1,0,0,0,0,1,CRITICAL,0.85,Privilege Escalation,admin_permission
synthetic_02716,synthetic_02716_path_001,user:313695528620,resource:Bucket8940,2,1,1,1,0,1,1,0,1,1,0,0,CRITICAL,0.88,Lateral Movement,external_trust + cross_account
synthetic_02717,synthetic_02717_path_001,user:User6771,resource:Bucket3768,4,3,1,1,0,0,1,0,0,0,0,0,HIGH,0.68,Lateral Movement,assume_role_chain + long_privilege_escalation_chain
synthetic_02718,synthetic_02718_path_001,user:User4114,resource:Bucket5707,4,3,1,1,0,0,1,0,0,0,0,0,HIGH,0.68,Lateral Movement,assume_role_chain + long_privilege_escalation_chain
synthetic_02719,synthetic_02719_path_001,user:User4638,resource:Bucket4713,4,3,1,1,0,0,1,0,0,0,0,0,HIGH,0.68,Lateral Movement,assume_role_chain + long_privilege_escalation_chain
synthetic_02720,synthetic_02720_path_001,user:User1569,role:AdminRole7506,2,2,1,1,1,0,0,0,0,0,0,0,HIGH,0.68,Lateral Movement,pass_role + assume_role_chain
synthetic_02721,synthetic_02721_path_001,user:User1802,resource:Bucket1746,2,1,1,1,0,0,0,0,0,0,0,0,LOW,0.15,Data Access,read_only_access
synthetic_02722,synthetic_02722_path_001,user:User2979,resource:Bucket3595,2,1,1,1,0,1,1,0,0,0,0,0,MEDIUM,0.43,Data Access,wildcard_action + wildcard_resource
synthetic_02723,synthetic_02723_path_001,user:User9050,resource:Bucket3555,2,1,1,1,0,0,0,0,0,0,0,0,LOW,0.15,Data Access,read_only_access
synthetic_02724,synthetic_02724_path_001,user:User4641,resource:Table9077,3,2,1,1,0,0,0,0,0,0,0,0,HIGH,0.65,Lateral Movement,assume_role_chain
synthetic_02725,synthetic_02725_path_001,user:User8122,resource:Table5231,3,2,1,1,0,0,0,0,0,0,0,0,HIGH,0.65,Lateral Movement,assume_role_chain
synthetic_02726,synthetic_02726_path_001,user:partner-8839,resource:Secret6313,2,1,1,1,0,0,0,0,1,0,1,0,CRITICAL,0.85,Data Access,external_trust
synthetic_02727,synthetic_02727_path_001,user:User4437,resource:Bucket3502,2,1,1,1,0,0,0,0,0,0,0,0,LOW,0.15,Data Access,read_only_access
synthetic_02728,synthetic_02728_path_001,user:User2738,role:AdminRole5157,2,2,1,1,1,0,0,0,0,0,0,0,HIGH,0.68,Lateral Movement,pass_role + assume_role_chain
synthetic_02729,synthetic_02729_path_001,user:User6670,resource:Bucket4016,2,1,1,1,0,1,1,0,0,0,0,1,CRITICAL,0.85,Privilege Escalation,admin_permission
synthetic_02730,synthetic_02730_path_001,user:User3998,resource:Bucket4458,2,1,1,1,0,0,0,0,0,0,0,0,LOW,0.15,Data Access,read_only_access
synthetic_02731,synthetic_02731_path_001,user:User8844,resource:Bucket2092,2,1,1,1,0,0,0,0,0,0,0,0,LOW,0.15,Data Access,read_only_access
synthetic_02732,synthetic_02732_path_001,user:User9057,resource:Bucket2712,2,1,1,1,0,1,1,0,0,0,0,0,MEDIUM,0.43,Data Access,wildcard_action + wildcard_resource
synthetic_02733,synthetic_02733_path_001,user:User4753,resource:Table6307,3,2,1,1,0,0,0,0,0,0,0,0,HIGH,0.65,Lateral Movement,assume_role_chain
synthetic_02734,synthetic_02734_path_001,user:User2175,resource:Bucket7313,2,1,1,1,0,0,0,0,0,0,0,0,LOW,0.15,Data Access,read_only_access
synthetic_02735,synthetic_02735_path_001,user:User5699,resource:Bucket4755,2,1,1,1,0,0,0,0,0,0,0,0,LOW,0.15,Data Access,read_only_access
synthetic_02736,synthetic_02736_path_001,user:User5535,resource:Bucket1737,2,1,1,1,0,0,0,0,0,0,0,0,LOW,0.15,Data Access,read_only_access
synthetic_02737,synthetic_02737_path_001,user:User3855,role:AdminRole7034,2,2,1,1,1,0,0,0,0,0,0,0,HIGH,0.68,Lateral Movement,pass_role + assume_role_chain
synthetic_02738,synthetic_02738_path_001,user:User5385,resource:Bucket2269,2,1,1,1,0,0,0,0,0,0,0,0,LOW,0.15,Data Access,read_only_access
synthetic_02739,synthetic_02739_path_001,user:User2496,resource:Bucket4465,2,1,1,1,0,1,1,0,0,0,0,0,MEDIUM,0.43,Data Access,wildcard_action + wildcard_resource
synthetic_02740,synthetic_02740_path_001,user:User4028,resource:Bucket8817,2,1,1,1,0,1,1,0,0,0,0,0,MEDIUM,0.43,Data Access,wildcard_action + wildcard_resource
synthetic_02741,synthetic_02741_path_001,user:User8120,resource:Bucket1244,2,1,1,1,0,1,1,0,0,0,0,0,MEDIUM,0.43,Data Access,wildcard_action + wildcard_resource
synthetic_02742,synthetic_02742_path_001,user:User2471,resource:Bucket6037,2,1,1,1,0,0,0,0,0,0,0,0,LOW,0.15,Data Access,read_only_access
synthetic_02743,synthetic_02743_path_001,user:User8045,resource:Bucket8581,2,1,1,1,0,0,0,0,0,0,0,0,LOW,0.15,Data Access,read_only_access
synthetic_02744,synthetic_02744_path_001,user:User9572,role:AdminRole4532,2,2,1,1,1,0,0,0,0,0,0,0,HIGH,0.68,Lateral Movement,pass_role + assume_role_chain
synthetic_02745,synthetic_02745_path_001,user:User7985,resource:Bucket8927,2,1,1,1,0,0,0,0,0,0,0,0,LOW,0.15,Data Access,read_only_access
synthetic_02746,synthetic_02746_path_001,user:User4037,role:AdminRole8173,2,2,1,1,1,0,0,0,0,0,0,0,HIGH,0.68,Lateral Movement,pass_role + assume_role_chain
synthetic_02747,synthetic_02747_path_001,user:User1463,resource:Table9690,3,2,1,1,0,0,0,0,0,0,0,0,HIGH,0.65,Lateral Movement,assume_role_chain
synthetic_02748,synthetic_02748_path_001,user:User8784,role:AdminRole7887,2,2,1,1,1,0,0,0,0,0,0,0,HIGH,0.68,Lateral Movement,pass_role + assume_role_chain
synthetic_02749,synthetic_02749_path_001,user:User4407,resource:Bucket4326,2,1,1,1,0,1,1,0,0,0,0,0,MEDIUM,0.43,Data Access,wildcard_action + wildcard_resource
synthetic_02750,synthetic_02750_path_001,user:partner-6387,resource:Secret4086,2,1,1,1,0,0,0,0,1,0,1,0,CRITICAL,0.85,Data Access,external_trust
synthetic_02751,synthetic_02751_path_001,user:User3042,resource:Bucket1748,2,1,1,1,0,0,0,0,0,0,0,0,LOW,0.15,Data Access,read_only_access
synthetic_02752,synthetic_02752_path_001,user:User1385,resource:Bucket8967,2,1,1,1,0,0,0,0,0,0,0,0,LOW,0.15,Data Access,read_only_access
synthetic_02753,synthetic_02753_path_001,user:User8472,role:AdminRole8863,2,2,1,1,1,0,0,0,0,0,0,0,HIGH,0.68,Lateral Movement,pass_role + assume_role_chain
synthetic_02754,synthetic_02754_path_001,user:User1818,resource:Bucket3298,2,1,1,1,0,0,0,0,0,0,0,0,LOW,0.15,Data Access,read_only_access
synthetic_02755,synthetic_02755_path_001,user:User9925,resource:Bucket9133,2,1,1,1,0,1,1,0,0,0,0,0,MEDIUM,0.43,Data Access,wildcard_action + wildcard_resource
synthetic_02756,synthetic_02756_path_001,user:User8375,resource:Bucket2458,2,1,1,1,0,1,1,0,0,0,0,0,MEDIUM,0.43,Data Access,wildcard_action + wildcard_resource
synthetic_02757,synthetic_02757_path_001,user:604500635537,resource:Bucket1616,2,1,1,1,0,1,1,0,1,1,0,0,CRITICAL,0.88,Lateral Movement,external_trust + cross_account
synthetic_02758,synthetic_02758_path_001,user:User4055,resource:Bucket8231,2,1,1,1,0,1,1,0,0,0,0,0,MEDIUM,0.43,Data Access,wildcard_action + wildcard_resource
synthetic_02759,synthetic_02759_path_001,user:User6867,role:AdminRole7228,2,2,1,1,1,0,0,0,0,0,0,0,HIGH,0.68,Lateral Movement,pass_role + assume_role_chain
synthetic_02760,synthetic_02760_path_001,user:User4373,resource:Bucket7077,2,1,1,1,0,0,0,0,0,0,0,0,LOW,0.15,Data Access,read_only_access
synthetic_02761,synthetic_02761_path_001,user:User2804,resource:Bucket9667,2,1,1,1,0,1,1,0,0,0,0,0,MEDIUM,0.43,Data Access,wildcard_action + wildcard_resource
synthetic_02762,synthetic_02762_path_001,user:User7988,resource:Table2283,3,2,1,1,0,0,0,0,0,0,0,0,HIGH,0.65,Lateral Movement,assume_role_chain
synthetic_02763,synthetic_02763_path_001,user:User5751,resource:Policy6495,2,1,1,1,0,0,0,1,0,0,0,0,CRITICAL,0.85,Privilege Escalation,policy_modification
synthetic_02764,synthetic_02764_path_001,user:663454434414,resource:Bucket7480,2,1,1,1,0,1,1,0,1,1,0,0,CRITICAL,0.88,Lateral Movement,external_trust + cross_account
synthetic_02765,synthetic_02765_path_001,user:User5234,resource:Bucket4709,4,3,1,1,0,0,1,0,0,0,0,0,HIGH,0.68,Lateral Movement,assume_role_chain + long_privilege_escalation_chain
synthetic_02766,synthetic_02766_path_001,user:User3807,resource:Bucket4678,2,1,1,1,0,0,0,0,0,0,0,0,LOW,0.15,Data Access,read_only_access
synthetic_02767,synthetic_02767_path_001,user:User8815,resource:Bucket9735,2,1,1,1,0,1,1,0,0,0,0,0,MEDIUM,0.43,Data Access,wildcard_action + wildcard_resource
synthetic_02768,synthetic_02768_path_001,user:User1130,resource:Bucket3114,2,1,1,1,0,0,0,0,0,0,0,0,LOW,0.15,Data Access,read_only_access
synthetic_02769,synthetic_02769_path_001,user:User1710,resource:Policy6354,2,1,1,1,0,0,0,1,0,0,0,0,CRITICAL,0.85,Privilege Escalation,policy_modification
synthetic_02770,synthetic_02770_path_001,user:User4157,role:AdminRole7763,2,2,1,1,1,0,0,0,0,0,0,0,HIGH,0.68,Lateral Movement,pass_role + assume_role_chain
synthetic_02771,synthetic_02771_path_001,user:User8743,resource:Bucket3058,2,1,1,1,0,1,1,0,0,0,0,0,MEDIUM,0.43,Data Access,wildcard_action + wildcard_resource
synthetic_02772,synthetic_02772_path_001,user:User5557,resource:Bucket5987,2,1,1,1,0,0,0,0,0,0,0,0,LOW,0.15,Data Access,read_only_access
synthetic_02773,synthetic_02773_path_001,user:User4660,resource:Bucket6828,4,3,1,1,0,0,1,0,0,0,0,0,HIGH,0.68,Lateral Movement,assume_role_chain + long_privilege_escalation_chain
synthetic_02774,synthetic_02774_path_001,user:User8560,resource:Bucket7446,2,1,1,1,0,0,0,0,0,0,0,0,LOW,0.15,Data Access,read_only_access
synthetic_02775,synthetic_02775_path_001,user:User6527,resource:Bucket1037,2,1,1,1,0,1,1,0,0,0,0,0,MEDIUM,0.43,Data Access,wildcard_action + wildcard_resource
synthetic_02776,synthetic_02776_path_001,user:User2126,role:AdminRole6906,2,2,1,1,1,0,0,0,0,0,0,0,HIGH,0.68,Lateral Movement,pass_role + assume_role_chain
synthetic_02777,synthetic_02777_path_001,user:User4099,role:AdminRole6361,2,2,1,1,1,0,0,0,0,0,0,0,HIGH,0.68,Lateral Movement,pass_role + assume_role_chain
synthetic_02778,synthetic_02778_path_001,user:User4625,resource:Bucket2187,2,1,1,1,0,1,1,0,0,0,0,0,MEDIUM,0.43,Data Access,wildcard_action + wildcard_resource
synthetic_02779,synthetic_02779_path_001,user:423622033474,resource:Bucket5343,2,1,1,1,0,1,1,0,1,1,0,0,CRITICAL,0.88,Lateral Movement,external_trust + cross_account
synthetic_02780,synthetic_02780_path_001,user:User5935,resource:Bucket8385,2,1,1,1,0,0,0,0,0,0,0,0,LOW,0.15,Data Access,read_only_access
synthetic_02781,synthetic_02781_path_001,user:User1459,resource:Policy6141,2,1,1,1,0,0,0,1,0,0,0,0,CRITICAL,0.85,Privilege Escalation,policy_modification
synthetic_02782,synthetic_02782_path_001,user:User7249,resource:Policy3506,2,1,1,1,0,0,0,1,0,0,0,0,CRITICAL,0.85,Privilege Escalation,policy_modification
synthetic_02783,synthetic_02783_path_001,user:User8983,resource:Table2055,3,2,1,1,0,0,0,0,0,0,0,0,HIGH,0.65,Lateral Movement,assume_role_chain
synthetic_02784,synthetic_02784_path_001,user:User4085,resource:Bucket5949,2,1,1,1,0,1,1,0,0,0,0,0,MEDIUM,0.43,Data Access,wildcard_action + wildcard_resource
synthetic_02785,synthetic_02785_path_001,user:User9791,resource:Bucket1768,2,1,1,1,0,0,0,0,0,0,0,0,LOW,0.15,Data Access,read_only_access
synthetic_02786,synthetic_02786_path_001,user:User5592,role:AdminRole7403,2,2,1,1,1,0,0,0,0,0,0,0,HIGH,0.68,Lateral Movement,pass_role + assume_role_chain
synthetic_02787,synthetic_02787_path_001,user:User8347,resource:Bucket3612,2,1,1,1,0,1,1,0,0,0,0,0,MEDIUM,0.43,Data Access,wildcard_action + wildcard_resource
synthetic_02788,synthetic_02788_path_001,user:User3511,role:AdminRole1152,2,2,1,1,1,0,0,0,0,0,0,0,HIGH,0.68,Lateral Movement,pass_role + assume_role_chain
synthetic_02789,synthetic_02789_path_001,user:User3202,resource:Bucket7574,2,1,1,1,0,0,0,0,0,0,0,0,LOW,0.15,Data Access,read_only_access
synthetic_02790,synthetic_02790_path_001,user:303346771167,resource:Bucket1175,2,1,1,1,0,1,1,0,1,1,0,0,CRITICAL,0.88,Lateral Movement,external_trust + cross_account
synthetic_02791,synthetic_02791_path_001,user:partner-6691,resource:Secret5081,2,1,1,1,0,0,0,0,1,0,1,0,CRITICAL,0.85,Data Access,external_trust
synthetic_02792,synthetic_02792_path_001,user:User7065,resource:Bucket1918,2,1,1,1,0,1,1,0,0,0,0,0,MEDIUM,0.43,Data Access,wildcard_action + wildcard_resource
synthetic_02793,synthetic_02793_path_001,user:User5232,resource:Bucket1475,4,3,1,1,0,0,1,0,0,0,0,0,HIGH,0.68,Lateral Movement,assume_role_chain + long_privilege_escalation_chain
synthetic_02794,synthetic_02794_path_001,user:202847190172,resource:Bucket3169,2,1,1,1,0,1,1,0,1,1,0,0,CRITICAL,0.88,Lateral Movement,external_trust + cross_account
synthetic_02795,synthetic_02795_path_001,user:User7776,resource:Bucket9953,2,1,1,1,0,0,0,0,0,0,0,0,LOW,0.15,Data Access,read_only_access
synthetic_02796,synthetic_02796_path_001,user:754619924065,resource:Bucket4725,2,1,1,1,0,1,1,0,1,1,0,0,CRITICAL,0.88,Lateral Movement,external_trust + cross_account
synthetic_02797,synthetic_02797_path_001,user:User3430,resource:Table2050,3,2,1,1,0,0,0,0,0,0,0,0,HIGH,0.65,Lateral Movement,assume_role_chain
synthetic_02798,synthetic_02798_path_001,user:User6188,resource:Bucket6623,2,1,1,1,0,0,0,0,0,0,0,0,LOW,0.15,Data Access,read_only_access
synthetic_02799,synthetic_02799_path_001,user:User5173,role:AdminRole3415,2,2,1,1,1,0,0,0,0,0,0,0,HIGH,0.68,Lateral Movement,pass_role + assume_role_chain
synthetic_02800,synthetic_02800_path_001,user:User8953,resource:Bucket4074,2,1,1,1,0,1,1,0,0,0,0,1,CRITICAL,0.85,Privilege Escalation,admin_permission
synthetic_02801,synthetic_02801_path_001,user:User3129,resource:Bucket2408,2,1,1,1,0,0,0,0,0,0,0,0,LOW,0.15,Data Access,read_only_access
synthetic_02802,synthetic_02802_path_001,user:User9413,resource:Bucket4861,2,1,1,1,0,1,1,0,0,0,0,0,MEDIUM,0.43,Data Access,wildcard_action + wildcard_resource
synthetic_02803,synthetic_02803_path_001,user:901707403925,resource:Bucket5125,2,1,1,1,0,1,1,0,1,1,0,0,CRITICAL,0.88,Lateral Movement,external_trust + cross_account
synthetic_02804,synthetic_02804_path_001,user:User2792,resource:Bucket2671,2,1,1,1,0,1,1,0,0,0,0,0,MEDIUM,0.43,Data Access,wildcard_action + wildcard_resource
synthetic_02805,synthetic_02805_path_001,user:643387220542,resource:Bucket2851,2,1,1,1,0,1,1,0,1,1,0,0,CRITICAL,0.88,Lateral Movement,external_trust + cross_account
synthetic_02806,synthetic_02806_path_001,user:User5270,resource:Table4199,3,2,1,1,0,0,0,0,0,0,0,0,HIGH,0.65,Lateral Movement,assume_role_chain
synthetic_02807,synthetic_02807_path_001,user:User1024,resource:Bucket5749,4,3,1,1,0,0,1,0,0,0,0,0,HIGH,0.68,Lateral Movement,assume_role_chain + long_privilege_escalation_chain
synthetic_02808,synthetic_02808_path_001,user:048878995047,resource:Bucket3723,2,1,1,1,0,1,1,0,1,1,0,0,CRITICAL,0.88,Lateral Movement,external_trust + cross_account
synthetic_02809,synthetic_02809_path_001,user:User9314,resource:Table6131,3,2,1,1,0,0,0,0,0,0,0,0,HIGH,0.65,Lateral Movement,assume_role_chain
synthetic_02810,synthetic_02810_path_001,user:User8343,resource:Bucket5216,2,1,1,1,0,0,0,0,0,0,0,0,LOW,0.15,Data Access,read_only_access
synthetic_02811,synthetic_02811_path_001,user:User4427,resource:Table7784,3,2,1,1,0,0,0,0,0,0,0,0,HIGH,0.65,Lateral Movement,assume_role_chain
synthetic_02812,synthetic_02812_path_001,user:User4030,resource:Bucket9159,2,1,1,1,0,0,0,0,0,0,0,0,LOW,0.15,Data Access,read_only_access
synthetic_02813,synthetic_02813_path_001,user:User6876,resource:Bucket1287,2,1,1,1,0,0,0,0,0,0,0,0,LOW,0.15,Data Access,read_only_access
synthetic_02814,synthetic_02814_path_001,user:User2371,resource:Bucket3192,2,1,1,1,0,1,1,0,0,0,0,0,MEDIUM,0.43,Data Access,wildcard_action + wildcard_resource
synthetic_02815,synthetic_02815_path_001,user:User3583,resource:Bucket2168,4,3,1,1,0,0,1,0,0,0,0,0,HIGH,0.68,Lateral Movement,assume_role_chain + long_privilege_escalation_chain
synthetic_02816,synthetic_02816_path_001,user:User6205,resource:Bucket7590,2,1,1,1,0,0,0,0,0,0,0,0,LOW,0.15,Data Access,read_only_access
synthetic_02817,synthetic_02817_path_001,user:User3525,resource:Bucket3823,2,1,1,1,0,1,1,0,0,0,0,0,MEDIUM,0.43,Data Access,wildcard_action + wildcard_resource
synthetic_02818,synthetic_02818_path_001,user:User2245,resource:Bucket5246,2,1,1,1,0,1,1,0,0,0,0,0,MEDIUM,0.43,Data Access,wildcard_action + wildcard_resource
synthetic_02819,synthetic_02819_path_001,user:User2752,resource:Bucket9819,2,1,1,1,0,0,0,0,0,0,0,0,LOW,0.15,Data Access,read_only_access
synthetic_02820,synthetic_02820_path_001,user:User4677,role:AdminRole2052,2,2,1,1,1,0,0,0,0,0,0,0,HIGH,0.68,Lateral Movement,pass_role + assume_role_chain
synthetic_02821,synthetic_02821_path_001,user:User2371,resource:Policy3487,2,1,1,1,0,0,0,1,0,0,0,0,CRITICAL,0.85,Privilege Escalation,policy_modification
synthetic_02822,synthetic_02822_path_001,user:User2249,resource:Bucket5850,2,1,1,1,0,0,0,0,0,0,0,0,LOW,0.15,Data Access,read_only_access
synthetic_02823,synthetic_02823_path_001,user:User8134,resource:Bucket7834,2,1,1,1,0,0,0,0,0,0,0,0,LOW,0.15,Data Access,read_only_access
synthetic_02824,synthetic_02824_path_001,user:191854880644,resource:Bucket1015,2,1,1,1,0,1,1,0,1,1,0,0,CRITICAL,0.88,Lateral Movement,external_trust + cross_account
synthetic_02825,synthetic_02825_path_001,user:User9232,role:AdminRole8245,2,2,1,1,1,0,0,0,0,0,0,0,HIGH,0.68,Lateral Movement,pass_role + assume_role_chain
synthetic_02826,synthetic_02826_path_001,user:User8871,resource:Table9532,3,2,1,1,0,0,0,0,0,0,0,0,HIGH,0.65,Lateral Movement,assume_role_chain
synthetic_02827,synthetic_02827_path_001,user:User7352,resource:Bucket5616,2,1,1,1,0,1,1,0,0,0,0,0,MEDIUM,0.43,Data Access,wildcard_action + wildcard_resource
synthetic_02828,synthetic_02828_path_001,user:User8132,resource:Bucket3953,4,3,1,1,0,0,1,0,0,0,0,0,HIGH,0.68,Lateral Movement,assume_role_chain + long_privilege_escalation_chain
synthetic_02829,synthetic_02829_path_001,user:221320410429,resource:Bucket9714,2,1,1,1,0,1,1,0,1,1,0,0,CRITICAL,0.88,Lateral Movement,external_trust + cross_account
synthetic_02830,synthetic_02830_path_001,user:User9373,resource:Bucket8315,4,3,1,1,0,0,1,0,0,0,0,0,HIGH,0.68,Lateral Movement,assume_role_chain + long_privilege_escalation_chain
synthetic_02831,synthetic_02831_path_001,user:User5549,role:AdminRole2581,2,2,1,1,1,0,0,0,0,0,0,0,HIGH,0.68,Lateral Movement,pass_role + assume_role_chain
synthetic_02832,synthetic_02832_path_001,user:User9416,resource:Table1326,3,2,1,1,0,0,0,0,0,0,0,0,HIGH,0.65,Lateral Movement,assume_role_chain
synthetic_02833,synthetic_02833_path_001,user:User8077,resource:Bucket7714,2,1,1,1,0,0,0,0,0,0,0,0,LOW,0.15,Data Access,read_only_access
synthetic_02834,synthetic_02834_path_001,user:User1088,resource:Bucket4222,2,1,1,1,0,0,0,0,0,0,0,0,LOW,0.15,Data Access,read_only_access
synthetic_02835,synthetic_02835_path_001,user:User4089,role:AdminRole1063,2,2,1,1,1,0,0,0,0,0,0,0,HIGH,0.68,Lateral Movement,pass_role + assume_role_chain
synthetic_02836,synthetic_02836_path_001,user:User1760,resource:Bucket3940,2,1,1,1,0,1,1,0,0,0,0,0,MEDIUM,0.43,Data Access,wildcard_action + wildcard_resource
synthetic_02837,synthetic_02837_path_001,user:805826929900,resource:Bucket7522,2,1,1,1,0,1,1,0,1,1,0,0,CRITICAL,0.88,Lateral Movement,external_trust + cross_account
synthetic_02838,synthetic_02838_path_001,user:User8145,resource:Bucket4721,2,1,1,1,0,1,1,0,0,0,0,0,MEDIUM,0.43,Data Access,wildcard_action + wildcard_resource
synthetic_02839,synthetic_02839_path_001,user:User7313,role:AdminRole4514,2,2,1,1,1,0,0,0,0,0,0,0,HIGH,0.68,Lateral Movement,pass_role + assume_role_chain
synthetic_02840,synthetic_02840_path_001,user:User7676,resource:Policy9284,2,1,1,1,0,0,0,1,0,0,0,0,CRITICAL,0.85,Privilege Escalation,policy_modification
synthetic_02841,synthetic_02841_path_001,user:User9885,resource:Bucket3900,2,1,1,1,0,0,0,0,0,0,0,0,LOW,0.15,Data Access,read_only_access
synthetic_02842,synthetic_02842_path_001,user:User5992,resource:Bucket1013,2,1,1,1,0,0,0,0,0,0,0,0,LOW,0.15,Data Access,read_only_access
synthetic_02843,synthetic_02843_path_001,user:User3569,resource:Table3496,3,2,1,1,0,0,0,0,0,0,0,0,HIGH,0.65,Lateral Movement,assume_role_chain
synthetic_02844,synthetic_02844_path_001,user:User9856,resource:Bucket4666,2,1,1,1,0,0,0,0,0,0,0,0,LOW,0.15,Data Access,read_only_access
synthetic_02845,synthetic_02845_path_001,user:User2037,resource:Bucket1324,4,3,1,1,0,0,1,0,0,0,0,0,HIGH,0.68,Lateral Movement,assume_role_chain + long_privilege_escalation_chain
synthetic_02846,synthetic_02846_path_001,user:User1711,resource:Bucket7065,2,1,1,1,0,1,1,0,0,0,0,0,MEDIUM,0.43,Data Access,wildcard_action + wildcard_resource
synthetic_02847,synthetic_02847_path_001,user:881431927976,resource:Bucket8547,2,1,1,1,0,1,1,0,1,1,0,0,CRITICAL,0.88,Lateral Movement,external_trust + cross_account
synthetic_02848,synthetic_02848_path_001,user:User9736,resource:Bucket9864,2,1,1,1,0,1,1,0,0,0,0,0,MEDIUM,0.43,Data Access,wildcard_action + wildcard_resource
synthetic_02849,synthetic_02849_path_001,user:User1272,resource:Bucket7402,2,1,1,1,0,1,1,0,0,0,0,0,MEDIUM,0.43,Data Access,wildcard_action + wildcard_resource
synthetic_02850,synthetic_02850_path_001,user:User7541,resource:Bucket7299,2,1,1,1,0,1,1,0,0,0,0,1,CRITICAL,0.85,Privilege Escalation,admin_permission
synthetic_02851,synthetic_02851_path_001,user:User3266,resource:Policy8343,2,1,1,1,0,0,0,1,0,0,0,0,CRITICAL,0.85,Privilege Escalation,policy_modification
synthetic_02852,synthetic_02852_path_001,user:User3662,role:AdminRole6343,2,2,1,1,1,0,0,0,0,0,0,0,HIGH,0.68,Lateral Movement,pass_role + assume_role_chain
synthetic_02853,synthetic_02853_path_001,user:User5470,resource:Bucket1147,2,1,1,1,0,0,0,0,0,0,0,0,LOW,0.15,Data Access,read_only_access
synthetic_02854,synthetic_02854_path_001,user:User1368,role:AdminRole5392,2,2,1,1,1,0,0,0,0,0,0,0,HIGH,0.68,Lateral Movement,pass_role + assume_role_chain
synthetic_02855,synthetic_02855_path_001,user:User3338,resource:Table5989,3,2,1,1,0,0,0,0,0,0,0,0,HIGH,0.65,Lateral Movement,assume_role_chain
synthetic_02856,synthetic_02856_path_001,user:User8174,resource:Bucket8936,2,1,1,1,0,0,0,0,0,0,0,0,LOW,0.15,Data Access,read_only_access
synthetic_02857,synthetic_02857_path_001,user:partner-8492,resource:Secret9159,2,1,1,1,0,0,0,0,1,0,1,0,CRITICAL,0.85,Data Access,external_trust
synthetic_02858,synthetic_02858_path_001,user:User5656,resource:Table2233,3,2,1,1,0,0,0,0,0,0,0,0,HIGH,0.65,Lateral Movement,assume_role_chain
synthetic_02859,synthetic_02859_path_001,user:User4170,resource:Bucket5952,2,1,1,1,0,1,1,0,0,0,0,1,CRITICAL,0.85,Privilege Escalation,admin_permission
synthetic_02860,synthetic_02860_path_001,user:User8509,resource:Bucket6625,2,1,1,1,0,0,0,0,0,0,0,0,LOW,0.15,Data Access,read_only_access
synthetic_02861,synthetic_02861_path_001,user:User9736,role:AdminRole7239,2,2,1,1,1,0,0,0,0,0,0,0,HIGH,0.68,Lateral Movement,pass_role + assume_role_chain
synthetic_02862,synthetic_02862_path_001,user:User9744,resource:Bucket5345,2,1,1,1,0,1,1,0,0,0,0,0,MEDIUM,0.43,Data Access,wildcard_action + wildcard_resource
synthetic_02863,synthetic_02863_path_001,user:partner-3730,resource:Secret7463,2,1,1,1,0,0,0,0,1,0,1,0,CRITICAL,0.85,Data Access,external_trust
synthetic_02864,synthetic_02864_path_001,user:User2937,resource:Bucket3687,2,1,1,1,0,1,1,0,0,0,0,1,CRITICAL,0.85,Privilege Escalation,admin_permission
synthetic_02865,synthetic_02865_path_001,user:User7557,resource:Bucket2002,2,1,1,1,0,0,0,0,0,0,0,0,LOW,0.15,Data Access,read_only_access
synthetic_02866,synthetic_02866_path_001,user:User5139,role:AdminRole9521,2,2,1,1,1,0,0,0,0,0,0,0,HIGH,0.68,Lateral Movement,pass_role + assume_role_chain
synthetic_02867,synthetic_02867_path_001,user:User4628,resource:Bucket9841,2,1,1,1,0,0,0,0,0,0,0,0,LOW,0.15,Data Access,read_only_access
synthetic_02868,synthetic_02868_path_001,user:User9861,resource:Bucket8761,2,1,1,1,0,1,1,0,0,0,0,0,MEDIUM,0.43,Data Access,wildcard_action + wildcard_resource
synthetic_02869,synthetic_02869_path_001,user:User4875,resource:Bucket3447,2,1,1,1,0,1,1,0,0,0,0,0,MEDIUM,0.43,Data Access,wildcard_action + wildcard_resource
synthetic_02870,synthetic_02870_path_001,user:User4487,resource:Bucket6651,2,1,1,1,0,0,0,0,0,0,0,0,LOW,0.15,Data Access,read_only_access
synthetic_02871,synthetic_02871_path_001,user:User6830,role:AdminRole1283,2,2,1,1,1,0,0,0,0,0,0,0,HIGH,0.68,Lateral Movement,pass_role + assume_role_chain
synthetic_02872,synthetic_02872_path_001,user:564184937846,resource:Bucket1848,2,1,1,1,0,1,1,0,1,1,0,0,CRITICAL,0.88,Lateral Movement,external_trust + cross_account
synthetic_02873,synthetic_02873_path_001,user:User8734,resource:Bucket7790,2,1,1,1,0,0,0,0,0,0,0,0,LOW,0.15,Data Access,read_only_access
synthetic_02874,synthetic_02874_path_001,user:User4343,resource:Table3013,3,2,1,1,0,0,0,0,0,0,0,0,HIGH,0.65,Lateral Movement,assume_role_chain
synthetic_02875,synthetic_02875_path_001,user:User5446,resource:Bucket5964,2,1,1,1,0,0,0,0,0,0,0,0,LOW,0.15,Data Access,read_only_access
synthetic_02876,synthetic_02876_path_001,user:User1708,role:AdminRole8929,2,2,1,1,1,0,0,0,0,0,0,0,HIGH,0.68,Lateral Movement,pass_role + assume_role_chain
synthetic_02877,synthetic_02877_path_001,user:User6618,resource:Bucket7567,2,1,1,1,0,1,1,0,0,0,0,0,MEDIUM,0.43,Data Access,wildcard_action + wildcard_resource
synthetic_02878,synthetic_02878_path_001,user:User7190,resource:Bucket3065,2,1,1,1,0,1,1,0,0,0,0,1,CRITICAL,0.85,Privilege Escalation,admin_permission
synthetic_02879,synthetic_02879_path_001,user:User8146,role:AdminRole3243,2,2,1,1,1,0,0,0,0,0,0,0,HIGH,0.68,Lateral Movement,pass_role + assume_role_chain
synthetic_02880,synthetic_02880_path_001,user:User7970,resource:Bucket4018,2,1,1,1,0,1,1,0,0,0,0,0,MEDIUM,0.43,Data Access,wildcard_action + wildcard_resource
synthetic_02881,synthetic_02881_path_001,user:User4865,resource:Bucket5831,2,1,1,1,0,0,0,0,0,0,0,0,LOW,0.15,Data Access,read_only_access
synthetic_02882,synthetic_02882_path_001,user:User8870,resource:Bucket5973,2,1,1,1,0,1,1,0,0,0,0,0,MEDIUM,0.43,Data Access,wildcard_action + wildcard_resource
synthetic_02883,synthetic_02883_path_001,user:User8161,role:AdminRole3797,2,2,1,1,1,0,0,0,0,0,0,0,HIGH,0.68,Lateral Movement,pass_role + assume_role_chain
synthetic_02884,synthetic_02884_path_001,user:User4797,resource:Bucket4690,2,1,1,1,0,0,0,0,0,0,0,0,LOW,0.15,Data Access,read_only_access
synthetic_02885,synthetic_02885_path_001,user:User3247,resource:Policy6456,2,1,1,1,0,0,0,1,0,0,0,0,CRITICAL,0.85,Privilege Escalation,policy_modification
synthetic_02886,synthetic_02886_path_001,user:User1923,resource:Bucket5081,2,1,1,1,0,0,0,0,0,0,0,0,LOW,0.15,Data Access,read_only_access
synthetic_02887,synthetic_02887_path_001,user:User2497,resource:Bucket8738,2,1,1,1,0,0,0,0,0,0,0,0,LOW,0.15,Data Access,read_only_access
synthetic_02888,synthetic_02888_path_001,user:User9104,resource:Bucket7973,2,1,1,1,0,1,1,0,0,0,0,1,CRITICAL,0.85,Privilege Escalation,admin_permission
synthetic_02889,synthetic_02889_path_001,user:User6259,resource:Bucket6320,2,1,1,1,0,1,1,0,0,0,0,0,MEDIUM,0.43,Data Access,wildcard_action + wildcard_resource
synthetic_02890,synthetic_02890_path_001,user:User3790,resource:Table6122,3,2,1,1,0,0,0,0,0,0,0,0,HIGH,0.65,Lateral Movement,assume_role_chain
synthetic_02891,synthetic_02891_path_001,user:User2894,resource:Bucket6368,2,1,1,1,0,0,0,0,0,0,0,0,LOW,0.15,Data Access,read_only_access
synthetic_02892,synthetic_02892_path_001,user:User2090,resource:Bucket6504,2,1,1,1,0,0,0,0,0,0,0,0,LOW,0.15,Data Access,read_only_access
synthetic_02893,synthetic_02893_path_001,user:User2519,resource:Bucket8343,2,1,1,1,0,1,1,0,0,0,0,0,MEDIUM,0.43,Data Access,wildcard_action + wildcard_resource
synthetic_02894,synthetic_02894_path_001,user:User6998,resource:Bucket6842,2,1,1,1,0,1,1,0,0,0,0,0,MEDIUM,0.43,Data Access,wildcard_action + wildcard_resource
synthetic_02895,synthetic_02895_path_001,user:User5846,resource:Policy8557,2,1,1,1,0,0,0,1,0,0,0,0,CRITICAL,0.85,Privilege Escalation,policy_modification
synthetic_02896,synthetic_02896_path_001,user:User8527,role:AdminRole5259,2,2,1,1,1,0,0,0,0,0,0,0,HIGH,0.68,Lateral Movement,pass_role + assume_role_chain
synthetic_02897,synthetic_02897_path_001,user:User4328,resource:Bucket6461,2,1,1,1,0,1,1,0,0,0,0,0,MEDIUM,0.43,Data Access,wildcard_action + wildcard_resource
synthetic_02898,synthetic_02898_path_001,user:User4641,role:AdminRole3044,2,2,1,1,1,0,0,0,0,0,0,0,HIGH,0.68,Lateral Movement,pass_role + assume_role_chain
synthetic_02899,synthetic_02899_path_001,user:User7902,role:AdminRole2124,2,2,1,1,1,0,0,0,0,0,0,0,HIGH,0.68,Lateral Movement,pass_role + assume_role_chain
synthetic_02900,synthetic_02900_path_001,user:User4926,resource:Bucket1613,4,3,1,1,0,0,1,0,0,0,0,0,HIGH,0.68,Lateral Movement,assume_role_chain + long_privilege_escalation_chain
synthetic_02901,synthetic_02901_path_001,user:152787304862,resource:Bucket2025,2,1,1,1,0,1,1,0,1,1,0,0,CRITICAL,0.88,Lateral Movement,external_trust + cross_account
synthetic_02902,synthetic_02902_path_001,user:User6009,resource:Bucket6352,2,1,1,1,0,1,1,0,0,0,0,0,MEDIUM,0.43,Data Access,wildcard_action + wildcard_resource
synthetic_02903,synthetic_02903_path_001,user:User9386,resource:Bucket2663,2,1,1,1,0,0,0,0,0,0,0,0,LOW,0.15,Data Access,read_only_access
synthetic_02904,synthetic_02904_path_001,user:User4080,resource:Table7250,3,2,1,1,0,0,0,0,0,0,0,0,HIGH,0.65,Lateral Movement,assume_role_chain
synthetic_02905,synthetic_02905_path_001,user:User8851,resource:Bucket7207,2,1,1,1,0,1,1,0,0,0,0,0,MEDIUM,0.43,Data Access,wildcard_action + wildcard_resource
synthetic_02906,synthetic_02906_path_001,user:433629994664,resource:Bucket1862,2,1,1,1,0,1,1,0,1,1,0,0,CRITICAL,0.88,Lateral Movement,external_trust + cross_account
synthetic_02907,synthetic_02907_path_001,user:User6575,resource:Bucket4733,2,1,1,1,0,0,0,0,0,0,0,0,LOW,0.15,Data Access,read_only_access
synthetic_02908,synthetic_02908_path_001,user:521189684424,resource:Bucket5537,2,1,1,1,0,1,1,0,1,1,0,0,CRITICAL,0.88,Lateral Movement,external_trust + cross_account
synthetic_02909,synthetic_02909_path_001,user:User3796,resource:Bucket9032,2,1,1,1,0,1,1,0,0,0,0,0,MEDIUM,0.43,Data Access,wildcard_action + wildcard_resource
synthetic_02910,synthetic_02910_path_001,user:User9492,role:AdminRole1841,2,2,1,1,1,0,0,0,0,0,0,0,HIGH,0.68,Lateral Movement,pass_role + assume_role_chain
synthetic_02911,synthetic_02911_path_001,user:User2170,resource:Bucket8581,2,1,1,1,0,0,0,0,0,0,0,0,LOW,0.15,Data Access,read_only_access
synthetic_02912,synthetic_02912_path_001,user:User4072,role:AdminRole2342,2,2,1,1,1,0,0,0,0,0,0,0,HIGH,0.68,Lateral Movement,pass_role + assume_role_chain
synthetic_02913,synthetic_02913_path_001,user:User6376,resource:Bucket5902,2,1,1,1,0,1,1,0,0,0,0,0,MEDIUM,0.43,Data Access,wildcard_action + wildcard_resource
synthetic_02914,synthetic_02914_path_001,user:User5356,resource:Bucket7970,2,1,1,1,0,0,0,0,0,0,0,0,LOW,0.15,Data Access,read_only_access
synthetic_02915,synthetic_02915_path_001,user:User9574,resource:Bucket2359,2,1,1,1,0,1,1,0,0,0,0,1,CRITICAL,0.85,Privilege Escalation,admin_permission
synthetic_02916,synthetic_02916_path_001,user:User9653,resource:Bucket6598,2,1,1,1,0,0,0,0,0,0,0,0,LOW,0.15,Data Access,read_only_access
synthetic_02917,synthetic_02917_path_001,user:User5026,resource:Bucket9827,2,1,1,1,0,0,0,0,0,0,0,0,LOW,0.15,Data Access,read_only_access
synthetic_02918,synthetic_02918_path_001,user:User1371,role:AdminRole2726,2,2,1,1,1,0,0,0,0,0,0,0,HIGH,0.68,Lateral Movement,pass_role + assume_role_chain
synthetic_02919,synthetic_02919_path_001,user:User1769,resource:Bucket6171,2,1,1,1,0,1,1,0,0,0,0,0,MEDIUM,0.43,Data Access,wildcard_action + wildcard_resource
synthetic_02920,synthetic_02920_path_001,user:User4621,role:AdminRole2465,2,2,1,1,1,0,0,0,0,0,0,0,HIGH,0.68,Lateral Movement,pass_role + assume_role_chain
synthetic_02921,synthetic_02921_path_001,user:User6129,resource:Table1338,3,2,1,1,0,0,0,0,0,0,0,0,HIGH,0.65,Lateral Movement,assume_role_chain
synthetic_02922,synthetic_02922_path_001,user:partner-8613,resource:Secret6216,2,1,1,1,0,0,0,0,1,0,1,0,CRITICAL,0.85,Data Access,external_trust
synthetic_02923,synthetic_02923_path_001,user:User1327,resource:Table4950,3,2,1,1,0,0,0,0,0,0,0,0,HIGH,0.65,Lateral Movement,assume_role_chain
synthetic_02924,synthetic_02924_path_001,user:partner-2307,resource:Secret5073,2,1,1,1,0,0,0,0,1,0,1,0,CRITICAL,0.85,Data Access,external_trust
synthetic_02925,synthetic_02925_path_001,user:User6163,resource:Bucket2986,2,1,1,1,0,1,1,0,0,0,0,0,MEDIUM,0.43,Data Access,wildcard_action + wildcard_resource
synthetic_02926,synthetic_02926_path_001,user:User9701,role:AdminRole9765,2,2,1,1,1,0,0,0,0,0,0,0,HIGH,0.68,Lateral Movement,pass_role + assume_role_chain
synthetic_02927,synthetic_02927_path_001,user:partner-9229,resource:Secret1699,2,1,1,1,0,0,0,0,1,0,1,0,CRITICAL,0.85,Data Access,external_trust
synthetic_02928,synthetic_02928_path_001,user:User3222,resource:Bucket4476,2,1,1,1,0,0,0,0,0,0,0,0,LOW,0.15,Data Access,read_only_access
synthetic_02929,synthetic_02929_path_001,user:User6623,resource:Bucket9129,2,1,1,1,0,0,0,0,0,0,0,0,LOW,0.15,Data Access,read_only_access
synthetic_02930,synthetic_02930_path_001,user:User8206,resource:Bucket4555,2,1,1,1,0,1,1,0,0,0,0,0,MEDIUM,0.43,Data Access,wildcard_action + wildcard_resource
synthetic_02931,synthetic_02931_path_001,user:User6787,resource:Bucket1988,2,1,1,1,0,0,0,0,0,0,0,0,LOW,0.15,Data Access,read_only_access
synthetic_02932,synthetic_02932_path_001,user:User8048,resource:Bucket7008,2,1,1,1,0,1,1,0,0,0,0,0,MEDIUM,0.43,Data Access,wildcard_action + wildcard_resource
synthetic_02933,synthetic_02933_path_001,user:User6477,resource:Bucket7153,2,1,1,1,0,0,0,0,0,0,0,0,LOW,0.15,Data Access,read_only_access
synthetic_02934,synthetic_02934_path_001,user:User6680,resource:Bucket2659,2,1,1,1,0,0,0,0,0,0,0,0,LOW,0.15,Data Access,read_only_access
synthetic_02935,synthetic_02935_path_001,user:User1697,resource:Bucket9324,2,1,1,1,0,1,1,0,0,0,0,0,MEDIUM,0.43,Data Access,wildcard_action + wildcard_resource
synthetic_02936,synthetic_02936_path_001,user:User1461,resource:Bucket9924,2,1,1,1,0,0,0,0,0,0,0,0,LOW,0.15,Data Access,read_only_access
synthetic_02937,synthetic_02937_path_001,user:User5085,resource:Bucket3901,2,1,1,1,0,0,0,0,0,0,0,0,LOW,0.15,Data Access,read_only_access
synthetic_02938,synthetic_02938_path_001,user:User2125,resource:Bucket2254,2,1,1,1,0,1,1,0,0,0,0,0,MEDIUM,0.43,Data Access,wildcard_action + wildcard_resource
synthetic_02939,synthetic_02939_path_001,user:User8566,resource:Bucket4354,2,1,1,1,0,1,1,0,0,0,0,1,CRITICAL,0.85,Privilege Escalation,admin_permission
synthetic_02940,synthetic_02940_path_001,user:User1702,resource:Policy3038,2,1,1,1,0,0,0,1,0,0,0,0,CRITICAL,0.85,Privilege Escalation,policy_modification
synthetic_02941,synthetic_02941_path_001,user:User9959,resource:Table9034,3,2,1,1,0,0,0,0,0,0,0,0,HIGH,0.65,Lateral Movement,assume_role_chain
synthetic_02942,synthetic_02942_path_001,user:User1135,resource:Bucket3338,2,1,1,1,0,1,1,0,0,0,0,1,CRITICAL,0.85,Privilege Escalation,admin_permission
synthetic_02943,synthetic_02943_path_001,user:User9341,resource:Bucket5313,2,1,1,1,0,1,1,0,0,0,0,0,MEDIUM,0.43,Data Access,wildcard_action + wildcard_resource
synthetic_02944,synthetic_02944_path_001,user:User4766,resource:Bucket4463,2,1,1,1,0,0,0,0,0,0,0,0,LOW,0.15,Data Access,read_only_access
synthetic_02945,synthetic_02945_path_001,user:partner-7854,resource:Secret7588,2,1,1,1,0,0,0,0,1,0,1,0,CRITICAL,0.85,Data Access,external_trust
synthetic_02946,synthetic_02946_path_001,user:User3836,role:AdminRole9791,2,2,1,1,1,0,0,0,0,0,0,0,HIGH,0.68,Lateral Movement,pass_role + assume_role_chain
synthetic_02947,synthetic_02947_path_001,user:partner-5558,resource:Secret8443,2,1,1,1,0,0,0,0,1,0,1,0,CRITICAL,0.85,Data Access,external_trust
synthetic_02948,synthetic_02948_path_001,user:partner-6744,resource:Secret4885,2,1,1,1,0,0,0,0,1,0,1,0,CRITICAL,0.85,Data Access,external_trust
synthetic_02949,synthetic_02949_path_001,user:User9043,resource:Bucket8430,2,1,1,1,0,0,0,0,0,0,0,0,LOW,0.15,Data Access,read_only_access
synthetic_02950,synthetic_02950_path_001,user:User7960,resource:Table7287,3,2,1,1,0,0,0,0,0,0,0,0,HIGH,0.65,Lateral Movement,assume_role_chain
synthetic_02951,synthetic_02951_path_001,user:User5439,resource:Policy4327,2,1,1,1,0,0,0,1,0,0,0,0,CRITICAL,0.85,Privilege Escalation,policy_modification
synthetic_02952,synthetic_02952_path_001,user:User9564,role:AdminRole9310,2,2,1,1,1,0,0,0,0,0,0,0,HIGH,0.68,Lateral Movement,pass_role + assume_role_chain
synthetic_02953,synthetic_02953_path_001,user:User9984,resource:Bucket8261,2,1,1,1,0,1,1,0,0,0,0,0,MEDIUM,0.43,Data Access,wildcard_action + wildcard_resource
synthetic_02954,synthetic_02954_path_001,user:User7630,resource:Bucket8780,2,1,1,1,0,0,0,0,0,0,0,0,LOW,0.15,Data Access,read_only_access
synthetic_02955,synthetic_02955_path_001,user:User4810,resource:Bucket1204,2,1,1,1,0,1,1,0,0,0,0,0,MEDIUM,0.43,Data Access,wildcard_action + wildcard_resource
synthetic_02956,synthetic_02956_path_001,user:User7867,role:AdminRole4052,2,2,1,1,1,0,0,0,0,0,0,0,HIGH,0.68,Lateral Movement,pass_role + assume_role_chain
synthetic_02957,synthetic_02957_path_001,user:User7486,role:AdminRole6712,2,2,1,1,1,0,0,0,0,0,0,0,HIGH,0.68,Lateral Movement,pass_role + assume_role_chain
synthetic_02958,synthetic_02958_path_001,user:User3733,resource:Bucket5292,2,1,1,1,0,1,1,0,0,0,0,0,MEDIUM,0.43,Data Access,wildcard_action + wildcard_resource
synthetic_02959,synthetic_02959_path_001,user:User2392,resource:Policy6834,2,1,1,1,0,0,0,1,0,0,0,0,CRITICAL,0.85,Privilege Escalation,policy_modification
synthetic_02960,synthetic_02960_path_001,user:User5399,resource:Bucket2086,2,1,1,1,0,0,0,0,0,0,0,0,LOW,0.15,Data Access,read_only_access
synthetic_02961,synthetic_02961_path_001,user:User5458,resource:Bucket5435,4,3,1,1,0,0,1,0,0,0,0,0,HIGH,0.68,Lateral Movement,assume_role_chain + long_privilege_escalation_chain
synthetic_02962,synthetic_02962_path_001,user:User2233,role:AdminRole8908,2,2,1,1,1,0,0,0,0,0,0,0,HIGH,0.68,Lateral Movement,pass_role + assume_role_chain
synthetic_02963,synthetic_02963_path_001,user:User6071,resource:Bucket5539,4,3,1,1,0,0,1,0,0,0,0,0,HIGH,0.68,Lateral Movement,assume_role_chain + long_privilege_escalation_chain
synthetic_02964,synthetic_02964_path_001,user:User8776,resource:Bucket7666,4,3,1,1,0,0,1,0,0,0,0,0,HIGH,0.68,Lateral Movement,assume_role_chain + long_privilege_escalation_chain
synthetic_02965,synthetic_02965_path_001,user:User9126,resource:Bucket3361,2,1,1,1,0,1,1,0,0,0,0,0,MEDIUM,0.43,Data Access,wildcard_action + wildcard_resource
synthetic_02966,synthetic_02966_path_001,user:User4505,resource:Bucket7868,2,1,1,1,0,1,1,0,0,0,0,0,MEDIUM,0.43,Data Access,wildcard_action + wildcard_resource
synthetic_02967,synthetic_02967_path_001,user:User1845,resource:Policy4152,2,1,1,1,0,0,0,1,0,0,0,0,CRITICAL,0.85,Privilege Escalation,policy_modification
synthetic_02968,synthetic_02968_path_001,user:User2625,role:AdminRole4524,2,2,1,1,1,0,0,0,0,0,0,0,HIGH,0.68,Lateral Movement,pass_role + assume_role_chain
synthetic_02969,synthetic_02969_path_001,user:User1196,resource:Bucket9948,2,1,1,1,0,0,0,0,0,0,0,0,LOW,0.15,Data Access,read_only_access
synthetic_02970,synthetic_02970_path_001,user:User1918,resource:Table1520,3,2,1,1,0,0,0,0,0,0,0,0,HIGH,0.65,Lateral Movement,assume_role_chain
synthetic_02971,synthetic_02971_path_001,user:User4873,role:AdminRole7784,2,2,1,1,1,0,0,0,0,0,0,0,HIGH,0.68,Lateral Movement,pass_role + assume_role_chain
synthetic_02972,synthetic_02972_path_001,user:User2148,resource:Bucket9908,4,3,1,1,0,0,1,0,0,0,0,0,HIGH,0.68,Lateral Movement,assume_role_chain + long_privilege_escalation_chain
synthetic_02973,synthetic_02973_path_001,user:User6128,resource:Bucket1981,2,1,1,1,0,1,1,0,0,0,0,0,MEDIUM,0.43,Data Access,wildcard_action + wildcard_resource
synthetic_02974,synthetic_02974_path_001,user:User1201,resource:Bucket8559,2,1,1,1,0,0,0,0,0,0,0,0,LOW,0.15,Data Access,read_only_access
synthetic_02975,synthetic_02975_path_001,user:User1567,resource:Bucket3812,2,1,1,1,0,0,0,0,0,0,0,0,LOW,0.15,Data Access,read_only_access
synthetic_02976,synthetic_02976_path_001,user:User7236,resource:Bucket9344,2,1,1,1,0,0,0,0,0,0,0,0,LOW,0.15,Data Access,read_only_access
synthetic_02977,synthetic_02977_path_001,user:User3335,resource:Bucket2965,2,1,1,1,0,1,1,0,0,0,0,0,MEDIUM,0.43,Data Access,wildcard_action + wildcard_resource
synthetic_02978,synthetic_02978_path_001,user:User5576,resource:Policy2832,2,1,1,1,0,0,0,1,0,0,0,0,CRITICAL,0.85,Privilege Escalation,policy_modification
synthetic_02979,synthetic_02979_path_001,user:User9964,role:AdminRole8765,2,2,1,1,1,0,0,0,0,0,0,0,HIGH,0.68,Lateral Movement,pass_role + assume_role_chain
synthetic_02980,synthetic_02980_path_001,user:User8451,resource:Policy6019,2,1,1,1,0,0,0,1,0,0,0,0,CRITICAL,0.85,Privilege Escalation,policy_modification
synthetic_02981,synthetic_02981_path_001,user:User3370,resource:Bucket5940,2,1,1,1,0,0,0,0,0,0,0,0,LOW,0.15,Data Access,read_only_access
synthetic_02982,synthetic_02982_path_001,user:User2521,resource:Bucket1252,2,1,1,1,0,1,1,0,0,0,0,0,MEDIUM,0.43,Data Access,wildcard_action + wildcard_resource
synthetic_02983,synthetic_02983_path_001,user:User5421,resource:Bucket3325,2,1,1,1,0,0,0,0,0,0,0,0,LOW,0.15,Data Access,read_only_access
synthetic_02984,synthetic_02984_path_001,user:User8308,resource:Bucket1370,4,3,1,1,0,0,1,0,0,0,0,0,HIGH,0.68,Lateral Movement,assume_role_chain + long_privilege_escalation_chain
synthetic_02985,synthetic_02985_path_001,user:User6785,resource:Table4680,3,2,1,1,0,0,0,0,0,0,0,0,HIGH,0.65,Lateral Movement,assume_role_chain
synthetic_02986,synthetic_02986_path_001,user:761794802455,resource:Bucket6746,2,1,1,1,0,1,1,0,1,1,0,0,CRITICAL,0.88,Lateral Movement,external_trust + cross_account
synthetic_02987,synthetic_02987_path_001,user:User2741,resource:Bucket6237,2,1,1,1,0,0,0,0,0,0,0,0,LOW,0.15,Data Access,read_only_access
synthetic_02988,synthetic_02988_path_001,user:User7629,resource:Bucket9779,2,1,1,1,0,1,1,0,0,0,0,0,MEDIUM,0.43,Data Access,wildcard_action + wildcard_resource
synthetic_02989,synthetic_02989_path_001,user:User9416,role:AdminRole3079,2,2,1,1,1,0,0,0,0,0,0,0,HIGH,0.68,Lateral Movement,pass_role + assume_role_chain
synthetic_02990,synthetic_02990_path_001,user:User7215,resource:Bucket1158,2,1,1,1,0,0,0,0,0,0,0,0,LOW,0.15,Data Access,read_only_access
synthetic_02991,synthetic_02991_path_001,user:User9375,resource:Bucket8181,2,1,1,1,0,1,1,0,0,0,0,0,MEDIUM,0.43,Data Access,wildcard_action + wildcard_resource
synthetic_02992,synthetic_02992_path_001,user:User5777,resource:Bucket2404,2,1,1,1,0,0,0,0,0,0,0,0,LOW,0.15,Data Access,read_only_access
synthetic_02993,synthetic_02993_path_001,user:User9668,resource:Bucket7439,2,1,1,1,0,0,0,0,0,0,0,0,LOW,0.15,Data Access,read_only_access
synthetic_02994,synthetic_02994_path_001,user:User4775,resource:Bucket9852,2,1,1,1,0,1,1,0,0,0,0,0,MEDIUM,0.43,Data Access,wildcard_action + wildcard_resource
synthetic_02995,synthetic_02995_path_001,user:User1640,resource:Bucket3584,2,1,1,1,0,1,1,0,0,0,0,0,MEDIUM,0.43,Data Access,wildcard_action + wildcard_resource
synthetic_02996,synthetic_02996_path_001,user:User7721,resource:Bucket5494,2,1,1,1,0,1,1,0,0,0,0,1,CRITICAL,0.85,Privilege Escalation,admin_permission
synthetic_02997,synthetic_02997_path_001,user:User1159,resource:Bucket4265,4,3,1,1,0,0,1,0,0,0,0,0,HIGH,0.68,Lateral Movement,assume_role_chain + long_privilege_escalation_chain
synthetic_02998,synthetic_02998_path_001,user:User6387,resource:Bucket4410,2,1,1,1,0,0,0,0,0,0,0,0,LOW,0.15,Data Access,read_only_access
synthetic_02999,synthetic_02999_path_001,user:User9987,resource:Bucket7175,2,1,1,1,0,0,0,0,0,0,0,0,LOW,0.15,Data Access,read_only_access
synthetic_03000,synthetic_03000_path_001,user:User7607,resource:Bucket1079,4,3,1,1,0,0,1,0,0,0,0,0,HIGH,0.68,Lateral Movement,assume_role_chain + long_privilege_escalation_chain
synthetic_03001,synthetic_03001_path_001,user:User7655,resource:Bucket1379,2,1,1,1,0,1,1,0,0,0,0,0,MEDIUM,0.43,Data Access,wildcard_action + wildcard_resource
synthetic_03002,synthetic_03002_path_001,user:partner-3494,resource:Secret3275,2,1,1,1,0,0,0,0,1,0,1,0,CRITICAL,0.85,Data Access,external_trust
synthetic_03003,synthetic_03003_path_001,user:989790608548,resource:Bucket9972,2,1,1,1,0,1,1,0,1,1,0,0,CRITICAL,0.88,Lateral Movement,external_trust + cross_account
synthetic_03004,synthetic_03004_path_001,user:User1665,resource:Bucket1377,2,1,1,1,0,1,1,0,0,0,0,0,MEDIUM,0.43,Data Access,wildcard_action + wildcard_resource
synthetic_03005,synthetic_03005_path_001,user:User2585,resource:Bucket8301,2,1,1,1,0,1,1,0,0,0,0,0,MEDIUM,0.43,Data Access,wildcard_action + wildcard_resource
synthetic_03006,synthetic_03006_path_001,user:519854582942,resource:Bucket4098,2,1,1,1,0,1,1,0,1,1,0,0,CRITICAL,0.88,Lateral Movement,external_trust + cross_account
synthetic_03007,synthetic_03007_path_001,user:User6307,resource:Bucket5550,2,1,1,1,0,1,1,0,0,0,0,0,MEDIUM,0.43,Data Access,wildcard_action + wildcard_resource
synthetic_03008,synthetic_03008_path_001,user:User7145,resource:Bucket5642,2,1,1,1,0,1,1,0,0,0,0,0,MEDIUM,0.43,Data Access,wildcard_action + wildcard_resource
synthetic_03009,synthetic_03009_path_001,user:User1879,resource:Bucket1959,2,1,1,1,0,1,1,0,0,0,0,0,MEDIUM,0.43,Data Access,wildcard_action + wildcard_resource
synthetic_03010,synthetic_03010_path_001,user:User3281,resource:Bucket3493,4,3,1,1,0,0,1,0,0,0,0,0,HIGH,0.68,Lateral Movement,assume_role_chain + long_privilege_escalation_chain
synthetic_03011,synthetic_03011_path_001,user:User5734,resource:Bucket3445,2,1,1,1,0,1,1,0,0,0,0,0,MEDIUM,0.43,Data Access,wildcard_action + wildcard_resource
synthetic_03012,synthetic_03012_path_001,user:User9205,role:AdminRole9140,2,2,1,1,1,0,0,0,0,0,0,0,HIGH,0.68,Lateral Movement,pass_role + assume_role_chain
synthetic_03013,synthetic_03013_path_001,user:User6320,resource:Bucket8660,2,1,1,1,0,1,1,0,0,0,0,0,MEDIUM,0.43,Data Access,wildcard_action + wildcard_resource
synthetic_03014,synthetic_03014_path_001,user:User7743,resource:Bucket3617,2,1,1,1,0,1,1,0,0,0,0,1,CRITICAL,0.85,Privilege Escalation,admin_permission
synthetic_03015,synthetic_03015_path_001,user:User5827,resource:Bucket3612,2,1,1,1,0,0,0,0,0,0,0,0,LOW,0.15,Data Access,read_only_access
synthetic_03016,synthetic_03016_path_001,user:User2756,resource:Bucket2137,4,3,1,1,0,0,1,0,0,0,0,0,HIGH,0.68,Lateral Movement,assume_role_chain + long_privilege_escalation_chain
synthetic_03017,synthetic_03017_path_001,user:User5699,role:AdminRole2874,2,2,1,1,1,0,0,0,0,0,0,0,HIGH,0.68,Lateral Movement,pass_role + assume_role_chain
synthetic_03018,synthetic_03018_path_001,user:079230466001,resource:Bucket4969,2,1,1,1,0,1,1,0,1,1,0,0,CRITICAL,0.88,Lateral Movement,external_trust + cross_account
synthetic_03019,synthetic_03019_path_001,user:User3879,resource:Bucket3083,2,1,1,1,0,0,0,0,0,0,0,0,LOW,0.15,Data Access,read_only_access
synthetic_03020,synthetic_03020_path_001,user:User1481,resource:Bucket9722,2,1,1,1,0,0,0,0,0,0,0,0,LOW,0.15,Data Access,read_only_access
synthetic_03021,synthetic_03021_path_001,user:User8130,resource:Bucket6112,4,3,1,1,0,0,1,0,0,0,0,0,HIGH,0.68,Lateral Movement,assume_role_chain + long_privilege_escalation_chain
synthetic_03022,synthetic_03022_path_001,user:User3911,resource:Bucket8205,2,1,1,1,0,1,1,0,0,0,0,0,MEDIUM,0.43,Data Access,wildcard_action + wildcard_resource
synthetic_03023,synthetic_03023_path_001,user:User7272,resource:Table2443,3,2,1,1,0,0,0,0,0,0,0,0,HIGH,0.65,Lateral Movement,assume_role_chain
synthetic_03024,synthetic_03024_path_001,user:User1112,resource:Bucket9179,2,1,1,1,0,1,1,0,0,0,0,0,MEDIUM,0.43,Data Access,wildcard_action + wildcard_resource
synthetic_03025,synthetic_03025_path_001,user:User5251,resource:Policy6729,2,1,1,1,0,0,0,1,0,0,0,0,CRITICAL,0.85,Privilege Escalation,policy_modification
synthetic_03026,synthetic_03026_path_001,user:User7714,resource:Bucket3770,2,1,1,1,0,1,1,0,0,0,0,0,MEDIUM,0.43,Data Access,wildcard_action + wildcard_resource
synthetic_03027,synthetic_03027_path_001,user:User3067,resource:Bucket4002,2,1,1,1,0,0,0,0,0,0,0,0,LOW,0.15,Data Access,read_only_access
synthetic_03028,synthetic_03028_path_001,user:User7853,role:AdminRole6752,2,2,1,1,1,0,0,0,0,0,0,0,HIGH,0.68,Lateral Movement,pass_role + assume_role_chain
synthetic_03029,synthetic_03029_path_001,user:622419768784,resource:Bucket8754,2,1,1,1,0,1,1,0,1,1,0,0,CRITICAL,0.88,Lateral Movement,external_trust + cross_account
synthetic_03030,synthetic_03030_path_001,user:User1984,resource:Bucket6924,2,1,1,1,0,0,0,0,0,0,0,0,LOW,0.15,Data Access,read_only_access
synthetic_03031,synthetic_03031_path_001,user:User2783,resource:Bucket5969,2,1,1,1,0,1,1,0,0,0,0,1,CRITICAL,0.85,Privilege Escalation,admin_permission
synthetic_03032,synthetic_03032_path_001,user:User6131,resource:Bucket4432,2,1,1,1,0,0,0,0,0,0,0,0,LOW,0.15,Data Access,read_only_access
synthetic_03033,synthetic_03033_path_001,user:User7199,resource:Bucket3470,4,3,1,1,0,0,1,0,0,0,0,0,HIGH,0.68,Lateral Movement,assume_role_chain + long_privilege_escalation_chain
synthetic_03034,synthetic_03034_path_001,user:User5141,resource:Table6847,3,2,1,1,0,0,0,0,0,0,0,0,HIGH,0.65,Lateral Movement,assume_role_chain
synthetic_03035,synthetic_03035_path_001,user:User3819,resource:Bucket7548,2,1,1,1,0,1,1,0,0,0,0,0,MEDIUM,0.43,Data Access,wildcard_action + wildcard_resource
synthetic_03036,synthetic_03036_path_001,user:User3027,resource:Policy9078,2,1,1,1,0,0,0,1,0,0,0,0,CRITICAL,0.85,Privilege Escalation,policy_modification
synthetic_03037,synthetic_03037_path_001,user:User9703,role:AdminRole8595,2,2,1,1,1,0,0,0,0,0,0,0,HIGH,0.68,Lateral Movement,pass_role + assume_role_chain
synthetic_03038,synthetic_03038_path_001,user:User8029,resource:Bucket6025,2,1,1,1,0,0,0,0,0,0,0,0,LOW,0.15,Data Access,read_only_access
synthetic_03039,synthetic_03039_path_001,user:User5710,role:AdminRole9236,2,2,1,1,1,0,0,0,0,0,0,0,HIGH,0.68,Lateral Movement,pass_role + assume_role_chain
synthetic_03040,synthetic_03040_path_001,user:partner-2061,resource:Secret9467,2,1,1,1,0,0,0,0,1,0,1,0,CRITICAL,0.85,Data Access,external_trust
synthetic_03041,synthetic_03041_path_001,user:User7638,role:AdminRole5254,2,2,1,1,1,0,0,0,0,0,0,0,HIGH,0.68,Lateral Movement,pass_role + assume_role_chain
synthetic_03042,synthetic_03042_path_001,user:User1299,resource:Policy2611,2,1,1,1,0,0,0,1,0,0,0,0,CRITICAL,0.85,Privilege Escalation,policy_modification
synthetic_03043,synthetic_03043_path_001,user:User3637,resource:Bucket6095,2,1,1,1,0,0,0,0,0,0,0,0,LOW,0.15,Data Access,read_only_access
synthetic_03044,synthetic_03044_path_001,user:partner-4055,resource:Secret1480,2,1,1,1,0,0,0,0,1,0,1,0,CRITICAL,0.85,Data Access,external_trust
synthetic_03045,synthetic_03045_path_001,user:User9648,resource:Bucket1068,2,1,1,1,0,0,0,0,0,0,0,0,LOW,0.15,Data Access,read_only_access
synthetic_03046,synthetic_03046_path_001,user:User9277,resource:Bucket1866,2,1,1,1,0,0,0,0,0,0,0,0,LOW,0.15,Data Access,read_only_access
synthetic_03047,synthetic_03047_path_001,user:User4303,resource:Bucket8319,2,1,1,1,0,0,0,0,0,0,0,0,LOW,0.15,Data Access,read_only_access
synthetic_03048,synthetic_03048_path_001,user:partner-1531,resource:Secret4438,2,1,1,1,0,0,0,0,1,0,1,0,CRITICAL,0.85,Data Access,external_trust
synthetic_03049,synthetic_03049_path_001,user:User4943,resource:Policy9132,2,1,1,1,0,0,0,1,0,0,0,0,CRITICAL,0.85,Privilege Escalation,policy_modification
synthetic_03050,synthetic_03050_path_001,user:User7798,resource:Policy2719,2,1,1,1,0,0,0,1,0,0,0,0,CRITICAL,0.85,Privilege Escalation,policy_modification
synthetic_03051,synthetic_03051_path_001,user:partner-6812,resource:Secret9312,2,1,1,1,0,0,0,0,1,0,1,0,CRITICAL,0.85,Data Access,external_trust
synthetic_03052,synthetic_03052_path_001,user:User5667,role:AdminRole9583,2,2,1,1,1,0,0,0,0,0,0,0,HIGH,0.68,Lateral Movement,pass_role + assume_role_chain
synthetic_03053,synthetic_03053_path_001,user:User6974,resource:Bucket2973,2,1,1,1,0,1,1,0,0,0,0,0,MEDIUM,0.43,Data Access,wildcard_action + wildcard_resource
synthetic_03054,synthetic_03054_path_001,user:User6532,resource:Bucket3713,2,1,1,1,0,1,1,0,0,0,0,0,MEDIUM,0.43,Data Access,wildcard_action + wildcard_resource
synthetic_03055,synthetic_03055_path_001,user:887807279037,resource:Bucket7807,2,1,1,1,0,1,1,0,1,1,0,0,CRITICAL,0.88,Lateral Movement,external_trust + cross_account
synthetic_03056,synthetic_03056_path_001,user:User9388,role:AdminRole8700,2,2,1,1,1,0,0,0,0,0,0,0,HIGH,0.68,Lateral Movement,pass_role + assume_role_chain
synthetic_03057,synthetic_03057_path_001,user:User3533,resource:Bucket4322,2,1,1,1,0,1,1,0,0,0,0,1,CRITICAL,0.85,Privilege Escalation,admin_permission
synthetic_03058,synthetic_03058_path_001,user:User2976,resource:Bucket4243,2,1,1,1,0,1,1,0,0,0,0,0,MEDIUM,0.43,Data Access,wildcard_action + wildcard_resource
synthetic_03059,synthetic_03059_path_001,user:User8330,resource:Bucket2737,2,1,1,1,0,0,0,0,0,0,0,0,LOW,0.15,Data Access,read_only_access
synthetic_03060,synthetic_03060_path_001,user:User1244,resource:Bucket7002,2,1,1,1,0,1,1,0,0,0,0,0,MEDIUM,0.43,Data Access,wildcard_action + wildcard_resource
synthetic_03061,synthetic_03061_path_001,user:User1515,resource:Bucket3780,2,1,1,1,0,1,1,0,0,0,0,1,CRITICAL,0.85,Privilege Escalation,admin_permission
synthetic_03062,synthetic_03062_path_001,user:partner-3211,resource:Secret7475,2,1,1,1,0,0,0,0,1,0,1,0,CRITICAL,0.85,Data Access,external_trust
synthetic_03063,synthetic_03063_path_001,user:User2991,resource:Bucket1623,2,1,1,1,0,1,1,0,0,0,0,1,CRITICAL,0.85,Privilege Escalation,admin_permission
synthetic_03064,synthetic_03064_path_001,user:User8469,resource:Bucket7527,2,1,1,1,0,1,1,0,0,0,0,0,MEDIUM,0.43,Data Access,wildcard_action + wildcard_resource
synthetic_03065,synthetic_03065_path_001,user:partner-6841,resource:Secret8158,2,1,1,1,0,0,0,0,1,0,1,0,CRITICAL,0.85,Data Access,external_trust
synthetic_03066,synthetic_03066_path_001,user:User6974,role:AdminRole2465,2,2,1,1,1,0,0,0,0,0,0,0,HIGH,0.68,Lateral Movement,pass_role + assume_role_chain
synthetic_03067,synthetic_03067_path_001,user:User2891,resource:Bucket5885,2,1,1,1,0,1,1,0,0,0,0,0,MEDIUM,0.43,Data Access,wildcard_action + wildcard_resource
synthetic_03068,synthetic_03068_path_001,user:User1158,resource:Bucket4237,2,1,1,1,0,0,0,0,0,0,0,0,LOW,0.15,Data Access,read_only_access
synthetic_03069,synthetic_03069_path_001,user:User5227,resource:Table4471,3,2,1,1,0,0,0,0,0,0,0,0,HIGH,0.65,Lateral Movement,assume_role_chain
synthetic_03070,synthetic_03070_path_001,user:User2843,resource:Bucket5727,4,3,1,1,0,0,1,0,0,0,0,0,HIGH,0.68,Lateral Movement,assume_role_chain + long_privilege_escalation_chain
synthetic_03071,synthetic_03071_path_001,user:User5938,resource:Bucket7964,2,1,1,1,0,0,0,0,0,0,0,0,LOW,0.15,Data Access,read_only_access
synthetic_03072,synthetic_03072_path_001,user:User1767,resource:Policy2653,2,1,1,1,0,0,0,1,0,0,0,0,CRITICAL,0.85,Privilege Escalation,policy_modification
synthetic_03073,synthetic_03073_path_001,user:User6975,resource:Bucket5764,2,1,1,1,0,1,1,0,0,0,0,0,MEDIUM,0.43,Data Access,wildcard_action + wildcard_resource
synthetic_03074,synthetic_03074_path_001,user:User6406,resource:Table2486,3,2,1,1,0,0,0,0,0,0,0,0,HIGH,0.65,Lateral Movement,assume_role_chain
synthetic_03075,synthetic_03075_path_001,user:User6338,resource:Bucket2941,2,1,1,1,0,0,0,0,0,0,0,0,LOW,0.15,Data Access,read_only_access
synthetic_03076,synthetic_03076_path_001,user:User3547,resource:Bucket9283,2,1,1,1,0,1,1,0,0,0,0,0,MEDIUM,0.43,Data Access,wildcard_action + wildcard_resource
synthetic_03077,synthetic_03077_path_001,user:User6520,resource:Bucket2821,2,1,1,1,0,1,1,0,0,0,0,0,MEDIUM,0.43,Data Access,wildcard_action + wildcard_resource
synthetic_03078,synthetic_03078_path_001,user:512395978155,resource:Bucket3535,2,1,1,1,0,1,1,0,1,1,0,0,CRITICAL,0.88,Lateral Movement,external_trust + cross_account
synthetic_03079,synthetic_03079_path_001,user:User8567,resource:Table7280,3,2,1,1,0,0,0,0,0,0,0,0,HIGH,0.65,Lateral Movement,assume_role_chain
synthetic_03080,synthetic_03080_path_001,user:User5843,resource:Bucket8129,2,1,1,1,0,0,0,0,0,0,0,0,LOW,0.15,Data Access,read_only_access
synthetic_03081,synthetic_03081_path_001,user:partner-8676,resource:Secret1600,2,1,1,1,0,0,0,0,1,0,1,0,CRITICAL,0.85,Data Access,external_trust
synthetic_03082,synthetic_03082_path_001,user:User1447,resource:Bucket4335,2,1,1,1,0,1,1,0,0,0,0,0,MEDIUM,0.43,Data Access,wildcard_action + wildcard_resource
synthetic_03083,synthetic_03083_path_001,user:User5318,resource:Bucket9709,2,1,1,1,0,1,1,0,0,0,0,0,MEDIUM,0.43,Data Access,wildcard_action + wildcard_resource
synthetic_03084,synthetic_03084_path_001,user:User4547,resource:Bucket6028,4,3,1,1,0,0,1,0,0,0,0,0,HIGH,0.68,Lateral Movement,assume_role_chain + long_privilege_escalation_chain
synthetic_03085,synthetic_03085_path_001,user:User8246,resource:Bucket2194,2,1,1,1,0,0,0,0,0,0,0,0,LOW,0.15,Data Access,read_only_access
synthetic_03086,synthetic_03086_path_001,user:User3966,resource:Bucket1816,2,1,1,1,0,1,1,0,0,0,0,0,MEDIUM,0.43,Data Access,wildcard_action + wildcard_resource
synthetic_03087,synthetic_03087_path_001,user:User7462,resource:Bucket7599,2,1,1,1,0,1,1,0,0,0,0,0,MEDIUM,0.43,Data Access,wildcard_action + wildcard_resource
synthetic_03088,synthetic_03088_path_001,user:User5919,role:AdminRole8351,2,2,1,1,1,0,0,0,0,0,0,0,HIGH,0.68,Lateral Movement,pass_role + assume_role_chain
synthetic_03089,synthetic_03089_path_001,user:User5107,resource:Bucket1168,2,1,1,1,0,1,1,0,0,0,0,0,MEDIUM,0.43,Data Access,wildcard_action + wildcard_resource
synthetic_03090,synthetic_03090_path_001,user:User8835,resource:Bucket4383,2,1,1,1,0,0,0,0,0,0,0,0,LOW,0.15,Data Access,read_only_access
synthetic_03091,synthetic_03091_path_001,user:User7568,role:AdminRole7841,2,2,1,1,1,0,0,0,0,0,0,0,HIGH,0.68,Lateral Movement,pass_role + assume_role_chain
synthetic_03092,synthetic_03092_path_001,user:User6867,resource:Bucket8065,4,3,1,1,0,0,1,0,0,0,0,0,HIGH,0.68,Lateral Movement,assume_role_chain + long_privilege_escalation_chain
synthetic_03093,synthetic_03093_path_001,user:048869320553,resource:Bucket1098,2,1,1,1,0,1,1,0,1,1,0,0,CRITICAL,0.88,Lateral Movement,external_trust + cross_account
synthetic_03094,synthetic_03094_path_001,user:User3372,role:AdminRole4277,2,2,1,1,1,0,0,0,0,0,0,0,HIGH,0.68,Lateral Movement,pass_role + assume_role_chain
synthetic_03095,synthetic_03095_path_001,user:User2373,role:AdminRole8362,2,2,1,1,1,0,0,0,0,0,0,0,HIGH,0.68,Lateral Movement,pass_role + assume_role_chain
synthetic_03096,synthetic_03096_path_001,user:User5216,resource:Bucket6149,2,1,1,1,0,1,1,0,0,0,0,0,MEDIUM,0.43,Data Access,wildcard_action + wildcard_resource
synthetic_03097,synthetic_03097_path_001,user:User8760,resource:Bucket8591,2,1,1,1,0,1,1,0,0,0,0,0,MEDIUM,0.43,Data Access,wildcard_action + wildcard_resource
synthetic_03098,synthetic_03098_path_001,user:User8148,resource:Bucket1452,2,1,1,1,0,1,1,0,0,0,0,0,MEDIUM,0.43,Data Access,wildcard_action + wildcard_resource
synthetic_03099,synthetic_03099_path_001,user:User8812,resource:Policy7593,2,1,1,1,0,0,0,1,0,0,0,0,CRITICAL,0.85,Privilege Escalation,policy_modification
synthetic_03100,synthetic_03100_path_001,user:User3953,resource:Bucket3412,4,3,1,1,0,0,1,0,0,0,0,0,HIGH,0.68,Lateral Movement,assume_role_chain + long_privilege_escalation_chain
synthetic_03101,synthetic_03101_path_001,user:partner-8615,resource:Secret9029,2,1,1,1,0,0,0,0,1,0,1,0,CRITICAL,0.85,Data Access,external_trust
synthetic_03102,synthetic_03102_path_001,user:User2746,resource:Bucket3693,2,1,1,1,0,1,1,0,0,0,0,1,CRITICAL,0.85,Privilege Escalation,admin_permission
synthetic_03103,synthetic_03103_path_001,user:User9899,role:AdminRole2868,2,2,1,1,1,0,0,0,0,0,0,0,HIGH,0.68,Lateral Movement,pass_role + assume_role_chain
synthetic_03104,synthetic_03104_path_001,user:User7621,resource:Bucket1530,2,1,1,1,0,1,1,0,0,0,0,0,MEDIUM,0.43,Data Access,wildcard_action + wildcard_resource
synthetic_03105,synthetic_03105_path_001,user:User1128,resource:Policy3935,2,1,1,1,0,0,0,1,0,0,0,0,CRITICAL,0.85,Privilege Escalation,policy_modification
synthetic_03106,synthetic_03106_path_001,user:698014264710,resource:Bucket9951,2,1,1,1,0,1,1,0,1,1,0,0,CRITICAL,0.88,Lateral Movement,external_trust + cross_account
synthetic_03107,synthetic_03107_path_001,user:User1316,resource:Bucket2317,2,1,1,1,0,1,1,0,0,0,0,0,MEDIUM,0.43,Data Access,wildcard_action + wildcard_resource
synthetic_03108,synthetic_03108_path_001,user:050049332672,resource:Bucket5581,2,1,1,1,0,1,1,0,1,1,0,0,CRITICAL,0.88,Lateral Movement,external_trust + cross_account
synthetic_03109,synthetic_03109_path_001,user:User8218,resource:Bucket5565,2,1,1,1,0,0,0,0,0,0,0,0,LOW,0.15,Data Access,read_only_access
synthetic_03110,synthetic_03110_path_001,user:083906540259,resource:Bucket2781,2,1,1,1,0,1,1,0,1,1,0,0,CRITICAL,0.88,Lateral Movement,external_trust + cross_account
synthetic_03111,synthetic_03111_path_001,user:User3588,resource:Bucket3952,2,1,1,1,0,1,1,0,0,0,0,0,MEDIUM,0.43,Data Access,wildcard_action + wildcard_resource
synthetic_03112,synthetic_03112_path_001,user:User7350,resource:Bucket6702,2,1,1,1,0,0,0,0,0,0,0,0,LOW,0.15,Data Access,read_only_access
synthetic_03113,synthetic_03113_path_001,user:User8032,role:AdminRole3055,2,2,1,1,1,0,0,0,0,0,0,0,HIGH,0.68,Lateral Movement,pass_role + assume_role_chain
synthetic_03114,synthetic_03114_path_001,user:User7877,resource:Policy7473,2,1,1,1,0,0,0,1,0,0,0,0,CRITICAL,0.85,Privilege Escalation,policy_modification
synthetic_03115,synthetic_03115_path_001,user:User3723,resource:Bucket6831,2,1,1,1,0,0,0,0,0,0,0,0,LOW,0.15,Data Access,read_only_access
synthetic_03116,synthetic_03116_path_001,user:User7121,role:AdminRole8416,2,2,1,1,1,0,0,0,0,0,0,0,HIGH,0.68,Lateral Movement,pass_role + assume_role_chain
synthetic_03117,synthetic_03117_path_001,user:User9284,resource:Bucket1045,4,3,1,1,0,0,1,0,0,0,0,0,HIGH,0.68,Lateral Movement,assume_role_chain + long_privilege_escalation_chain
synthetic_03118,synthetic_03118_path_001,user:partner-1355,resource:Secret1730,2,1,1,1,0,0,0,0,1,0,1,0,CRITICAL,0.85,Data Access,external_trust
synthetic_03119,synthetic_03119_path_001,user:User3814,role:AdminRole3718,2,2,1,1,1,0,0,0,0,0,0,0,HIGH,0.68,Lateral Movement,pass_role + assume_role_chain
synthetic_03120,synthetic_03120_path_001,user:User2273,resource:Bucket5903,2,1,1,1,0,0,0,0,0,0,0,0,LOW,0.15,Data Access,read_only_access
synthetic_03121,synthetic_03121_path_001,user:User1566,resource:Bucket3840,2,1,1,1,0,1,1,0,0,0,0,0,MEDIUM,0.43,Data Access,wildcard_action + wildcard_resource
synthetic_03122,synthetic_03122_path_001,user:User3839,resource:Bucket3748,2,1,1,1,0,0,0,0,0,0,0,0,LOW,0.15,Data Access,read_only_access
synthetic_03123,synthetic_03123_path_001,user:User7131,resource:Bucket6636,2,1,1,1,0,0,0,0,0,0,0,0,LOW,0.15,Data Access,read_only_access
synthetic_03124,synthetic_03124_path_001,user:354503698884,resource:Bucket4172,2,1,1,1,0,1,1,0,1,1,0,0,CRITICAL,0.88,Lateral Movement,external_trust + cross_account
synthetic_03125,synthetic_03125_path_001,user:User5035,resource:Bucket3674,2,1,1,1,0,0,0,0,0,0,0,0,LOW,0.15,Data Access,read_only_access
synthetic_03126,synthetic_03126_path_001,user:partner-1436,resource:Secret9820,2,1,1,1,0,0,0,0,1,0,1,0,CRITICAL,0.85,Data Access,external_trust
synthetic_03127,synthetic_03127_path_001,user:User5414,resource:Bucket2482,2,1,1,1,0,0,0,0,0,0,0,0,LOW,0.15,Data Access,read_only_access
synthetic_03128,synthetic_03128_path_001,user:partner-7435,resource:Secret3193,2,1,1,1,0,0,0,0,1,0,1,0,CRITICAL,0.85,Data Access,external_trust
synthetic_03129,synthetic_03129_path_001,user:User9133,resource:Bucket4245,2,1,1,1,0,0,0,0,0,0,0,0,LOW,0.15,Data Access,read_only_access
synthetic_03130,synthetic_03130_path_001,user:User7089,resource:Bucket3622,2,1,1,1,0,1,1,0,0,0,0,0,MEDIUM,0.43,Data Access,wildcard_action + wildcard_resource
synthetic_03131,synthetic_03131_path_001,user:User5394,resource:Bucket4328,2,1,1,1,0,0,0,0,0,0,0,0,LOW,0.15,Data Access,read_only_access
synthetic_03132,synthetic_03132_path_001,user:User2602,resource:Bucket3962,2,1,1,1,0,1,1,0,0,0,0,1,CRITICAL,0.85,Privilege Escalation,admin_permission
synthetic_03133,synthetic_03133_path_001,user:User2636,resource:Bucket7566,4,3,1,1,0,0,1,0,0,0,0,0,HIGH,0.68,Lateral Movement,assume_role_chain + long_privilege_escalation_chain
synthetic_03134,synthetic_03134_path_001,user:User8757,resource:Bucket3476,2,1,1,1,0,1,1,0,0,0,0,1,CRITICAL,0.85,Privilege Escalation,admin_permission
synthetic_03135,synthetic_03135_path_001,user:User3324,resource:Bucket7975,2,1,1,1,0,0,0,0,0,0,0,0,LOW,0.15,Data Access,read_only_access
synthetic_03136,synthetic_03136_path_001,user:partner-1433,resource:Secret3594,2,1,1,1,0,0,0,0,1,0,1,0,CRITICAL,0.85,Data Access,external_trust
synthetic_03137,synthetic_03137_path_001,user:User5431,resource:Policy4130,2,1,1,1,0,0,0,1,0,0,0,0,CRITICAL,0.85,Privilege Escalation,policy_modification
synthetic_03138,synthetic_03138_path_001,user:User6797,resource:Bucket6437,2,1,1,1,0,0,0,0,0,0,0,0,LOW,0.15,Data Access,read_only_access
synthetic_03139,synthetic_03139_path_001,user:User4438,resource:Bucket2644,2,1,1,1,0,0,0,0,0,0,0,0,LOW,0.15,Data Access,read_only_access
synthetic_03140,synthetic_03140_path_001,user:User1808,resource:Table8948,3,2,1,1,0,0,0,0,0,0,0,0,HIGH,0.65,Lateral Movement,assume_role_chain
synthetic_03141,synthetic_03141_path_001,user:724792542218,resource:Bucket4870,2,1,1,1,0,1,1,0,1,1,0,0,CRITICAL,0.88,Lateral Movement,external_trust + cross_account
synthetic_03142,synthetic_03142_path_001,user:192048770676,resource:Bucket4423,2,1,1,1,0,1,1,0,1,1,0,0,CRITICAL,0.88,Lateral Movement,external_trust + cross_account
synthetic_03143,synthetic_03143_path_001,user:User8045,role:AdminRole2560,2,2,1,1,1,0,0,0,0,0,0,0,HIGH,0.68,Lateral Movement,pass_role + assume_role_chain
synthetic_03144,synthetic_03144_path_001,user:User1936,resource:Bucket6575,2,1,1,1,0,1,1,0,0,0,0,0,MEDIUM,0.43,Data Access,wildcard_action + wildcard_resource
synthetic_03145,synthetic_03145_path_001,user:User9515,resource:Bucket9248,2,1,1,1,0,1,1,0,0,0,0,0,MEDIUM,0.43,Data Access,wildcard_action + wildcard_resource
synthetic_03146,synthetic_03146_path_001,user:User3814,resource:Bucket3211,4,3,1,1,0,0,1,0,0,0,0,0,HIGH,0.68,Lateral Movement,assume_role_chain + long_privilege_escalation_chain
synthetic_03147,synthetic_03147_path_001,user:User5360,resource:Bucket3757,4,3,1,1,0,0,1,0,0,0,0,0,HIGH,0.68,Lateral Movement,assume_role_chain + long_privilege_escalation_chain
synthetic_03148,synthetic_03148_path_001,user:User6224,resource:Policy2313,2,1,1,1,0,0,0,1,0,0,0,0,CRITICAL,0.85,Privilege Escalation,policy_modification
synthetic_03149,synthetic_03149_path_001,user:User3828,role:AdminRole6740,2,2,1,1,1,0,0,0,0,0,0,0,HIGH,0.68,Lateral Movement,pass_role + assume_role_chain
synthetic_03150,synthetic_03150_path_001,user:User2741,resource:Bucket4004,2,1,1,1,0,0,0,0,0,0,0,0,LOW,0.15,Data Access,read_only_access
synthetic_03151,synthetic_03151_path_001,user:partner-5913,resource:Secret3819,2,1,1,1,0,0,0,0,1,0,1,0,CRITICAL,0.85,Data Access,external_trust
synthetic_03152,synthetic_03152_path_001,user:User5127,role:AdminRole1208,2,2,1,1,1,0,0,0,0,0,0,0,HIGH,0.68,Lateral Movement,pass_role + assume_role_chain
synthetic_03153,synthetic_03153_path_001,user:User3777,resource:Bucket5025,2,1,1,1,0,0,0,0,0,0,0,0,LOW,0.15,Data Access,read_only_access
synthetic_03154,synthetic_03154_path_001,user:User3867,role:AdminRole1220,2,2,1,1,1,0,0,0,0,0,0,0,HIGH,0.68,Lateral Movement,pass_role + assume_role_chain
synthetic_03155,synthetic_03155_path_001,user:User7840,role:AdminRole3789,2,2,1,1,1,0,0,0,0,0,0,0,HIGH,0.68,Lateral Movement,pass_role + assume_role_chain
synthetic_03156,synthetic_03156_path_001,user:User8264,resource:Policy3201,2,1,1,1,0,0,0,1,0,0,0,0,CRITICAL,0.85,Privilege Escalation,policy_modification
synthetic_03157,synthetic_03157_path_001,user:User6614,resource:Bucket6919,2,1,1,1,0,0,0,0,0,0,0,0,LOW,0.15,Data Access,read_only_access
synthetic_03158,synthetic_03158_path_001,user:User5670,resource:Bucket1307,2,1,1,1,0,0,0,0,0,0,0,0,LOW,0.15,Data Access,read_only_access
synthetic_03159,synthetic_03159_path_001,user:User2382,resource:Bucket4289,4,3,1,1,0,0,1,0,0,0,0,0,HIGH,0.68,Lateral Movement,assume_role_chain + long_privilege_escalation_chain
synthetic_03160,synthetic_03160_path_001,user:User8596,resource:Bucket2422,2,1,1,1,0,1,1,0,0,0,0,0,MEDIUM,0.43,Data Access,wildcard_action + wildcard_resource
synthetic_03161,synthetic_03161_path_001,user:User1766,resource:Bucket1348,2,1,1,1,0,0,0,0,0,0,0,0,LOW,0.15,Data Access,read_only_access
synthetic_03162,synthetic_03162_path_001,user:User6248,resource:Table7557,3,2,1,1,0,0,0,0,0,0,0,0,HIGH,0.65,Lateral Movement,assume_role_chain
synthetic_03163,synthetic_03163_path_001,user:User7848,resource:Bucket8766,2,1,1,1,0,0,0,0,0,0,0,0,LOW,0.15,Data Access,read_only_access
synthetic_03164,synthetic_03164_path_001,user:User9613,resource:Bucket1169,2,1,1,1,0,1,1,0,0,0,0,0,MEDIUM,0.43,Data Access,wildcard_action + wildcard_resource
synthetic_03165,synthetic_03165_path_001,user:User4274,resource:Bucket7941,2,1,1,1,0,1,1,0,0,0,0,0,MEDIUM,0.43,Data Access,wildcard_action + wildcard_resource
synthetic_03166,synthetic_03166_path_001,user:User3402,resource:Bucket2823,2,1,1,1,0,1,1,0,0,0,0,0,MEDIUM,0.43,Data Access,wildcard_action + wildcard_resource
synthetic_03167,synthetic_03167_path_001,user:User1203,resource:Bucket5638,2,1,1,1,0,1,1,0,0,0,0,0,MEDIUM,0.43,Data Access,wildcard_action + wildcard_resource
synthetic_03168,synthetic_03168_path_001,user:User4277,resource:Bucket7374,2,1,1,1,0,0,0,0,0,0,0,0,LOW,0.15,Data Access,read_only_access
synthetic_03169,synthetic_03169_path_001,user:User4221,resource:Bucket3927,2,1,1,1,0,1,1,0,0,0,0,0,MEDIUM,0.43,Data Access,wildcard_action + wildcard_resource
synthetic_03170,synthetic_03170_path_001,user:857606349429,resource:Bucket5545,2,1,1,1,0,1,1,0,1,1,0,0,CRITICAL,0.88,Lateral Movement,external_trust + cross_account
synthetic_03171,synthetic_03171_path_001,user:User6573,resource:Bucket9382,2,1,1,1,0,1,1,0,0,0,0,0,MEDIUM,0.43,Data Access,wildcard_action + wildcard_resource
synthetic_03172,synthetic_03172_path_001,user:User9100,resource:Policy3825,2,1,1,1,0,0,0,1,0,0,0,0,CRITICAL,0.85,Privilege Escalation,policy_modification
synthetic_03173,synthetic_03173_path_001,user:User3763,resource:Bucket4591,2,1,1,1,0,0,0,0,0,0,0,0,LOW,0.15,Data Access,read_only_access
synthetic_03174,synthetic_03174_path_001,user:partner-2274,resource:Secret3756,2,1,1,1,0,0,0,0,1,0,1,0,CRITICAL,0.85,Data Access,external_trust
synthetic_03175,synthetic_03175_path_001,user:User6492,resource:Bucket9208,2,1,1,1,0,1,1,0,0,0,0,0,MEDIUM,0.43,Data Access,wildcard_action + wildcard_resource
synthetic_03176,synthetic_03176_path_001,user:User1176,role:AdminRole6880,2,2,1,1,1,0,0,0,0,0,0,0,HIGH,0.68,Lateral Movement,pass_role + assume_role_chain
synthetic_03177,synthetic_03177_path_001,user:User9782,resource:Policy4692,2,1,1,1,0,0,0,1,0,0,0,0,CRITICAL,0.85,Privilege Escalation,policy_modification
synthetic_03178,synthetic_03178_path_001,user:partner-7848,resource:Secret5601,2,1,1,1,0,0,0,0,1,0,1,0,CRITICAL,0.85,Data Access,external_trust
synthetic_03179,synthetic_03179_path_001,user:User8108,resource:Bucket2035,2,1,1,1,0,0,0,0,0,0,0,0,LOW,0.15,Data Access,read_only_access
synthetic_03180,synthetic_03180_path_001,user:User9206,resource:Bucket6127,2,1,1,1,0,1,1,0,0,0,0,0,MEDIUM,0.43,Data Access,wildcard_action + wildcard_resource
synthetic_03181,synthetic_03181_path_001,user:User5563,resource:Bucket6263,2,1,1,1,0,0,0,0,0,0,0,0,LOW,0.15,Data Access,read_only_access
synthetic_03182,synthetic_03182_path_001,user:partner-8814,resource:Secret2272,2,1,1,1,0,0,0,0,1,0,1,0,CRITICAL,0.85,Data Access,external_trust
synthetic_03183,synthetic_03183_path_001,user:User9007,resource:Bucket2537,2,1,1,1,0,0,0,0,0,0,0,0,LOW,0.15,Data Access,read_only_access
synthetic_03184,synthetic_03184_path_001,user:User9561,role:AdminRole5518,2,2,1,1,1,0,0,0,0,0,0,0,HIGH,0.68,Lateral Movement,pass_role + assume_role_chain
synthetic_03185,synthetic_03185_path_001,user:User1839,resource:Bucket7146,2,1,1,1,0,0,0,0,0,0,0,0,LOW,0.15,Data Access,read_only_access
synthetic_03186,synthetic_03186_path_001,user:User6757,resource:Table7784,3,2,1,1,0,0,0,0,0,0,0,0,HIGH,0.65,Lateral Movement,assume_role_chain
synthetic_03187,synthetic_03187_path_001,user:User3152,resource:Policy4831,2,1,1,1,0,0,0,1,0,0,0,0,CRITICAL,0.85,Privilege Escalation,policy_modification
synthetic_03188,synthetic_03188_path_001,user:154185899002,resource:Bucket8788,2,1,1,1,0,1,1,0,1,1,0,0,CRITICAL,0.88,Lateral Movement,external_trust + cross_account
synthetic_03189,synthetic_03189_path_001,user:partner-6047,resource:Secret1671,2,1,1,1,0,0,0,0,1,0,1,0,CRITICAL,0.85,Data Access,external_trust
synthetic_03190,synthetic_03190_path_001,user:User4869,resource:Bucket7748,2,1,1,1,0,0,0,0,0,0,0,0,LOW,0.15,Data Access,read_only_access
synthetic_03191,synthetic_03191_path_001,user:337469833067,resource:Bucket4456,2,1,1,1,0,1,1,0,1,1,0,0,CRITICAL,0.88,Lateral Movement,external_trust + cross_account
synthetic_03192,synthetic_03192_path_001,user:User2970,resource:Bucket4004,4,3,1,1,0,0,1,0,0,0,0,0,HIGH,0.68,Lateral Movement,assume_role_chain + long_privilege_escalation_chain
synthetic_03193,synthetic_03193_path_001,user:User5607,resource:Bucket1264,2,1,1,1,0,1,1,0,0,0,0,0,MEDIUM,0.43,Data Access,wildcard_action + wildcard_resource
synthetic_03194,synthetic_03194_path_001,user:User6398,resource:Bucket7344,2,1,1,1,0,0,0,0,0,0,0,0,LOW,0.15,Data Access,read_only_access
synthetic_03195,synthetic_03195_path_001,user:User5991,resource:Bucket9438,2,1,1,1,0,1,1,0,0,0,0,0,MEDIUM,0.43,Data Access,wildcard_action + wildcard_resource
synthetic_03196,synthetic_03196_path_001,user:User6159,resource:Bucket3261,4,3,1,1,0,0,1,0,0,0,0,0,HIGH,0.68,Lateral Movement,assume_role_chain + long_privilege_escalation_chain
synthetic_03197,synthetic_03197_path_001,user:User5298,resource:Bucket2273,2,1,1,1,0,1,1,0,0,0,0,0,MEDIUM,0.43,Data Access,wildcard_action + wildcard_resource
synthetic_03198,synthetic_03198_path_001,user:User4374,resource:Bucket2002,2,1,1,1,0,1,1,0,0,0,0,0,MEDIUM,0.43,Data Access,wildcard_action + wildcard_resource
synthetic_03199,synthetic_03199_path_001,user:User1242,resource:Bucket4140,2,1,1,1,0,0,0,0,0,0,0,0,LOW,0.15,Data Access,read_only_access
synthetic_03200,synthetic_03200_path_001,user:User9790,resource:Bucket9036,2,1,1,1,0,1,1,0,0,0,0,1,CRITICAL,0.85,Privilege Escalation,admin_permission
synthetic_03201,synthetic_03201_path_001,user:User4343,resource:Bucket8496,4,3,1,1,0,0,1,0,0,0,0,0,HIGH,0.68,Lateral Movement,assume_role_chain + long_privilege_escalation_chain
synthetic_03202,synthetic_03202_path_001,user:User5299,resource:Policy7639,2,1,1,1,0,0,0,1,0,0,0,0,CRITICAL,0.85,Privilege Escalation,policy_modification
synthetic_03203,synthetic_03203_path_001,user:User9774,resource:Bucket2427,2,1,1,1,0,0,0,0,0,0,0,0,LOW,0.15,Data Access,read_only_access
synthetic_03204,synthetic_03204_path_001,user:User1315,resource:Table6878,3,2,1,1,0,0,0,0,0,0,0,0,HIGH,0.65,Lateral Movement,assume_role_chain
synthetic_03205,synthetic_03205_path_001,user:partner-7857,resource:Secret1438,2,1,1,1,0,0,0,0,1,0,1,0,CRITICAL,0.85,Data Access,external_trust
synthetic_03206,synthetic_03206_path_001,user:User6570,resource:Bucket8195,2,1,1,1,0,0,0,0,0,0,0,0,LOW,0.15,Data Access,read_only_access
synthetic_03207,synthetic_03207_path_001,user:User9691,resource:Bucket5449,2,1,1,1,0,1,1,0,0,0,0,0,MEDIUM,0.43,Data Access,wildcard_action + wildcard_resource
synthetic_03208,synthetic_03208_path_001,user:partner-1889,resource:Secret2234,2,1,1,1,0,0,0,0,1,0,1,0,CRITICAL,0.85,Data Access,external_trust
synthetic_03209,synthetic_03209_path_001,user:User9224,resource:Bucket7330,2,1,1,1,0,1,1,0,0,0,0,0,MEDIUM,0.43,Data Access,wildcard_action + wildcard_resource
synthetic_03210,synthetic_03210_path_001,user:User2866,resource:Bucket9645,2,1,1,1,0,0,0,0,0,0,0,0,LOW,0.15,Data Access,read_only_access
synthetic_03211,synthetic_03211_path_001,user:User5138,resource:Table2526,3,2,1,1,0,0,0,0,0,0,0,0,HIGH,0.65,Lateral Movement,assume_role_chain
synthetic_03212,synthetic_03212_path_001,user:User4272,resource:Bucket1759,2,1,1,1,0,1,1,0,0,0,0,0,MEDIUM,0.43,Data Access,wildcard_action + wildcard_resource
synthetic_03213,synthetic_03213_path_001,user:264070308808,resource:Bucket8442,2,1,1,1,0,1,1,0,1,1,0,0,CRITICAL,0.88,Lateral Movement,external_trust + cross_account
synthetic_03214,synthetic_03214_path_001,user:User7793,role:AdminRole5849,2,2,1,1,1,0,0,0,0,0,0,0,HIGH,0.68,Lateral Movement,pass_role + assume_role_chain
synthetic_03215,synthetic_03215_path_001,user:User9627,resource:Policy1494,2,1,1,1,0,0,0,1,0,0,0,0,CRITICAL,0.85,Privilege Escalation,policy_modification
synthetic_03216,synthetic_03216_path_001,user:User9317,resource:Bucket4012,2,1,1,1,0,0,0,0,0,0,0,0,LOW,0.15,Data Access,read_only_access
synthetic_03217,synthetic_03217_path_001,user:User9844,resource:Bucket7930,2,1,1,1,0,0,0,0,0,0,0,0,LOW,0.15,Data Access,read_only_access
synthetic_03218,synthetic_03218_path_001,user:User8737,resource:Bucket7421,2,1,1,1,0,0,0,0,0,0,0,0,LOW,0.15,Data Access,read_only_access
synthetic_03219,synthetic_03219_path_001,user:User3186,resource:Bucket4933,2,1,1,1,0,0,0,0,0,0,0,0,LOW,0.15,Data Access,read_only_access
synthetic_03220,synthetic_03220_path_001,user:User3870,resource:Table5334,3,2,1,1,0,0,0,0,0,0,0,0,HIGH,0.65,Lateral Movement,assume_role_chain
synthetic_03221,synthetic_03221_path_001,user:User4577,resource:Bucket7250,2,1,1,1,0,1,1,0,0,0,0,0,MEDIUM,0.43,Data Access,wildcard_action + wildcard_resource
synthetic_03222,synthetic_03222_path_001,user:User8938,resource:Bucket2330,2,1,1,1,0,1,1,0,0,0,0,1,CRITICAL,0.85,Privilege Escalation,admin_permission
synthetic_03223,synthetic_03223_path_001,user:User3336,resource:Bucket4521,4,3,1,1,0,0,1,0,0,0,0,0,HIGH,0.68,Lateral Movement,assume_role_chain + long_privilege_escalation_chain
synthetic_03224,synthetic_03224_path_001,user:User3559,resource:Bucket8512,2,1,1,1,0,0,0,0,0,0,0,0,LOW,0.15,Data Access,read_only_access
synthetic_03225,synthetic_03225_path_001,user:User5362,resource:Bucket7636,2,1,1,1,0,0,0,0,0,0,0,0,LOW,0.15,Data Access,read_only_access
synthetic_03226,synthetic_03226_path_001,user:User8354,resource:Bucket3160,2,1,1,1,0,1,1,0,0,0,0,0,MEDIUM,0.43,Data Access,wildcard_action + wildcard_resource
synthetic_03227,synthetic_03227_path_001,user:User6051,resource:Bucket6766,2,1,1,1,0,1,1,0,0,0,0,0,MEDIUM,0.43,Data Access,wildcard_action + wildcard_resource
synthetic_03228,synthetic_03228_path_001,user:partner-5191,resource:Secret2296,2,1,1,1,0,0,0,0,1,0,1,0,CRITICAL,0.85,Data Access,external_trust
synthetic_03229,synthetic_03229_path_001,user:partner-5561,resource:Secret4982,2,1,1,1,0,0,0,0,1,0,1,0,CRITICAL,0.85,Data Access,external_trust
synthetic_03230,synthetic_03230_path_001,user:User9356,resource:Policy3406,2,1,1,1,0,0,0,1,0,0,0,0,CRITICAL,0.85,Privilege Escalation,policy_modification
synthetic_03231,synthetic_03231_path_001,user:User8401,resource:Policy5075,2,1,1,1,0,0,0,1,0,0,0,0,CRITICAL,0.85,Privilege Escalation,policy_modification
synthetic_03232,synthetic_03232_path_001,user:User7554,resource:Bucket3494,2,1,1,1,0,1,1,0,0,0,0,1,CRITICAL,0.85,Privilege Escalation,admin_permission
synthetic_03233,synthetic_03233_path_001,user:User7244,resource:Bucket8595,2,1,1,1,0,1,1,0,0,0,0,0,MEDIUM,0.43,Data Access,wildcard_action + wildcard_resource
synthetic_03234,synthetic_03234_path_001,user:User7108,resource:Bucket8939,2,1,1,1,0,0,0,0,0,0,0,0,LOW,0.15,Data Access,read_only_access
synthetic_03235,synthetic_03235_path_001,user:User5203,resource:Bucket9592,2,1,1,1,0,0,0,0,0,0,0,0,LOW,0.15,Data Access,read_only_access
synthetic_03236,synthetic_03236_path_001,user:User3110,resource:Bucket7288,2,1,1,1,0,1,1,0,0,0,0,1,CRITICAL,0.85,Privilege Escalation,admin_permission
synthetic_03237,synthetic_03237_path_001,user:User7687,resource:Bucket4098,2,1,1,1,0,1,1,0,0,0,0,1,CRITICAL,0.85,Privilege Escalation,admin_permission
synthetic_03238,synthetic_03238_path_001,user:User3528,resource:Bucket5062,2,1,1,1,0,1,1,0,0,0,0,1,CRITICAL,0.85,Privilege Escalation,admin_permission
synthetic_03239,synthetic_03239_path_001,user:User8822,role:AdminRole9433,2,2,1,1,1,0,0,0,0,0,0,0,HIGH,0.68,Lateral Movement,pass_role + assume_role_chain
synthetic_03240,synthetic_03240_path_001,user:User9117,resource:Bucket4068,2,1,1,1,0,1,1,0,0,0,0,0,MEDIUM,0.43,Data Access,wildcard_action + wildcard_resource
synthetic_03241,synthetic_03241_path_001,user:User5047,resource:Bucket9604,2,1,1,1,0,1,1,0,0,0,0,0,MEDIUM,0.43,Data Access,wildcard_action + wildcard_resource
synthetic_03242,synthetic_03242_path_001,user:User5120,resource:Bucket2567,2,1,1,1,0,1,1,0,0,0,0,1,CRITICAL,0.85,Privilege Escalation,admin_permission
synthetic_03243,synthetic_03243_path_001,user:User4106,role:AdminRole3535,2,2,1,1,1,0,0,0,0,0,0,0,HIGH,0.68,Lateral Movement,pass_role + assume_role_chain
synthetic_03244,synthetic_03244_path_001,user:User7593,resource:Bucket1480,2,1,1,1,0,1,1,0,0,0,0,1,CRITICAL,0.85,Privilege Escalation,admin_permission
synthetic_03245,synthetic_03245_path_001,user:User8641,resource:Bucket3405,2,1,1,1,0,1,1,0,0,0,0,0,MEDIUM,0.43,Data Access,wildcard_action + wildcard_resource
synthetic_03246,synthetic_03246_path_001,user:User4716,resource:Table2158,3,2,1,1,0,0,0,0,0,0,0,0,HIGH,0.65,Lateral Movement,assume_role_chain
synthetic_03247,synthetic_03247_path_001,user:User2936,resource:Bucket4344,2,1,1,1,0,0,0,0,0,0,0,0,LOW,0.15,Data Access,read_only_access
synthetic_03248,synthetic_03248_path_001,user:872099865642,resource:Bucket5863,2,1,1,1,0,1,1,0,1,1,0,0,CRITICAL,0.88,Lateral Movement,external_trust + cross_account
synthetic_03249,synthetic_03249_path_001,user:User3479,resource:Bucket9496,2,1,1,1,0,1,1,0,0,0,0,1,CRITICAL,0.85,Privilege Escalation,admin_permission
synthetic_03250,synthetic_03250_path_001,user:User1507,resource:Policy7989,2,1,1,1,0,0,0,1,0,0,0,0,CRITICAL,0.85,Privilege Escalation,policy_modification
synthetic_03251,synthetic_03251_path_001,user:User2676,resource:Bucket7564,2,1,1,1,0,1,1,0,0,0,0,1,CRITICAL,0.85,Privilege Escalation,admin_permission
synthetic_03252,synthetic_03252_path_001,user:User7062,resource:Bucket9748,2,1,1,1,0,1,1,0,0,0,0,1,CRITICAL,0.85,Privilege Escalation,admin_permission
synthetic_03253,synthetic_03253_path_001,user:User6971,resource:Bucket1045,2,1,1,1,0,1,1,0,0,0,0,0,MEDIUM,0.43,Data Access,wildcard_action + wildcard_resource
synthetic_03254,synthetic_03254_path_001,user:User9621,resource:Bucket6459,2,1,1,1,0,0,0,0,0,0,0,0,LOW,0.15,Data Access,read_only_access
synthetic_03255,synthetic_03255_path_001,user:partner-5757,resource:Secret6072,2,1,1,1,0,0,0,0,1,0,1,0,CRITICAL,0.85,Data Access,external_trust
synthetic_03256,synthetic_03256_path_001,user:User2974,resource:Bucket6209,2,1,1,1,0,1,1,0,0,0,0,0,MEDIUM,0.43,Data Access,wildcard_action + wildcard_resource
synthetic_03257,synthetic_03257_path_001,user:User6173,resource:Bucket2588,2,1,1,1,0,0,0,0,0,0,0,0,LOW,0.15,Data Access,read_only_access
synthetic_03258,synthetic_03258_path_001,user:User4218,resource:Bucket2200,2,1,1,1,0,1,1,0,0,0,0,0,MEDIUM,0.43,Data Access,wildcard_action + wildcard_resource
synthetic_03259,synthetic_03259_path_001,user:User2411,resource:Bucket1737,2,1,1,1,0,0,0,0,0,0,0,0,LOW,0.15,Data Access,read_only_access
synthetic_03260,synthetic_03260_path_001,user:User2162,role:AdminRole9448,2,2,1,1,1,0,0,0,0,0,0,0,HIGH,0.68,Lateral Movement,pass_role + assume_role_chain
synthetic_03261,synthetic_03261_path_001,user:User4440,resource:Bucket1660,2,1,1,1,0,1,1,0,0,0,0,0,MEDIUM,0.43,Data Access,wildcard_action + wildcard_resource
synthetic_03262,synthetic_03262_path_001,user:User5815,resource:Bucket5506,2,1,1,1,0,0,0,0,0,0,0,0,LOW,0.15,Data Access,read_only_access
synthetic_03263,synthetic_03263_path_001,user:User5438,role:AdminRole8065,2,2,1,1,1,0,0,0,0,0,0,0,HIGH,0.68,Lateral Movement,pass_role + assume_role_chain
synthetic_03264,synthetic_03264_path_001,user:User9757,resource:Bucket3108,2,1,1,1,0,0,0,0,0,0,0,0,LOW,0.15,Data Access,read_only_access
synthetic_03265,synthetic_03265_path_001,user:076519170851,resource:Bucket4914,2,1,1,1,0,1,1,0,1,1,0,0,CRITICAL,0.88,Lateral Movement,external_trust + cross_account
synthetic_03266,synthetic_03266_path_001,user:User7283,resource:Bucket5190,2,1,1,1,0,1,1,0,0,0,0,0,MEDIUM,0.43,Data Access,wildcard_action + wildcard_resource
synthetic_03267,synthetic_03267_path_001,user:partner-9337,resource:Secret6641,2,1,1,1,0,0,0,0,1,0,1,0,CRITICAL,0.85,Data Access,external_trust
synthetic_03268,synthetic_03268_path_001,user:User2563,resource:Bucket5444,4,3,1,1,0,0,1,0,0,0,0,0,HIGH,0.68,Lateral Movement,assume_role_chain + long_privilege_escalation_chain
synthetic_03269,synthetic_03269_path_001,user:User2916,role:AdminRole1768,2,2,1,1,1,0,0,0,0,0,0,0,HIGH,0.68,Lateral Movement,pass_role + assume_role_chain
synthetic_03270,synthetic_03270_path_001,user:User8746,resource:Table5670,3,2,1,1,0,0,0,0,0,0,0,0,HIGH,0.65,Lateral Movement,assume_role_chain
synthetic_03271,synthetic_03271_path_001,user:User5027,resource:Bucket6103,2,1,1,1,0,0,0,0,0,0,0,0,LOW,0.15,Data Access,read_only_access
synthetic_03272,synthetic_03272_path_001,user:User1301,role:AdminRole9944,2,2,1,1,1,0,0,0,0,0,0,0,HIGH,0.68,Lateral Movement,pass_role + assume_role_chain
synthetic_03273,synthetic_03273_path_001,user:User2334,resource:Bucket1395,2,1,1,1,0,0,0,0,0,0,0,0,LOW,0.15,Data Access,read_only_access
synthetic_03274,synthetic_03274_path_001,user:partner-1653,resource:Secret9417,2,1,1,1,0,0,0,0,1,0,1,0,CRITICAL,0.85,Data Access,external_trust
synthetic_03275,synthetic_03275_path_001,user:User5566,resource:Table9751,3,2,1,1,0,0,0,0,0,0,0,0,HIGH,0.65,Lateral Movement,assume_role_chain
synthetic_03276,synthetic_03276_path_001,user:User3483,role:AdminRole6270,2,2,1,1,1,0,0,0,0,0,0,0,HIGH,0.68,Lateral Movement,pass_role + assume_role_chain
synthetic_03277,synthetic_03277_path_001,user:User6536,resource:Bucket7260,2,1,1,1,0,0,0,0,0,0,0,0,LOW,0.15,Data Access,read_only_access
synthetic_03278,synthetic_03278_path_001,user:User4337,role:AdminRole6612,2,2,1,1,1,0,0,0,0,0,0,0,HIGH,0.68,Lateral Movement,pass_role + assume_role_chain
synthetic_03279,synthetic_03279_path_001,user:User3165,resource:Bucket8674,4,3,1,1,0,0,1,0,0,0,0,0,HIGH,0.68,Lateral Movement,assume_role_chain + long_privilege_escalation_chain
synthetic_03280,synthetic_03280_path_001,user:User9310,resource:Bucket8077,2,1,1,1,0,0,0,0,0,0,0,0,LOW,0.15,Data Access,read_only_access
synthetic_03281,synthetic_03281_path_001,user:User8912,resource:Bucket2924,4,3,1,1,0,0,1,0,0,0,0,0,HIGH,0.68,Lateral Movement,assume_role_chain + long_privilege_escalation_chain
synthetic_03282,synthetic_03282_path_001,user:User2505,resource:Bucket3379,2,1,1,1,0,0,0,0,0,0,0,0,LOW,0.15,Data Access,read_only_access
synthetic_03283,synthetic_03283_path_001,user:User9800,resource:Bucket6546,2,1,1,1,0,0,0,0,0,0,0,0,LOW,0.15,Data Access,read_only_access
synthetic_03284,synthetic_03284_path_001,user:partner-4948,resource:Secret2954,2,1,1,1,0,0,0,0,1,0,1,0,CRITICAL,0.85,Data Access,external_trust
synthetic_03285,synthetic_03285_path_001,user:User8451,resource:Bucket3404,2,1,1,1,0,0,0,0,0,0,0,0,LOW,0.15,Data Access,read_only_access
synthetic_03286,synthetic_03286_path_001,user:User8706,role:AdminRole8799,2,2,1,1,1,0,0,0,0,0,0,0,HIGH,0.68,Lateral Movement,pass_role + assume_role_chain
synthetic_03287,synthetic_03287_path_001,user:User5466,resource:Bucket5563,2,1,1,1,0,1,1,0,0,0,0,0,MEDIUM,0.43,Data Access,wildcard_action + wildcard_resource
synthetic_03288,synthetic_03288_path_001,user:User1929,resource:Bucket2309,4,3,1,1,0,0,1,0,0,0,0,0,HIGH,0.68,Lateral Movement,assume_role_chain + long_privilege_escalation_chain
synthetic_03289,synthetic_03289_path_001,user:User2203,resource:Bucket4995,2,1,1,1,0,1,1,0,0,0,0,0,MEDIUM,0.43,Data Access,wildcard_action + wildcard_resource
synthetic_03290,synthetic_03290_path_001,user:partner-7348,resource:Secret3167,2,1,1,1,0,0,0,0,1,0,1,0,CRITICAL,0.85,Data Access,external_trust
synthetic_03291,synthetic_03291_path_001,user:User7159,resource:Bucket6952,2,1,1,1,0,0,0,0,0,0,0,0,LOW,0.15,Data Access,read_only_access
synthetic_03292,synthetic_03292_path_001,user:User2207,resource:Bucket3125,4,3,1,1,0,0,1,0,0,0,0,0,HIGH,0.68,Lateral Movement,assume_role_chain + long_privilege_escalation_chain
synthetic_03293,synthetic_03293_path_001,user:User8346,role:AdminRole4540,2,2,1,1,1,0,0,0,0,0,0,0,HIGH,0.68,Lateral Movement,pass_role + assume_role_chain
synthetic_03294,synthetic_03294_path_001,user:860506306636,resource:Bucket7077,2,1,1,1,0,1,1,0,1,1,0,0,CRITICAL,0.88,Lateral Movement,external_trust + cross_account
synthetic_03295,synthetic_03295_path_001,user:User2437,role:AdminRole5357,2,2,1,1,1,0,0,0,0,0,0,0,HIGH,0.68,Lateral Movement,pass_role + assume_role_chain
synthetic_03296,synthetic_03296_path_001,user:User9929,resource:Policy1179,2,1,1,1,0,0,0,1,0,0,0,0,CRITICAL,0.85,Privilege Escalation,policy_modification
synthetic_03297,synthetic_03297_path_001,user:User2937,resource:Bucket1961,2,1,1,1,0,0,0,0,0,0,0,0,LOW,0.15,Data Access,read_only_access
synthetic_03298,synthetic_03298_path_001,user:User1381,resource:Bucket6553,2,1,1,1,0,1,1,0,0,0,0,0,MEDIUM,0.43,Data Access,wildcard_action + wildcard_resource
synthetic_03299,synthetic_03299_path_001,user:User7078,resource:Bucket7007,2,1,1,1,0,1,1,0,0,0,0,1,CRITICAL,0.85,Privilege Escalation,admin_permission
synthetic_03300,synthetic_03300_path_001,user:User4058,resource:Table1811,3,2,1,1,0,0,0,0,0,0,0,0,HIGH,0.65,Lateral Movement,assume_role_chain
synthetic_03301,synthetic_03301_path_001,user:User9739,role:AdminRole1704,2,2,1,1,1,0,0,0,0,0,0,0,HIGH,0.68,Lateral Movement,pass_role + assume_role_chain
synthetic_03302,synthetic_03302_path_001,user:User8593,resource:Bucket9077,2,1,1,1,0,0,0,0,0,0,0,0,LOW,0.15,Data Access,read_only_access
synthetic_03303,synthetic_03303_path_001,user:partner-3245,resource:Secret6226,2,1,1,1,0,0,0,0,1,0,1,0,CRITICAL,0.85,Data Access,external_trust
synthetic_03304,synthetic_03304_path_001,user:User6396,resource:Bucket3037,4,3,1,1,0,0,1,0,0,0,0,0,HIGH,0.68,Lateral Movement,assume_role_chain + long_privilege_escalation_chain
synthetic_03305,synthetic_03305_path_001,user:User7378,role:AdminRole6740,2,2,1,1,1,0,0,0,0,0,0,0,HIGH,0.68,Lateral Movement,pass_role + assume_role_chain
synthetic_03306,synthetic_03306_path_001,user:User5643,role:AdminRole6409,2,2,1,1,1,0,0,0,0,0,0,0,HIGH,0.68,Lateral Movement,pass_role + assume_role_chain
synthetic_03307,synthetic_03307_path_001,user:User7654,resource:Bucket3750,2,1,1,1,0,1,1,0,0,0,0,0,MEDIUM,0.43,Data Access,wildcard_action + wildcard_resource
synthetic_03308,synthetic_03308_path_001,user:User9110,resource:Bucket6159,2,1,1,1,0,1,1,0,0,0,0,0,MEDIUM,0.43,Data Access,wildcard_action + wildcard_resource
synthetic_03309,synthetic_03309_path_001,user:User7691,resource:Bucket7881,2,1,1,1,0,0,0,0,0,0,0,0,LOW,0.15,Data Access,read_only_access
synthetic_03310,synthetic_03310_path_001,user:User8334,resource:Bucket5855,2,1,1,1,0,1,1,0,0,0,0,0,MEDIUM,0.43,Data Access,wildcard_action + wildcard_resource
synthetic_03311,synthetic_03311_path_001,user:User7653,resource:Bucket3147,2,1,1,1,0,1,1,0,0,0,0,0,MEDIUM,0.43,Data Access,wildcard_action + wildcard_resource
synthetic_03312,synthetic_03312_path_001,user:User6996,resource:Bucket6982,2,1,1,1,0,1,1,0,0,0,0,1,CRITICAL,0.85,Privilege Escalation,admin_permission
synthetic_03313,synthetic_03313_path_001,user:User1071,resource:Bucket8228,2,1,1,1,0,1,1,0,0,0,0,1,CRITICAL,0.85,Privilege Escalation,admin_permission
synthetic_03314,synthetic_03314_path_001,user:User2538,resource:Bucket7934,2,1,1,1,0,1,1,0,0,0,0,0,MEDIUM,0.43,Data Access,wildcard_action + wildcard_resource
synthetic_03315,synthetic_03315_path_001,user:User2013,resource:Bucket3112,2,1,1,1,0,1,1,0,0,0,0,0,MEDIUM,0.43,Data Access,wildcard_action + wildcard_resource
synthetic_03316,synthetic_03316_path_001,user:User5018,resource:Bucket6039,2,1,1,1,0,0,0,0,0,0,0,0,LOW,0.15,Data Access,read_only_access
synthetic_03317,synthetic_03317_path_001,user:User5328,resource:Bucket6240,4,3,1,1,0,0,1,0,0,0,0,0,HIGH,0.68,Lateral Movement,assume_role_chain + long_privilege_escalation_chain
synthetic_03318,synthetic_03318_path_001,user:User3017,resource:Bucket7518,4,3,1,1,0,0,1,0,0,0,0,0,HIGH,0.68,Lateral Movement,assume_role_chain + long_privilege_escalation_chain
synthetic_03319,synthetic_03319_path_001,user:User4519,resource:Bucket3016,4,3,1,1,0,0,1,0,0,0,0,0,HIGH,0.68,Lateral Movement,assume_role_chain + long_privilege_escalation_chain
synthetic_03320,synthetic_03320_path_001,user:User9108,resource:Bucket9961,4,3,1,1,0,0,1,0,0,0,0,0,HIGH,0.68,Lateral Movement,assume_role_chain + long_privilege_escalation_chain
synthetic_03321,synthetic_03321_path_001,user:User4043,resource:Bucket8835,2,1,1,1,0,1,1,0,0,0,0,0,MEDIUM,0.43,Data Access,wildcard_action + wildcard_resource
synthetic_03322,synthetic_03322_path_001,user:User1097,resource:Bucket4041,2,1,1,1,0,1,1,0,0,0,0,0,MEDIUM,0.43,Data Access,wildcard_action + wildcard_resource
synthetic_03323,synthetic_03323_path_001,user:User9009,resource:Bucket4555,2,1,1,1,0,1,1,0,0,0,0,0,MEDIUM,0.43,Data Access,wildcard_action + wildcard_resource
synthetic_03324,synthetic_03324_path_001,user:User8848,resource:Bucket7633,4,3,1,1,0,0,1,0,0,0,0,0,HIGH,0.68,Lateral Movement,assume_role_chain + long_privilege_escalation_chain
synthetic_03325,synthetic_03325_path_001,user:User3185,resource:Bucket4933,2,1,1,1,0,0,0,0,0,0,0,0,LOW,0.15,Data Access,read_only_access
synthetic_03326,synthetic_03326_path_001,user:769924277392,resource:Bucket9764,2,1,1,1,0,1,1,0,1,1,0,0,CRITICAL,0.88,Lateral Movement,external_trust + cross_account
synthetic_03327,synthetic_03327_path_001,user:User3987,resource:Bucket2538,2,1,1,1,0,0,0,0,0,0,0,0,LOW,0.15,Data Access,read_only_access
synthetic_03328,synthetic_03328_path_001,user:User4094,resource:Bucket3870,2,1,1,1,0,1,1,0,0,0,0,0,MEDIUM,0.43,Data Access,wildcard_action + wildcard_resource
synthetic_03329,synthetic_03329_path_001,user:User5864,resource:Bucket2156,2,1,1,1,0,0,0,0,0,0,0,0,LOW,0.15,Data Access,read_only_access
synthetic_03330,synthetic_03330_path_001,user:User6429,resource:Table6378,3,2,1,1,0,0,0,0,0,0,0,0,HIGH,0.65,Lateral Movement,assume_role_chain
synthetic_03331,synthetic_03331_path_001,user:User6604,resource:Policy7373,2,1,1,1,0,0,0,1,0,0,0,0,CRITICAL,0.85,Privilege Escalation,policy_modification
synthetic_03332,synthetic_03332_path_001,user:User2137,resource:Bucket4623,2,1,1,1,0,1,1,0,0,0,0,0,MEDIUM,0.43,Data Access,wildcard_action + wildcard_resource
synthetic_03333,synthetic_03333_path_001,user:User7444,resource:Bucket3535,4,3,1,1,0,0,1,0,0,0,0,0,HIGH,0.68,Lateral Movement,assume_role_chain + long_privilege_escalation_chain
synthetic_03334,synthetic_03334_path_001,user:User3466,resource:Bucket8658,4,3,1,1,0,0,1,0,0,0,0,0,HIGH,0.68,Lateral Movement,assume_role_chain + long_privilege_escalation_chain
synthetic_03335,synthetic_03335_path_001,user:User7785,resource:Bucket1553,2,1,1,1,0,1,1,0,0,0,0,1,CRITICAL,0.85,Privilege Escalation,admin_permission
synthetic_03336,synthetic_03336_path_001,user:User1463,resource:Bucket6922,4,3,1,1,0,0,1,0,0,0,0,0,HIGH,0.68,Lateral Movement,assume_role_chain + long_privilege_escalation_chain
synthetic_03337,synthetic_03337_path_001,user:partner-6489,resource:Secret3776,2,1,1,1,0,0,0,0,1,0,1,0,CRITICAL,0.85,Data Access,external_trust
synthetic_03338,synthetic_03338_path_001,user:User2389,resource:Table5874,3,2,1,1,0,0,0,0,0,0,0,0,HIGH,0.65,Lateral Movement,assume_role_chain
synthetic_03339,synthetic_03339_path_001,user:User3167,resource:Bucket8116,4,3,1,1,0,0,1,0,0,0,0,0,HIGH,0.68,Lateral Movement,assume_role_chain + long_privilege_escalation_chain
synthetic_03340,synthetic_03340_path_001,user:User8429,resource:Bucket3256,2,1,1,1,0,0,0,0,0,0,0,0,LOW,0.15,Data Access,read_only_access
synthetic_03341,synthetic_03341_path_001,user:200363856461,resource:Bucket8337,2,1,1,1,0,1,1,0,1,1,0,0,CRITICAL,0.88,Lateral Movement,external_trust + cross_account
synthetic_03342,synthetic_03342_path_001,user:User4422,resource:Bucket9564,2,1,1,1,0,1,1,0,0,0,0,0,MEDIUM,0.43,Data Access,wildcard_action + wildcard_resource
synthetic_03343,synthetic_03343_path_001,user:User9874,role:AdminRole2267,2,2,1,1,1,0,0,0,0,0,0,0,HIGH,0.68,Lateral Movement,pass_role + assume_role_chain
synthetic_03344,synthetic_03344_path_001,user:User9291,resource:Bucket1563,2,1,1,1,0,1,1,0,0,0,0,0,MEDIUM,0.43,Data Access,wildcard_action + wildcard_resource
synthetic_03345,synthetic_03345_path_001,user:User4400,resource:Policy7831,2,1,1,1,0,0,0,1,0,0,0,0,CRITICAL,0.85,Privilege Escalation,policy_modification
synthetic_03346,synthetic_03346_path_001,user:User3159,resource:Bucket5214,2,1,1,1,0,0,0,0,0,0,0,0,LOW,0.15,Data Access,read_only_access
synthetic_03347,synthetic_03347_path_001,user:User9979,resource:Bucket2222,2,1,1,1,0,0,0,0,0,0,0,0,LOW,0.15,Data Access,read_only_access
synthetic_03348,synthetic_03348_path_001,user:User6561,resource:Bucket5120,2,1,1,1,0,1,1,0,0,0,0,0,MEDIUM,0.43,Data Access,wildcard_action + wildcard_resource
synthetic_03349,synthetic_03349_path_001,user:User8379,resource:Bucket3676,2,1,1,1,0,0,0,0,0,0,0,0,LOW,0.15,Data Access,read_only_access
synthetic_03350,synthetic_03350_path_001,user:User9700,role:AdminRole9154,2,2,1,1,1,0,0,0,0,0,0,0,HIGH,0.68,Lateral Movement,pass_role + assume_role_chain
synthetic_03351,synthetic_03351_path_001,user:User3647,resource:Bucket7515,2,1,1,1,0,1,1,0,0,0,0,0,MEDIUM,0.43,Data Access,wildcard_action + wildcard_resource
synthetic_03352,synthetic_03352_path_001,user:User9211,resource:Policy3315,2,1,1,1,0,0,0,1,0,0,0,0,CRITICAL,0.85,Privilege Escalation,policy_modification
synthetic_03353,synthetic_03353_path_001,user:User9946,resource:Bucket1947,2,1,1,1,0,1,1,0,0,0,0,0,MEDIUM,0.43,Data Access,wildcard_action + wildcard_resource
synthetic_03354,synthetic_03354_path_001,user:User1810,resource:Bucket2262,2,1,1,1,0,1,1,0,0,0,0,0,MEDIUM,0.43,Data Access,wildcard_action + wildcard_resource
synthetic_03355,synthetic_03355_path_001,user:User7566,resource:Table9789,3,2,1,1,0,0,0,0,0,0,0,0,HIGH,0.65,Lateral Movement,assume_role_chain
synthetic_03356,synthetic_03356_path_001,user:User5440,resource:Bucket1401,2,1,1,1,0,1,1,0,0,0,0,1,CRITICAL,0.85,Privilege Escalation,admin_permission
synthetic_03357,synthetic_03357_path_001,user:User5412,resource:Bucket4158,2,1,1,1,0,1,1,0,0,0,0,0,MEDIUM,0.43,Data Access,wildcard_action + wildcard_resource
synthetic_03358,synthetic_03358_path_001,user:User8287,role:AdminRole4298,2,2,1,1,1,0,0,0,0,0,0,0,HIGH,0.68,Lateral Movement,pass_role + assume_role_chain
synthetic_03359,synthetic_03359_path_001,user:User2955,resource:Bucket9896,2,1,1,1,0,1,1,0,0,0,0,0,MEDIUM,0.43,Data Access,wildcard_action + wildcard_resource
synthetic_03360,synthetic_03360_path_001,user:User7566,resource:Bucket1121,2,1,1,1,0,0,0,0,0,0,0,0,LOW,0.15,Data Access,read_only_access
synthetic_03361,synthetic_03361_path_001,user:User6220,resource:Bucket9299,2,1,1,1,0,1,1,0,0,0,0,0,MEDIUM,0.43,Data Access,wildcard_action + wildcard_resource
synthetic_03362,synthetic_03362_path_001,user:User9564,resource:Bucket6283,2,1,1,1,0,1,1,0,0,0,0,0,MEDIUM,0.43,Data Access,wildcard_action + wildcard_resource
synthetic_03363,synthetic_03363_path_001,user:User3820,resource:Bucket8704,2,1,1,1,0,1,1,0,0,0,0,0,MEDIUM,0.43,Data Access,wildcard_action + wildcard_resource
synthetic_03364,synthetic_03364_path_001,user:User7331,resource:Bucket8313,2,1,1,1,0,0,0,0,0,0,0,0,LOW,0.15,Data Access,read_only_access
synthetic_03365,synthetic_03365_path_001,user:User3175,role:AdminRole1941,2,2,1,1,1,0,0,0,0,0,0,0,HIGH,0.68,Lateral Movement,pass_role + assume_role_chain
synthetic_03366,synthetic_03366_path_001,user:User7794,resource:Bucket6781,2,1,1,1,0,1,1,0,0,0,0,0,MEDIUM,0.43,Data Access,wildcard_action + wildcard_resource
synthetic_03367,synthetic_03367_path_001,user:User5205,resource:Bucket5260,2,1,1,1,0,0,0,0,0,0,0,0,LOW,0.15,Data Access,read_only_access
synthetic_03368,synthetic_03368_path_001,user:User4304,resource:Bucket9671,2,1,1,1,0,0,0,0,0,0,0,0,LOW,0.15,Data Access,read_only_access
synthetic_03369,synthetic_03369_path_001,user:User4823,role:AdminRole8699,2,2,1,1,1,0,0,0,0,0,0,0,HIGH,0.68,Lateral Movement,pass_role + assume_role_chain
synthetic_03370,synthetic_03370_path_001,user:User2040,resource:Policy1325,2,1,1,1,0,0,0,1,0,0,0,0,CRITICAL,0.85,Privilege Escalation,policy_modification
synthetic_03371,synthetic_03371_path_001,user:User5887,resource:Bucket3521,2,1,1,1,0,0,0,0,0,0,0,0,LOW,0.15,Data Access,read_only_access
synthetic_03372,synthetic_03372_path_001,user:User6452,resource:Bucket9856,2,1,1,1,0,0,0,0,0,0,0,0,LOW,0.15,Data Access,read_only_access
synthetic_03373,synthetic_03373_path_001,user:partner-5554,resource:Secret4483,2,1,1,1,0,0,0,0,1,0,1,0,CRITICAL,0.85,Data Access,external_trust
synthetic_03374,synthetic_03374_path_001,user:User8098,role:AdminRole8792,2,2,1,1,1,0,0,0,0,0,0,0,HIGH,0.68,Lateral Movement,pass_role + assume_role_chain
synthetic_03375,synthetic_03375_path_001,user:User8978,role:AdminRole5468,2,2,1,1,1,0,0,0,0,0,0,0,HIGH,0.68,Lateral Movement,pass_role + assume_role_chain
synthetic_03376,synthetic_03376_path_001,user:User3504,resource:Bucket2794,2,1,1,1,0,1,1,0,0,0,0,0,MEDIUM,0.43,Data Access,wildcard_action + wildcard_resource
synthetic_03377,synthetic_03377_path_001,user:User9628,role:AdminRole5895,2,2,1,1,1,0,0,0,0,0,0,0,HIGH,0.68,Lateral Movement,pass_role + assume_role_chain
synthetic_03378,synthetic_03378_path_001,user:User1692,resource:Bucket4352,2,1,1,1,0,1,1,0,0,0,0,0,MEDIUM,0.43,Data Access,wildcard_action + wildcard_resource
synthetic_03379,synthetic_03379_path_001,user:User5901,resource:Bucket9163,4,3,1,1,0,0,1,0,0,0,0,0,HIGH,0.68,Lateral Movement,assume_role_chain + long_privilege_escalation_chain
synthetic_03380,synthetic_03380_path_001,user:User6517,resource:Bucket1739,2,1,1,1,0,0,0,0,0,0,0,0,LOW,0.15,Data Access,read_only_access
synthetic_03381,synthetic_03381_path_001,user:User5111,resource:Bucket3410,2,1,1,1,0,0,0,0,0,0,0,0,LOW,0.15,Data Access,read_only_access
synthetic_03382,synthetic_03382_path_001,user:User9690,resource:Bucket6441,2,1,1,1,0,1,1,0,0,0,0,0,MEDIUM,0.43,Data Access,wildcard_action + wildcard_resource
synthetic_03383,synthetic_03383_path_001,user:User6114,resource:Bucket1669,2,1,1,1,0,0,0,0,0,0,0,0,LOW,0.15,Data Access,read_only_access
synthetic_03384,synthetic_03384_path_001,user:User8533,resource:Bucket8156,4,3,1,1,0,0,1,0,0,0,0,0,HIGH,0.68,Lateral Movement,assume_role_chain + long_privilege_escalation_chain
synthetic_03385,synthetic_03385_path_001,user:User2862,resource:Bucket2092,2,1,1,1,0,1,1,0,0,0,0,0,MEDIUM,0.43,Data Access,wildcard_action + wildcard_resource
synthetic_03386,synthetic_03386_path_001,user:User3604,role:AdminRole1060,2,2,1,1,1,0,0,0,0,0,0,0,HIGH,0.68,Lateral Movement,pass_role + assume_role_chain
synthetic_03387,synthetic_03387_path_001,user:User3115,role:AdminRole9519,2,2,1,1,1,0,0,0,0,0,0,0,HIGH,0.68,Lateral Movement,pass_role + assume_role_chain
synthetic_03388,synthetic_03388_path_001,user:User9426,resource:Policy2737,2,1,1,1,0,0,0,1,0,0,0,0,CRITICAL,0.85,Privilege Escalation,policy_modification
synthetic_03389,synthetic_03389_path_001,user:User4600,resource:Bucket8034,2,1,1,1,0,0,0,0,0,0,0,0,LOW,0.15,Data Access,read_only_access
synthetic_03390,synthetic_03390_path_001,user:User5586,role:AdminRole8524,2,2,1,1,1,0,0,0,0,0,0,0,HIGH,0.68,Lateral Movement,pass_role + assume_role_chain
synthetic_03391,synthetic_03391_path_001,user:User8873,resource:Bucket9459,2,1,1,1,0,1,1,0,0,0,0,0,MEDIUM,0.43,Data Access,wildcard_action + wildcard_resource
synthetic_03392,synthetic_03392_path_001,user:User4153,resource:Bucket7290,2,1,1,1,0,1,1,0,0,0,0,1,CRITICAL,0.85,Privilege Escalation,admin_permission
synthetic_03393,synthetic_03393_path_001,user:User2416,role:AdminRole2511,2,2,1,1,1,0,0,0,0,0,0,0,HIGH,0.68,Lateral Movement,pass_role + assume_role_chain
synthetic_03394,synthetic_03394_path_001,user:User9677,resource:Bucket8679,2,1,1,1,0,1,1,0,0,0,0,1,CRITICAL,0.85,Privilege Escalation,admin_permission
synthetic_03395,synthetic_03395_path_001,user:User7250,resource:Bucket6568,2,1,1,1,0,0,0,0,0,0,0,0,LOW,0.15,Data Access,read_only_access
synthetic_03396,synthetic_03396_path_001,user:User1383,role:AdminRole3502,2,2,1,1,1,0,0,0,0,0,0,0,HIGH,0.68,Lateral Movement,pass_role + assume_role_chain
synthetic_03397,synthetic_03397_path_001,user:User8539,resource:Bucket4605,2,1,1,1,0,0,0,0,0,0,0,0,LOW,0.15,Data Access,read_only_access
synthetic_03398,synthetic_03398_path_001,user:User1441,role:AdminRole3805,2,2,1,1,1,0,0,0,0,0,0,0,HIGH,0.68,Lateral Movement,pass_role + assume_role_chain
synthetic_03399,synthetic_03399_path_001,user:User1927,resource:Bucket8019,2,1,1,1,0,0,0,0,0,0,0,0,LOW,0.15,Data Access,read_only_access
synthetic_03400,synthetic_03400_path_001,user:partner-9882,resource:Secret1911,2,1,1,1,0,0,0,0,1,0,1,0,CRITICAL,0.85,Data Access,external_trust
synthetic_03401,synthetic_03401_path_001,user:User6291,resource:Bucket2156,2,1,1,1,0,1,1,0,0,0,0,1,CRITICAL,0.85,Privilege Escalation,admin_permission
synthetic_03402,synthetic_03402_path_001,user:User4318,resource:Bucket2268,2,1,1,1,0,1,1,0,0,0,0,0,MEDIUM,0.43,Data Access,wildcard_action + wildcard_resource
synthetic_03403,synthetic_03403_path_001,user:User9424,resource:Bucket6779,2,1,1,1,0,0,0,0,0,0,0,0,LOW,0.15,Data Access,read_only_access
synthetic_03404,synthetic_03404_path_001,user:User5956,role:AdminRole9354,2,2,1,1,1,0,0,0,0,0,0,0,HIGH,0.68,Lateral Movement,pass_role + assume_role_chain
synthetic_03405,synthetic_03405_path_001,user:User7399,resource:Bucket7635,2,1,1,1,0,1,1,0,0,0,0,1,CRITICAL,0.85,Privilege Escalation,admin_permission
synthetic_03406,synthetic_03406_path_001,user:User7734,role:AdminRole9603,2,2,1,1,1,0,0,0,0,0,0,0,HIGH,0.68,Lateral Movement,pass_role + assume_role_chain
synthetic_03407,synthetic_03407_path_001,user:User3548,resource:Bucket8847,2,1,1,1,0,0,0,0,0,0,0,0,LOW,0.15,Data Access,read_only_access
synthetic_03408,synthetic_03408_path_001,user:User7539,resource:Bucket3955,2,1,1,1,0,0,0,0,0,0,0,0,LOW,0.15,Data Access,read_only_access
synthetic_03409,synthetic_03409_path_001,user:User2445,resource:Policy9959,2,1,1,1,0,0,0,1,0,0,0,0,CRITICAL,0.85,Privilege Escalation,policy_modification
synthetic_03410,synthetic_03410_path_001,user:886182070669,resource:Bucket2940,2,1,1,1,0,1,1,0,1,1,0,0,CRITICAL,0.88,Lateral Movement,external_trust + cross_account
synthetic_03411,synthetic_03411_path_001,user:User8881,resource:Bucket3358,2,1,1,1,0,0,0,0,0,0,0,0,LOW,0.15,Data Access,read_only_access
synthetic_03412,synthetic_03412_path_001,user:User9378,resource:Bucket5977,2,1,1,1,0,1,1,0,0,0,0,0,MEDIUM,0.43,Data Access,wildcard_action + wildcard_resource
synthetic_03413,synthetic_03413_path_001,user:User1724,resource:Bucket8540,4,3,1,1,0,0,1,0,0,0,0,0,HIGH,0.68,Lateral Movement,assume_role_chain + long_privilege_escalation_chain
synthetic_03414,synthetic_03414_path_001,user:User8308,resource:Bucket8976,2,1,1,1,0,1,1,0,0,0,0,0,MEDIUM,0.43,Data Access,wildcard_action + wildcard_resource
synthetic_03415,synthetic_03415_path_001,user:User3798,resource:Bucket2640,2,1,1,1,0,0,0,0,0,0,0,0,LOW,0.15,Data Access,read_only_access
synthetic_03416,synthetic_03416_path_001,user:User6214,resource:Table6856,3,2,1,1,0,0,0,0,0,0,0,0,HIGH,0.65,Lateral Movement,assume_role_chain
synthetic_03417,synthetic_03417_path_001,user:User2533,resource:Bucket8838,2,1,1,1,0,0,0,0,0,0,0,0,LOW,0.15,Data Access,read_only_access
synthetic_03418,synthetic_03418_path_001,user:User5315,resource:Policy6098,2,1,1,1,0,0,0,1,0,0,0,0,CRITICAL,0.85,Privilege Escalation,policy_modification
synthetic_03419,synthetic_03419_path_001,user:User2714,role:AdminRole6101,2,2,1,1,1,0,0,0,0,0,0,0,HIGH,0.68,Lateral Movement,pass_role + assume_role_chain
synthetic_03420,synthetic_03420_path_001,user:User8919,resource:Bucket2677,2,1,1,1,0,0,0,0,0,0,0,0,LOW,0.15,Data Access,read_only_access
synthetic_03421,synthetic_03421_path_001,user:partner-1806,resource:Secret7563,2,1,1,1,0,0,0,0,1,0,1,0,CRITICAL,0.85,Data Access,external_trust
synthetic_03422,synthetic_03422_path_001,user:User7447,resource:Bucket2223,2,1,1,1,0,1,1,0,0,0,0,0,MEDIUM,0.43,Data Access,wildcard_action + wildcard_resource
synthetic_03423,synthetic_03423_path_001,user:User8313,resource:Policy1875,2,1,1,1,0,0,0,1,0,0,0,0,CRITICAL,0.85,Privilege Escalation,policy_modification
synthetic_03424,synthetic_03424_path_001,user:User5957,resource:Table7985,3,2,1,1,0,0,0,0,0,0,0,0,HIGH,0.65,Lateral Movement,assume_role_chain
synthetic_03425,synthetic_03425_path_001,user:User5315,role:AdminRole8750,2,2,1,1,1,0,0,0,0,0,0,0,HIGH,0.68,Lateral Movement,pass_role + assume_role_chain
synthetic_03426,synthetic_03426_path_001,user:User5807,role:AdminRole4799,2,2,1,1,1,0,0,0,0,0,0,0,HIGH,0.68,Lateral Movement,pass_role + assume_role_chain
synthetic_03427,synthetic_03427_path_001,user:User7934,resource:Policy5885,2,1,1,1,0,0,0,1,0,0,0,0,CRITICAL,0.85,Privilege Escalation,policy_modification
synthetic_03428,synthetic_03428_path_001,user:User3207,resource:Bucket8860,2,1,1,1,0,1,1,0,0,0,0,0,MEDIUM,0.43,Data Access,wildcard_action + wildcard_resource
synthetic_03429,synthetic_03429_path_001,user:User2950,resource:Table6997,3,2,1,1,0,0,0,0,0,0,0,0,HIGH,0.65,Lateral Movement,assume_role_chain
synthetic_03430,synthetic_03430_path_001,user:User3624,resource:Bucket8195,2,1,1,1,0,1,1,0,0,0,0,0,MEDIUM,0.43,Data Access,wildcard_action + wildcard_resource
synthetic_03431,synthetic_03431_path_001,user:User4414,resource:Bucket3239,2,1,1,1,0,1,1,0,0,0,0,0,MEDIUM,0.43,Data Access,wildcard_action + wildcard_resource
synthetic_03432,synthetic_03432_path_001,user:User5985,resource:Bucket4715,2,1,1,1,0,1,1,0,0,0,0,0,MEDIUM,0.43,Data Access,wildcard_action + wildcard_resource
synthetic_03433,synthetic_03433_path_001,user:User7108,resource:Bucket6684,2,1,1,1,0,0,0,0,0,0,0,0,LOW,0.15,Data Access,read_only_access
synthetic_03434,synthetic_03434_path_001,user:User7374,resource:Bucket8644,2,1,1,1,0,1,1,0,0,0,0,0,MEDIUM,0.43,Data Access,wildcard_action + wildcard_resource
synthetic_03435,synthetic_03435_path_001,user:partner-8715,resource:Secret7369,2,1,1,1,0,0,0,0,1,0,1,0,CRITICAL,0.85,Data Access,external_trust
synthetic_03436,synthetic_03436_path_001,user:User6844,resource:Bucket5643,2,1,1,1,0,1,1,0,0,0,0,0,MEDIUM,0.43,Data Access,wildcard_action + wildcard_resource
synthetic_03437,synthetic_03437_path_001,user:User2882,resource:Bucket1048,4,3,1,1,0,0,1,0,0,0,0,0,HIGH,0.68,Lateral Movement,assume_role_chain + long_privilege_escalation_chain
synthetic_03438,synthetic_03438_path_001,user:181698141344,resource:Bucket7334,2,1,1,1,0,1,1,0,1,1,0,0,CRITICAL,0.88,Lateral Movement,external_trust + cross_account
synthetic_03439,synthetic_03439_path_001,user:User8976,role:AdminRole5715,2,2,1,1,1,0,0,0,0,0,0,0,HIGH,0.68,Lateral Movement,pass_role + assume_role_chain
synthetic_03440,synthetic_03440_path_001,user:User3104,resource:Bucket9782,2,1,1,1,0,0,0,0,0,0,0,0,LOW,0.15,Data Access,read_only_access
synthetic_03441,synthetic_03441_path_001,user:User4954,resource:Table3483,3,2,1,1,0,0,0,0,0,0,0,0,HIGH,0.65,Lateral Movement,assume_role_chain
synthetic_03442,synthetic_03442_path_001,user:User6699,resource:Bucket7299,2,1,1,1,0,1,1,0,0,0,0,0,MEDIUM,0.43,Data Access,wildcard_action + wildcard_resource
synthetic_03443,synthetic_03443_path_001,user:667719666610,resource:Bucket6135,2,1,1,1,0,1,1,0,1,1,0,0,CRITICAL,0.88,Lateral Movement,external_trust + cross_account
synthetic_03444,synthetic_03444_path_001,user:User1525,resource:Bucket3097,2,1,1,1,0,0,0,0,0,0,0,0,LOW,0.15,Data Access,read_only_access
synthetic_03445,synthetic_03445_path_001,user:User9916,role:AdminRole2185,2,2,1,1,1,0,0,0,0,0,0,0,HIGH,0.68,Lateral Movement,pass_role + assume_role_chain
synthetic_03446,synthetic_03446_path_001,user:376836759017,resource:Bucket2182,2,1,1,1,0,1,1,0,1,1,0,0,CRITICAL,0.88,Lateral Movement,external_trust + cross_account
synthetic_03447,synthetic_03447_path_001,user:User7612,resource:Bucket5494,2,1,1,1,0,1,1,0,0,0,0,0,MEDIUM,0.43,Data Access,wildcard_action + wildcard_resource
synthetic_03448,synthetic_03448_path_001,user:User5019,resource:Bucket2026,2,1,1,1,0,0,0,0,0,0,0,0,LOW,0.15,Data Access,read_only_access
synthetic_03449,synthetic_03449_path_001,user:User6906,resource:Bucket6032,2,1,1,1,0,1,1,0,0,0,0,0,MEDIUM,0.43,Data Access,wildcard_action + wildcard_resource
synthetic_03450,synthetic_03450_path_001,user:User7287,resource:Bucket9021,2,1,1,1,0,0,0,0,0,0,0,0,LOW,0.15,Data Access,read_only_access
synthetic_03451,synthetic_03451_path_001,user:User6844,resource:Bucket6486,2,1,1,1,0,0,0,0,0,0,0,0,LOW,0.15,Data Access,read_only_access
synthetic_03452,synthetic_03452_path_001,user:User8187,resource:Bucket5304,2,1,1,1,0,0,0,0,0,0,0,0,LOW,0.15,Data Access,read_only_access
synthetic_03453,synthetic_03453_path_001,user:User4544,resource:Bucket6298,2,1,1,1,0,0,0,0,0,0,0,0,LOW,0.15,Data Access,read_only_access
synthetic_03454,synthetic_03454_path_001,user:partner-6624,resource:Secret4412,2,1,1,1,0,0,0,0,1,0,1,0,CRITICAL,0.85,Data Access,external_trust
synthetic_03455,synthetic_03455_path_001,user:486722883904,resource:Bucket4951,2,1,1,1,0,1,1,0,1,1,0,0,CRITICAL,0.88,Lateral Movement,external_trust + cross_account
synthetic_03456,synthetic_03456_path_001,user:461574932511,resource:Bucket8503,2,1,1,1,0,1,1,0,1,1,0,0,CRITICAL,0.88,Lateral Movement,external_trust + cross_account
synthetic_03457,synthetic_03457_path_001,user:User1132,resource:Bucket1228,2,1,1,1,0,0,0,0,0,0,0,0,LOW,0.15,Data Access,read_only_access
synthetic_03458,synthetic_03458_path_001,user:User8134,resource:Bucket2552,2,1,1,1,0,1,1,0,0,0,0,0,MEDIUM,0.43,Data Access,wildcard_action + wildcard_resource
synthetic_03459,synthetic_03459_path_001,user:User7127,role:AdminRole1845,2,2,1,1,1,0,0,0,0,0,0,0,HIGH,0.68,Lateral Movement,pass_role + assume_role_chain
synthetic_03460,synthetic_03460_path_001,user:User9780,resource:Bucket4984,2,1,1,1,0,0,0,0,0,0,0,0,LOW,0.15,Data Access,read_only_access
synthetic_03461,synthetic_03461_path_001,user:User6317,role:AdminRole2063,2,2,1,1,1,0,0,0,0,0,0,0,HIGH,0.68,Lateral Movement,pass_role + assume_role_chain
synthetic_03462,synthetic_03462_path_001,user:User8096,resource:Bucket9763,2,1,1,1,0,1,1,0,0,0,0,0,MEDIUM,0.43,Data Access,wildcard_action + wildcard_resource
synthetic_03463,synthetic_03463_path_001,user:User1242,resource:Bucket9986,2,1,1,1,0,0,0,0,0,0,0,0,LOW,0.15,Data Access,read_only_access
synthetic_03464,synthetic_03464_path_001,user:User7641,resource:Bucket6244,2,1,1,1,0,0,0,0,0,0,0,0,LOW,0.15,Data Access,read_only_access
synthetic_03465,synthetic_03465_path_001,user:User8440,resource:Bucket7660,2,1,1,1,0,1,1,0,0,0,0,0,MEDIUM,0.43,Data Access,wildcard_action + wildcard_resource
synthetic_03466,synthetic_03466_path_001,user:User4242,resource:Bucket2181,2,1,1,1,0,1,1,0,0,0,0,0,MEDIUM,0.43,Data Access,wildcard_action + wildcard_resource
synthetic_03467,synthetic_03467_path_001,user:User4214,resource:Bucket1864,4,3,1,1,0,0,1,0,0,0,0,0,HIGH,0.68,Lateral Movement,assume_role_chain + long_privilege_escalation_chain
synthetic_03468,synthetic_03468_path_001,user:User9228,resource:Bucket6492,2,1,1,1,0,0,0,0,0,0,0,0,LOW,0.15,Data Access,read_only_access
synthetic_03469,synthetic_03469_path_001,user:User3262,resource:Bucket5723,2,1,1,1,0,1,1,0,0,0,0,0,MEDIUM,0.43,Data Access,wildcard_action + wildcard_resource
synthetic_03470,synthetic_03470_path_001,user:partner-1447,resource:Secret7698,2,1,1,1,0,0,0,0,1,0,1,0,CRITICAL,0.85,Data Access,external_trust
synthetic_03471,synthetic_03471_path_001,user:User2235,resource:Bucket6238,2,1,1,1,0,0,0,0,0,0,0,0,LOW,0.15,Data Access,read_only_access
synthetic_03472,synthetic_03472_path_001,user:User7583,resource:Bucket5093,2,1,1,1,0,1,1,0,0,0,0,1,CRITICAL,0.85,Privilege Escalation,admin_permission
synthetic_03473,synthetic_03473_path_001,user:User3238,resource:Bucket1612,2,1,1,1,0,0,0,0,0,0,0,0,LOW,0.15,Data Access,read_only_access
synthetic_03474,synthetic_03474_path_001,user:User3137,resource:Policy3885,2,1,1,1,0,0,0,1,0,0,0,0,CRITICAL,0.85,Privilege Escalation,policy_modification
synthetic_03475,synthetic_03475_path_001,user:User1451,resource:Bucket1759,2,1,1,1,0,1,1,0,0,0,0,0,MEDIUM,0.43,Data Access,wildcard_action + wildcard_resource
synthetic_03476,synthetic_03476_path_001,user:User9752,resource:Bucket4425,2,1,1,1,0,0,0,0,0,0,0,0,LOW,0.15,Data Access,read_only_access
synthetic_03477,synthetic_03477_path_001,user:User3855,resource:Bucket3974,2,1,1,1,0,0,0,0,0,0,0,0,LOW,0.15,Data Access,read_only_access
synthetic_03478,synthetic_03478_path_001,user:User4985,resource:Bucket6497,2,1,1,1,0,0,0,0,0,0,0,0,LOW,0.15,Data Access,read_only_access
synthetic_03479,synthetic_03479_path_001,user:User5985,resource:Bucket9201,2,1,1,1,0,0,0,0,0,0,0,0,LOW,0.15,Data Access,read_only_access
synthetic_03480,synthetic_03480_path_001,user:partner-8253,resource:Secret1081,2,1,1,1,0,0,0,0,1,0,1,0,CRITICAL,0.85,Data Access,external_trust
synthetic_03481,synthetic_03481_path_001,user:User8045,role:AdminRole4167,2,2,1,1,1,0,0,0,0,0,0,0,HIGH,0.68,Lateral Movement,pass_role + assume_role_chain
synthetic_03482,synthetic_03482_path_001,user:User1893,resource:Bucket5055,2,1,1,1,0,1,1,0,0,0,0,0,MEDIUM,0.43,Data Access,wildcard_action + wildcard_resource
synthetic_03483,synthetic_03483_path_001,user:User4973,resource:Table3905,3,2,1,1,0,0,0,0,0,0,0,0,HIGH,0.65,Lateral Movement,assume_role_chain
synthetic_03484,synthetic_03484_path_001,user:User4801,role:AdminRole7631,2,2,1,1,1,0,0,0,0,0,0,0,HIGH,0.68,Lateral Movement,pass_role + assume_role_chain
synthetic_03485,synthetic_03485_path_001,user:User2509,resource:Policy3909,2,1,1,1,0,0,0,1,0,0,0,0,CRITICAL,0.85,Privilege Escalation,policy_modification
synthetic_03486,synthetic_03486_path_001,user:User6447,resource:Bucket5382,2,1,1,1,0,1,1,0,0,0,0,0,MEDIUM,0.43,Data Access,wildcard_action + wildcard_resource
synthetic_03487,synthetic_03487_path_001,user:User5035,resource:Bucket1992,2,1,1,1,0,1,1,0,0,0,0,0,MEDIUM,0.43,Data Access,wildcard_action + wildcard_resource
synthetic_03488,synthetic_03488_path_001,user:User8745,resource:Bucket4590,2,1,1,1,0,0,0,0,0,0,0,0,LOW,0.15,Data Access,read_only_access
synthetic_03489,synthetic_03489_path_001,user:User7076,role:AdminRole5727,2,2,1,1,1,0,0,0,0,0,0,0,HIGH,0.68,Lateral Movement,pass_role + assume_role_chain
synthetic_03490,synthetic_03490_path_001,user:466535389629,resource:Bucket5093,2,1,1,1,0,1,1,0,1,1,0,0,CRITICAL,0.88,Lateral Movement,external_trust + cross_account
synthetic_03491,synthetic_03491_path_001,user:679241571276,resource:Bucket9962,2,1,1,1,0,1,1,0,1,1,0,0,CRITICAL,0.88,Lateral Movement,external_trust + cross_account
synthetic_03492,synthetic_03492_path_001,user:User5695,resource:Bucket9987,2,1,1,1,0,0,0,0,0,0,0,0,LOW,0.15,Data Access,read_only_access
synthetic_03493,synthetic_03493_path_001,user:User1428,resource:Table7443,3,2,1,1,0,0,0,0,0,0,0,0,HIGH,0.65,Lateral Movement,assume_role_chain
synthetic_03494,synthetic_03494_path_001,user:User3410,resource:Bucket9951,4,3,1,1,0,0,1,0,0,0,0,0,HIGH,0.68,Lateral Movement,assume_role_chain + long_privilege_escalation_chain
synthetic_03495,synthetic_03495_path_001,user:User4679,resource:Bucket2364,2,1,1,1,0,1,1,0,0,0,0,0,MEDIUM,0.43,Data Access,wildcard_action + wildcard_resource
synthetic_03496,synthetic_03496_path_001,user:User4223,role:AdminRole2448,2,2,1,1,1,0,0,0,0,0,0,0,HIGH,0.68,Lateral Movement,pass_role + assume_role_chain
synthetic_03497,synthetic_03497_path_001,user:User1378,resource:Bucket4411,2,1,1,1,0,0,0,0,0,0,0,0,LOW,0.15,Data Access,read_only_access
synthetic_03498,synthetic_03498_path_001,user:User3720,resource:Bucket2563,2,1,1,1,0,0,0,0,0,0,0,0,LOW,0.15,Data Access,read_only_access
synthetic_03499,synthetic_03499_path_001,user:User1312,resource:Bucket7334,2,1,1,1,0,1,1,0,0,0,0,0,MEDIUM,0.43,Data Access,wildcard_action + wildcard_resource
synthetic_03500,synthetic_03500_path_001,user:User3006,resource:Bucket7524,2,1,1,1,0,0,0,0,0,0,0,0,LOW,0.15,Data Access,read_only_access
synthetic_03501,synthetic_03501_path_001,user:partner-7502,resource:Secret6297,2,1,1,1,0,0,0,0,1,0,1,0,CRITICAL,0.85,Data Access,external_trust
synthetic_03502,synthetic_03502_path_001,user:User3694,resource:Bucket7643,4,3,1,1,0,0,1,0,0,0,0,0,HIGH,0.68,Lateral Movement,assume_role_chain + long_privilege_escalation_chain
synthetic_03503,synthetic_03503_path_001,user:User3272,resource:Bucket1185,2,1,1,1,0,0,0,0,0,0,0,0,LOW,0.15,Data Access,read_only_access
synthetic_03504,synthetic_03504_path_001,user:User9284,role:AdminRole2799,2,2,1,1,1,0,0,0,0,0,0,0,HIGH,0.68,Lateral Movement,pass_role + assume_role_chain
synthetic_03505,synthetic_03505_path_001,user:User7776,resource:Bucket5786,2,1,1,1,0,0,0,0,0,0,0,0,LOW,0.15,Data Access,read_only_access
synthetic_03506,synthetic_03506_path_001,user:User1419,resource:Bucket4673,2,1,1,1,0,1,1,0,0,0,0,0,MEDIUM,0.43,Data Access,wildcard_action + wildcard_resource
synthetic_03507,synthetic_03507_path_001,user:User1538,role:AdminRole7383,2,2,1,1,1,0,0,0,0,0,0,0,HIGH,0.68,Lateral Movement,pass_role + assume_role_chain
synthetic_03508,synthetic_03508_path_001,user:User6732,resource:Bucket2861,2,1,1,1,0,0,0,0,0,0,0,0,LOW,0.15,Data Access,read_only_access
synthetic_03509,synthetic_03509_path_001,user:User1555,role:AdminRole4189,2,2,1,1,1,0,0,0,0,0,0,0,HIGH,0.68,Lateral Movement,pass_role + assume_role_chain
synthetic_03510,synthetic_03510_path_001,user:User5459,resource:Bucket4529,2,1,1,1,0,0,0,0,0,0,0,0,LOW,0.15,Data Access,read_only_access
synthetic_03511,synthetic_03511_path_001,user:User4360,resource:Bucket9740,2,1,1,1,0,1,1,0,0,0,0,0,MEDIUM,0.43,Data Access,wildcard_action + wildcard_resource
synthetic_03512,synthetic_03512_path_001,user:User9937,resource:Policy2451,2,1,1,1,0,0,0,1,0,0,0,0,CRITICAL,0.85,Privilege Escalation,policy_modification
synthetic_03513,synthetic_03513_path_001,user:User9087,resource:Policy1617,2,1,1,1,0,0,0,1,0,0,0,0,CRITICAL,0.85,Privilege Escalation,policy_modification
synthetic_03514,synthetic_03514_path_001,user:116049910042,resource:Bucket3466,2,1,1,1,0,1,1,0,1,1,0,0,CRITICAL,0.88,Lateral Movement,external_trust + cross_account
synthetic_03515,synthetic_03515_path_001,user:User9917,resource:Bucket2185,2,1,1,1,0,1,1,0,0,0,0,0,MEDIUM,0.43,Data Access,wildcard_action + wildcard_resource
synthetic_03516,synthetic_03516_path_001,user:User4286,resource:Bucket9223,2,1,1,1,0,0,0,0,0,0,0,0,LOW,0.15,Data Access,read_only_access
synthetic_03517,synthetic_03517_path_001,user:User3554,resource:Bucket4432,2,1,1,1,0,1,1,0,0,0,0,0,MEDIUM,0.43,Data Access,wildcard_action + wildcard_resource
synthetic_03518,synthetic_03518_path_001,user:User8832,resource:Bucket8957,2,1,1,1,0,1,1,0,0,0,0,0,MEDIUM,0.43,Data Access,wildcard_action + wildcard_resource
synthetic_03519,synthetic_03519_path_001,user:User2308,resource:Bucket8873,2,1,1,1,0,1,1,0,0,0,0,0,MEDIUM,0.43,Data Access,wildcard_action + wildcard_resource
synthetic_03520,synthetic_03520_path_001,user:User4330,resource:Bucket2601,2,1,1,1,0,1,1,0,0,0,0,0,MEDIUM,0.43,Data Access,wildcard_action + wildcard_resource
synthetic_03521,synthetic_03521_path_001,user:User8601,resource:Bucket3647,2,1,1,1,0,1,1,0,0,0,0,0,MEDIUM,0.43,Data Access,wildcard_action + wildcard_resource
synthetic_03522,synthetic_03522_path_001,user:User9742,resource:Bucket5900,2,1,1,1,0,0,0,0,0,0,0,0,LOW,0.15,Data Access,read_only_access
synthetic_03523,synthetic_03523_path_001,user:193678576463,resource:Bucket4913,2,1,1,1,0,1,1,0,1,1,0,0,CRITICAL,0.88,Lateral Movement,external_trust + cross_account
synthetic_03524,synthetic_03524_path_001,user:User2821,resource:Bucket3000,2,1,1,1,0,1,1,0,0,0,0,0,MEDIUM,0.43,Data Access,wildcard_action + wildcard_resource
synthetic_03525,synthetic_03525_path_001,user:User2949,resource:Table1784,3,2,1,1,0,0,0,0,0,0,0,0,HIGH,0.65,Lateral Movement,assume_role_chain
synthetic_03526,synthetic_03526_path_001,user:User4890,resource:Bucket6497,2,1,1,1,0,0,0,0,0,0,0,0,LOW,0.15,Data Access,read_only_access
synthetic_03527,synthetic_03527_path_001,user:User8099,resource:Bucket7365,2,1,1,1,0,1,1,0,0,0,0,0,MEDIUM,0.43,Data Access,wildcard_action + wildcard_resource
synthetic_03528,synthetic_03528_path_001,user:User6642,resource:Bucket3739,2,1,1,1,0,1,1,0,0,0,0,0,MEDIUM,0.43,Data Access,wildcard_action + wildcard_resource
synthetic_03529,synthetic_03529_path_001,user:User6109,resource:Table3276,3,2,1,1,0,0,0,0,0,0,0,0,HIGH,0.65,Lateral Movement,assume_role_chain
synthetic_03530,synthetic_03530_path_001,user:User5636,resource:Table8643,3,2,1,1,0,0,0,0,0,0,0,0,HIGH,0.65,Lateral Movement,assume_role_chain
synthetic_03531,synthetic_03531_path_001,user:User5520,role:AdminRole9613,2,2,1,1,1,0,0,0,0,0,0,0,HIGH,0.68,Lateral Movement,pass_role + assume_role_chain
synthetic_03532,synthetic_03532_path_001,user:566948993005,resource:Bucket6582,2,1,1,1,0,1,1,0,1,1,0,0,CRITICAL,0.88,Lateral Movement,external_trust + cross_account
synthetic_03533,synthetic_03533_path_001,user:User7584,resource:Bucket6990,2,1,1,1,0,1,1,0,0,0,0,1,CRITICAL,0.85,Privilege Escalation,admin_permission
synthetic_03534,synthetic_03534_path_001,user:User4018,resource:Policy2415,2,1,1,1,0,0,0,1,0,0,0,0,CRITICAL,0.85,Privilege Escalation,policy_modification
synthetic_03535,synthetic_03535_path_001,user:User3183,resource:Bucket7637,2,1,1,1,0,1,1,0,0,0,0,0,MEDIUM,0.43,Data Access,wildcard_action + wildcard_resource
synthetic_03536,synthetic_03536_path_001,user:User1130,resource:Bucket1369,2,1,1,1,0,1,1,0,0,0,0,0,MEDIUM,0.43,Data Access,wildcard_action + wildcard_resource
synthetic_03537,synthetic_03537_path_001,user:User5496,resource:Policy4645,2,1,1,1,0,0,0,1,0,0,0,0,CRITICAL,0.85,Privilege Escalation,policy_modification
synthetic_03538,synthetic_03538_path_001,user:User7897,resource:Bucket5270,2,1,1,1,0,1,1,0,0,0,0,0,MEDIUM,0.43,Data Access,wildcard_action + wildcard_resource
synthetic_03539,synthetic_03539_path_001,user:partner-1084,resource:Secret7747,2,1,1,1,0,0,0,0,1,0,1,0,CRITICAL,0.85,Data Access,external_trust
synthetic_03540,synthetic_03540_path_001,user:User2643,resource:Table9786,3,2,1,1,0,0,0,0,0,0,0,0,HIGH,0.65,Lateral Movement,assume_role_chain
synthetic_03541,synthetic_03541_path_001,user:User8728,resource:Bucket3760,2,1,1,1,0,0,0,0,0,0,0,0,LOW,0.15,Data Access,read_only_access
synthetic_03542,synthetic_03542_path_001,user:User3643,resource:Bucket4757,2,1,1,1,0,1,1,0,0,0,0,0,MEDIUM,0.43,Data Access,wildcard_action + wildcard_resource
synthetic_03543,synthetic_03543_path_001,user:User3539,resource:Bucket1215,2,1,1,1,0,0,0,0,0,0,0,0,LOW,0.15,Data Access,read_only_access
synthetic_03544,synthetic_03544_path_001,user:User9618,resource:Policy6864,2,1,1,1,0,0,0,1,0,0,0,0,CRITICAL,0.85,Privilege Escalation,policy_modification
synthetic_03545,synthetic_03545_path_001,user:User2511,resource:Bucket5390,2,1,1,1,0,0,0,0,0,0,0,0,LOW,0.15,Data Access,read_only_access
synthetic_03546,synthetic_03546_path_001,user:User2667,resource:Bucket5034,2,1,1,1,0,1,1,0,0,0,0,0,MEDIUM,0.43,Data Access,wildcard_action + wildcard_resource
synthetic_03547,synthetic_03547_path_001,user:User6151,resource:Policy6221,2,1,1,1,0,0,0,1,0,0,0,0,CRITICAL,0.85,Privilege Escalation,policy_modification
synthetic_03548,synthetic_03548_path_001,user:User9693,resource:Bucket1125,2,1,1,1,0,0,0,0,0,0,0,0,LOW,0.15,Data Access,read_only_access
synthetic_03549,synthetic_03549_path_001,user:User6888,resource:Table8608,3,2,1,1,0,0,0,0,0,0,0,0,HIGH,0.65,Lateral Movement,assume_role_chain
synthetic_03550,synthetic_03550_path_001,user:User1478,role:AdminRole9854,2,2,1,1,1,0,0,0,0,0,0,0,HIGH,0.68,Lateral Movement,pass_role + assume_role_chain
synthetic_03551,synthetic_03551_path_001,user:User2192,resource:Bucket5916,2,1,1,1,0,0,0,0,0,0,0,0,LOW,0.15,Data Access,read_only_access
synthetic_03552,synthetic_03552_path_001,user:User6397,resource:Bucket6454,4,3,1,1,0,0,1,0,0,0,0,0,HIGH,0.68,Lateral Movement,assume_role_chain + long_privilege_escalation_chain
synthetic_03553,synthetic_03553_path_001,user:User8692,resource:Bucket8440,2,1,1,1,0,1,1,0,0,0,0,0,MEDIUM,0.43,Data Access,wildcard_action + wildcard_resource
synthetic_03554,synthetic_03554_path_001,user:User2392,resource:Bucket4658,2,1,1,1,0,0,0,0,0,0,0,0,LOW,0.15,Data Access,read_only_access
synthetic_03555,synthetic_03555_path_001,user:partner-9154,resource:Secret4724,2,1,1,1,0,0,0,0,1,0,1,0,CRITICAL,0.85,Data Access,external_trust
synthetic_03556,synthetic_03556_path_001,user:User2594,resource:Table5105,3,2,1,1,0,0,0,0,0,0,0,0,HIGH,0.65,Lateral Movement,assume_role_chain
synthetic_03557,synthetic_03557_path_001,user:369905585575,resource:Bucket1341,2,1,1,1,0,1,1,0,1,1,0,0,CRITICAL,0.88,Lateral Movement,external_trust + cross_account
synthetic_03558,synthetic_03558_path_001,user:069690452898,resource:Bucket1242,2,1,1,1,0,1,1,0,1,1,0,0,CRITICAL,0.88,Lateral Movement,external_trust + cross_account
synthetic_03559,synthetic_03559_path_001,user:User6432,resource:Bucket8531,2,1,1,1,0,0,0,0,0,0,0,0,LOW,0.15,Data Access,read_only_access
synthetic_03560,synthetic_03560_path_001,user:partner-7082,resource:Secret1708,2,1,1,1,0,0,0,0,1,0,1,0,CRITICAL,0.85,Data Access,external_trust
synthetic_03561,synthetic_03561_path_001,user:User8277,resource:Bucket2527,2,1,1,1,0,1,1,0,0,0,0,0,MEDIUM,0.43,Data Access,wildcard_action + wildcard_resource
synthetic_03562,synthetic_03562_path_001,user:User5896,role:AdminRole3293,2,2,1,1,1,0,0,0,0,0,0,0,HIGH,0.68,Lateral Movement,pass_role + assume_role_chain
synthetic_03563,synthetic_03563_path_001,user:User1335,resource:Bucket5593,2,1,1,1,0,1,1,0,0,0,0,0,MEDIUM,0.43,Data Access,wildcard_action + wildcard_resource
synthetic_03564,synthetic_03564_path_001,user:User3633,resource:Bucket5845,2,1,1,1,0,1,1,0,0,0,0,0,MEDIUM,0.43,Data Access,wildcard_action + wildcard_resource
synthetic_03565,synthetic_03565_path_001,user:partner-9173,resource:Secret6293,2,1,1,1,0,0,0,0,1,0,1,0,CRITICAL,0.85,Data Access,external_trust
synthetic_03566,synthetic_03566_path_001,user:User4938,resource:Table3852,3,2,1,1,0,0,0,0,0,0,0,0,HIGH,0.65,Lateral Movement,assume_role_chain
synthetic_03567,synthetic_03567_path_001,user:User9393,resource:Bucket1522,2,1,1,1,0,0,0,0,0,0,0,0,LOW,0.15,Data Access,read_only_access
synthetic_03568,synthetic_03568_path_001,user:User6043,resource:Bucket5040,4,3,1,1,0,0,1,0,0,0,0,0,HIGH,0.68,Lateral Movement,assume_role_chain + long_privilege_escalation_chain
synthetic_03569,synthetic_03569_path_001,user:User6166,role:AdminRole5616,2,2,1,1,1,0,0,0,0,0,0,0,HIGH,0.68,Lateral Movement,pass_role + assume_role_chain
synthetic_03570,synthetic_03570_path_001,user:User1471,resource:Policy3852,2,1,1,1,0,0,0,1,0,0,0,0,CRITICAL,0.85,Privilege Escalation,policy_modification
synthetic_03571,synthetic_03571_path_001,user:partner-1244,resource:Secret5547,2,1,1,1,0,0,0,0,1,0,1,0,CRITICAL,0.85,Data Access,external_trust
synthetic_03572,synthetic_03572_path_001,user:User4918,resource:Bucket4631,2,1,1,1,0,1,1,0,0,0,0,0,MEDIUM,0.43,Data Access,wildcard_action + wildcard_resource
synthetic_03573,synthetic_03573_path_001,user:User6879,role:AdminRole4641,2,2,1,1,1,0,0,0,0,0,0,0,HIGH,0.68,Lateral Movement,pass_role + assume_role_chain
synthetic_03574,synthetic_03574_path_001,user:User6278,resource:Policy3282,2,1,1,1,0,0,0,1,0,0,0,0,CRITICAL,0.85,Privilege Escalation,policy_modification
synthetic_03575,synthetic_03575_path_001,user:User1331,resource:Bucket8128,2,1,1,1,0,0,0,0,0,0,0,0,LOW,0.15,Data Access,read_only_access
synthetic_03576,synthetic_03576_path_001,user:User2485,role:AdminRole3587,2,2,1,1,1,0,0,0,0,0,0,0,HIGH,0.68,Lateral Movement,pass_role + assume_role_chain
synthetic_03577,synthetic_03577_path_001,user:User5841,resource:Bucket3274,2,1,1,1,0,0,0,0,0,0,0,0,LOW,0.15,Data Access,read_only_access
synthetic_03578,synthetic_03578_path_001,user:User8602,resource:Bucket3897,2,1,1,1,0,0,0,0,0,0,0,0,LOW,0.15,Data Access,read_only_access
synthetic_03579,synthetic_03579_path_001,user:User3885,resource:Bucket7266,2,1,1,1,0,0,0,0,0,0,0,0,LOW,0.15,Data Access,read_only_access
synthetic_03580,synthetic_03580_path_001,user:User1081,resource:Bucket4625,2,1,1,1,0,1,1,0,0,0,0,1,CRITICAL,0.85,Privilege Escalation,admin_permission
synthetic_03581,synthetic_03581_path_001,user:User4529,resource:Bucket4778,2,1,1,1,0,0,0,0,0,0,0,0,LOW,0.15,Data Access,read_only_access
synthetic_03582,synthetic_03582_path_001,user:User6870,role:AdminRole4030,2,2,1,1,1,0,0,0,0,0,0,0,HIGH,0.68,Lateral Movement,pass_role + assume_role_chain
synthetic_03583,synthetic_03583_path_001,user:User7848,resource:Bucket1798,2,1,1,1,0,0,0,0,0,0,0,0,LOW,0.15,Data Access,read_only_access
synthetic_03584,synthetic_03584_path_001,user:User7122,resource:Bucket9018,2,1,1,1,0,0,0,0,0,0,0,0,LOW,0.15,Data Access,read_only_access
synthetic_03585,synthetic_03585_path_001,user:User1952,resource:Bucket4011,2,1,1,1,0,0,0,0,0,0,0,0,LOW,0.15,Data Access,read_only_access
synthetic_03586,synthetic_03586_path_001,user:User4018,resource:Bucket7169,2,1,1,1,0,1,1,0,0,0,0,0,MEDIUM,0.43,Data Access,wildcard_action + wildcard_resource
synthetic_03587,synthetic_03587_path_001,user:User7036,role:AdminRole6064,2,2,1,1,1,0,0,0,0,0,0,0,HIGH,0.68,Lateral Movement,pass_role + assume_role_chain
synthetic_03588,synthetic_03588_path_001,user:User8364,resource:Bucket4717,2,1,1,1,0,0,0,0,0,0,0,0,LOW,0.15,Data Access,read_only_access
synthetic_03589,synthetic_03589_path_001,user:partner-4558,resource:Secret4839,2,1,1,1,0,0,0,0,1,0,1,0,CRITICAL,0.85,Data Access,external_trust
synthetic_03590,synthetic_03590_path_001,user:User8679,resource:Table2236,3,2,1,1,0,0,0,0,0,0,0,0,HIGH,0.65,Lateral Movement,assume_role_chain
synthetic_03591,synthetic_03591_path_001,user:User7174,resource:Bucket8226,2,1,1,1,0,1,1,0,0,0,0,0,MEDIUM,0.43,Data Access,wildcard_action + wildcard_resource
synthetic_03592,synthetic_03592_path_001,user:User2937,resource:Bucket6779,2,1,1,1,0,0,0,0,0,0,0,0,LOW,0.15,Data Access,read_only_access
synthetic_03593,synthetic_03593_path_001,user:User9174,resource:Table8012,3,2,1,1,0,0,0,0,0,0,0,0,HIGH,0.65,Lateral Movement,assume_role_chain
synthetic_03594,synthetic_03594_path_001,user:User6645,resource:Bucket8715,2,1,1,1,0,1,1,0,0,0,0,0,MEDIUM,0.43,Data Access,wildcard_action + wildcard_resource
synthetic_03595,synthetic_03595_path_001,user:User3623,resource:Bucket6261,2,1,1,1,0,0,0,0,0,0,0,0,LOW,0.15,Data Access,read_only_access
synthetic_03596,synthetic_03596_path_001,user:User1980,resource:Table5028,3,2,1,1,0,0,0,0,0,0,0,0,HIGH,0.65,Lateral Movement,assume_role_chain
synthetic_03597,synthetic_03597_path_001,user:User2865,resource:Bucket8839,2,1,1,1,0,0,0,0,0,0,0,0,LOW,0.15,Data Access,read_only_access
synthetic_03598,synthetic_03598_path_001,user:User8828,resource:Table6493,3,2,1,1,0,0,0,0,0,0,0,0,HIGH,0.65,Lateral Movement,assume_role_chain
synthetic_03599,synthetic_03599_path_001,user:User3476,resource:Bucket8967,2,1,1,1,0,0,0,0,0,0,0,0,LOW,0.15,Data Access,read_only_access
synthetic_03600,synthetic_03600_path_001,user:User3261,resource:Bucket9467,2,1,1,1,0,0,0,0,0,0,0,0,LOW,0.15,Data Access,read_only_access
synthetic_03601,synthetic_03601_path_001,user:User9158,resource:Bucket2361,2,1,1,1,0,0,0,0,0,0,0,0,LOW,0.15,Data Access,read_only_access
synthetic_03602,synthetic_03602_path_001,user:User1353,resource:Bucket1473,2,1,1,1,0,1,1,0,0,0,0,0,MEDIUM,0.43,Data Access,wildcard_action + wildcard_resource
synthetic_03603,synthetic_03603_path_001,user:User5024,resource:Bucket3433,2,1,1,1,0,1,1,0,0,0,0,0,MEDIUM,0.43,Data Access,wildcard_action + wildcard_resource
synthetic_03604,synthetic_03604_path_001,user:User8165,resource:Bucket9228,2,1,1,1,0,0,0,0,0,0,0,0,LOW,0.15,Data Access,read_only_access
synthetic_03605,synthetic_03605_path_001,user:User8843,resource:Bucket5224,2,1,1,1,0,0,0,0,0,0,0,0,LOW,0.15,Data Access,read_only_access
synthetic_03606,synthetic_03606_path_001,user:User9141,role:AdminRole6611,2,2,1,1,1,0,0,0,0,0,0,0,HIGH,0.68,Lateral Movement,pass_role + assume_role_chain
synthetic_03607,synthetic_03607_path_001,user:User6584,role:AdminRole9581,2,2,1,1,1,0,0,0,0,0,0,0,HIGH,0.68,Lateral Movement,pass_role + assume_role_chain
synthetic_03608,synthetic_03608_path_001,user:User2544,resource:Bucket5502,2,1,1,1,0,0,0,0,0,0,0,0,LOW,0.15,Data Access,read_only_access
synthetic_03609,synthetic_03609_path_001,user:User8011,resource:Bucket5797,2,1,1,1,0,1,1,0,0,0,0,0,MEDIUM,0.43,Data Access,wildcard_action + wildcard_resource
synthetic_03610,synthetic_03610_path_001,user:User4609,resource:Policy2042,2,1,1,1,0,0,0,1,0,0,0,0,CRITICAL,0.85,Privilege Escalation,policy_modification
synthetic_03611,synthetic_03611_path_001,user:User5581,resource:Bucket6659,2,1,1,1,0,0,0,0,0,0,0,0,LOW,0.15,Data Access,read_only_access
synthetic_03612,synthetic_03612_path_001,user:User6987,resource:Bucket6144,2,1,1,1,0,1,1,0,0,0,0,1,CRITICAL,0.85,Privilege Escalation,admin_permission
synthetic_03613,synthetic_03613_path_001,user:User8230,resource:Bucket5808,2,1,1,1,0,1,1,0,0,0,0,0,MEDIUM,0.43,Data Access,wildcard_action + wildcard_resource
synthetic_03614,synthetic_03614_path_001,user:User5718,resource:Bucket2971,2,1,1,1,0,1,1,0,0,0,0,0,MEDIUM,0.43,Data Access,wildcard_action + wildcard_resource
synthetic_03615,synthetic_03615_path_001,user:User6159,resource:Table3123,3,2,1,1,0,0,0,0,0,0,0,0,HIGH,0.65,Lateral Movement,assume_role_chain
synthetic_03616,synthetic_03616_path_001,user:User7861,resource:Bucket7276,2,1,1,1,0,1,1,0,0,0,0,1,CRITICAL,0.85,Privilege Escalation,admin_permission
synthetic_03617,synthetic_03617_path_001,user:User1888,resource:Policy3070,2,1,1,1,0,0,0,1,0,0,0,0,CRITICAL,0.85,Privilege Escalation,policy_modification
synthetic_03618,synthetic_03618_path_001,user:User9064,resource:Bucket4791,2,1,1,1,0,1,1,0,0,0,0,0,MEDIUM,0.43,Data Access,wildcard_action + wildcard_resource
synthetic_03619,synthetic_03619_path_001,user:User4530,resource:Bucket5412,2,1,1,1,0,1,1,0,0,0,0,0,MEDIUM,0.43,Data Access,wildcard_action + wildcard_resource
synthetic_03620,synthetic_03620_path_001,user:User5934,role:AdminRole7082,2,2,1,1,1,0,0,0,0,0,0,0,HIGH,0.68,Lateral Movement,pass_role + assume_role_chain
synthetic_03621,synthetic_03621_path_001,user:223477804579,resource:Bucket3243,2,1,1,1,0,1,1,0,1,1,0,0,CRITICAL,0.88,Lateral Movement,external_trust + cross_account
synthetic_03622,synthetic_03622_path_001,user:User1850,role:AdminRole1396,2,2,1,1,1,0,0,0,0,0,0,0,HIGH,0.68,Lateral Movement,pass_role + assume_role_chain
synthetic_03623,synthetic_03623_path_001,user:User9678,resource:Bucket2533,2,1,1,1,0,0,0,0,0,0,0,0,LOW,0.15,Data Access,read_only_access
synthetic_03624,synthetic_03624_path_001,user:User3359,resource:Table8286,3,2,1,1,0,0,0,0,0,0,0,0,HIGH,0.65,Lateral Movement,assume_role_chain
synthetic_03625,synthetic_03625_path_001,user:User3556,resource:Table6188,3,2,1,1,0,0,0,0,0,0,0,0,HIGH,0.65,Lateral Movement,assume_role_chain
synthetic_03626,synthetic_03626_path_001,user:User7466,resource:Bucket7556,2,1,1,1,0,0,0,0,0,0,0,0,LOW,0.15,Data Access,read_only_access
synthetic_03627,synthetic_03627_path_001,user:User4599,resource:Bucket9523,2,1,1,1,0,0,0,0,0,0,0,0,LOW,0.15,Data Access,read_only_access
synthetic_03628,synthetic_03628_path_001,user:User3266,resource:Bucket1443,2,1,1,1,0,0,0,0,0,0,0,0,LOW,0.15,Data Access,read_only_access
synthetic_03629,synthetic_03629_path_001,user:264833367960,resource:Bucket3726,2,1,1,1,0,1,1,0,1,1,0,0,CRITICAL,0.88,Lateral Movement,external_trust + cross_account
synthetic_03630,synthetic_03630_path_001,user:User2405,resource:Bucket6497,4,3,1,1,0,0,1,0,0,0,0,0,HIGH,0.68,Lateral Movement,assume_role_chain + long_privilege_escalation_chain
synthetic_03631,synthetic_03631_path_001,user:920856490132,resource:Bucket7055,2,1,1,1,0,1,1,0,1,1,0,0,CRITICAL,0.88,Lateral Movement,external_trust + cross_account
synthetic_03632,synthetic_03632_path_001,user:User1014,resource:Bucket2774,2,1,1,1,0,0,0,0,0,0,0,0,LOW,0.15,Data Access,read_only_access
synthetic_03633,synthetic_03633_path_001,user:User6652,resource:Bucket1983,2,1,1,1,0,0,0,0,0,0,0,0,LOW,0.15,Data Access,read_only_access
synthetic_03634,synthetic_03634_path_001,user:User1585,resource:Bucket2003,4,3,1,1,0,0,1,0,0,0,0,0,HIGH,0.68,Lateral Movement,assume_role_chain + long_privilege_escalation_chain
synthetic_03635,synthetic_03635_path_001,user:User6710,resource:Bucket7307,2,1,1,1,0,0,0,0,0,0,0,0,LOW,0.15,Data Access,read_only_access
synthetic_03636,synthetic_03636_path_001,user:User6409,resource:Bucket9559,2,1,1,1,0,0,0,0,0,0,0,0,LOW,0.15,Data Access,read_only_access
synthetic_03637,synthetic_03637_path_001,user:User8820,resource:Table6238,3,2,1,1,0,0,0,0,0,0,0,0,HIGH,0.65,Lateral Movement,assume_role_chain
synthetic_03638,synthetic_03638_path_001,user:User1818,resource:Bucket1689,2,1,1,1,0,1,1,0,0,0,0,0,MEDIUM,0.43,Data Access,wildcard_action + wildcard_resource
synthetic_03639,synthetic_03639_path_001,user:User6206,role:AdminRole5617,2,2,1,1,1,0,0,0,0,0,0,0,HIGH,0.68,Lateral Movement,pass_role + assume_role_chain
synthetic_03640,synthetic_03640_path_001,user:User8979,resource:Bucket9993,2,1,1,1,0,1,1,0,0,0,0,0,MEDIUM,0.43,Data Access,wildcard_action + wildcard_resource
synthetic_03641,synthetic_03641_path_001,user:User1609,resource:Bucket8579,2,1,1,1,0,1,1,0,0,0,0,1,CRITICAL,0.85,Privilege Escalation,admin_permission
synthetic_03642,synthetic_03642_path_001,user:User4345,role:AdminRole2684,2,2,1,1,1,0,0,0,0,0,0,0,HIGH,0.68,Lateral Movement,pass_role + assume_role_chain
synthetic_03643,synthetic_03643_path_001,user:User2748,resource:Bucket9453,2,1,1,1,0,1,1,0,0,0,0,0,MEDIUM,0.43,Data Access,wildcard_action + wildcard_resource
synthetic_03644,synthetic_03644_path_001,user:User7920,role:AdminRole2395,2,2,1,1,1,0,0,0,0,0,0,0,HIGH,0.68,Lateral Movement,pass_role + assume_role_chain
synthetic_03645,synthetic_03645_path_001,user:User8700,role:AdminRole8185,2,2,1,1,1,0,0,0,0,0,0,0,HIGH,0.68,Lateral Movement,pass_role + assume_role_chain
synthetic_03646,synthetic_03646_path_001,user:User9541,resource:Bucket4263,2,1,1,1,0,1,1,0,0,0,0,0,MEDIUM,0.43,Data Access,wildcard_action + wildcard_resource
synthetic_03647,synthetic_03647_path_001,user:User1682,resource:Bucket1460,2,1,1,1,0,1,1,0,0,0,0,0,MEDIUM,0.43,Data Access,wildcard_action + wildcard_resource
synthetic_03648,synthetic_03648_path_001,user:User6841,resource:Bucket2097,2,1,1,1,0,0,0,0,0,0,0,0,LOW,0.15,Data Access,read_only_access
synthetic_03649,synthetic_03649_path_001,user:User3456,resource:Bucket7055,2,1,1,1,0,1,1,0,0,0,0,0,MEDIUM,0.43,Data Access,wildcard_action + wildcard_resource
synthetic_03650,synthetic_03650_path_001,user:User9342,resource:Bucket5625,2,1,1,1,0,1,1,0,0,0,0,1,CRITICAL,0.85,Privilege Escalation,admin_permission
synthetic_03651,synthetic_03651_path_001,user:User2544,resource:Table6491,3,2,1,1,0,0,0,0,0,0,0,0,HIGH,0.65,Lateral Movement,assume_role_chain
synthetic_03652,synthetic_03652_path_001,user:User2090,role:AdminRole9837,2,2,1,1,1,0,0,0,0,0,0,0,HIGH,0.68,Lateral Movement,pass_role + assume_role_chain
synthetic_03653,synthetic_03653_path_001,user:User7968,resource:Policy9979,2,1,1,1,0,0,0,1,0,0,0,0,CRITICAL,0.85,Privilege Escalation,policy_modification
synthetic_03654,synthetic_03654_path_001,user:User1070,resource:Policy1105,2,1,1,1,0,0,0,1,0,0,0,0,CRITICAL,0.85,Privilege Escalation,policy_modification
synthetic_03655,synthetic_03655_path_001,user:User4350,role:AdminRole8569,2,2,1,1,1,0,0,0,0,0,0,0,HIGH,0.68,Lateral Movement,pass_role + assume_role_chain
synthetic_03656,synthetic_03656_path_001,user:User7295,resource:Bucket4636,2,1,1,1,0,0,0,0,0,0,0,0,LOW,0.15,Data Access,read_only_access
synthetic_03657,synthetic_03657_path_001,user:User2003,resource:Table3060,3,2,1,1,0,0,0,0,0,0,0,0,HIGH,0.65,Lateral Movement,assume_role_chain
synthetic_03658,synthetic_03658_path_001,user:User7072,resource:Policy7987,2,1,1,1,0,0,0,1,0,0,0,0,CRITICAL,0.85,Privilege Escalation,policy_modification
synthetic_03659,synthetic_03659_path_001,user:User9918,resource:Bucket4120,2,1,1,1,0,0,0,0,0,0,0,0,LOW,0.15,Data Access,read_only_access
synthetic_03660,synthetic_03660_path_001,user:073827777118,resource:Bucket3297,2,1,1,1,0,1,1,0,1,1,0,0,CRITICAL,0.88,Lateral Movement,external_trust + cross_account
synthetic_03661,synthetic_03661_path_001,user:User9256,resource:Bucket2007,4,3,1,1,0,0,1,0,0,0,0,0,HIGH,0.68,Lateral Movement,assume_role_chain + long_privilege_escalation_chain
synthetic_03662,synthetic_03662_path_001,user:User1787,resource:Bucket5565,2,1,1,1,0,0,0,0,0,0,0,0,LOW,0.15,Data Access,read_only_access
synthetic_03663,synthetic_03663_path_001,user:User9009,resource:Table6714,3,2,1,1,0,0,0,0,0,0,0,0,HIGH,0.65,Lateral Movement,assume_role_chain
synthetic_03664,synthetic_03664_path_001,user:User8920,resource:Bucket7999,4,3,1,1,0,0,1,0,0,0,0,0,HIGH,0.68,Lateral Movement,assume_role_chain + long_privilege_escalation_chain
synthetic_03665,synthetic_03665_path_001,user:User8118,resource:Bucket7533,2,1,1,1,0,1,1,0,0,0,0,0,MEDIUM,0.43,Data Access,wildcard_action + wildcard_resource
synthetic_03666,synthetic_03666_path_001,user:User7187,resource:Bucket4842,2,1,1,1,0,1,1,0,0,0,0,0,MEDIUM,0.43,Data Access,wildcard_action + wildcard_resource
synthetic_03667,synthetic_03667_path_001,user:User1286,resource:Bucket3495,2,1,1,1,0,1,1,0,0,0,0,0,MEDIUM,0.43,Data Access,wildcard_action + wildcard_resource
synthetic_03668,synthetic_03668_path_001,user:User7223,resource:Bucket4215,2,1,1,1,0,1,1,0,0,0,0,1,CRITICAL,0.85,Privilege Escalation,admin_permission
synthetic_03669,synthetic_03669_path_001,user:User2445,resource:Bucket5233,2,1,1,1,0,0,0,0,0,0,0,0,LOW,0.15,Data Access,read_only_access
synthetic_03670,synthetic_03670_path_001,user:User5661,resource:Bucket4985,2,1,1,1,0,0,0,0,0,0,0,0,LOW,0.15,Data Access,read_only_access
synthetic_03671,synthetic_03671_path_001,user:User9074,resource:Bucket2353,2,1,1,1,0,0,0,0,0,0,0,0,LOW,0.15,Data Access,read_only_access
synthetic_03672,synthetic_03672_path_001,user:User1718,resource:Bucket7865,4,3,1,1,0,0,1,0,0,0,0,0,HIGH,0.68,Lateral Movement,assume_role_chain + long_privilege_escalation_chain
synthetic_03673,synthetic_03673_path_001,user:User7575,resource:Bucket4423,2,1,1,1,0,0,0,0,0,0,0,0,LOW,0.15,Data Access,read_only_access
synthetic_03674,synthetic_03674_path_001,user:User4330,role:AdminRole6220,2,2,1,1,1,0,0,0,0,0,0,0,HIGH,0.68,Lateral Movement,pass_role + assume_role_chain
synthetic_03675,synthetic_03675_path_001,user:User9198,resource:Bucket6868,2,1,1,1,0,1,1,0,0,0,0,0,MEDIUM,0.43,Data Access,wildcard_action + wildcard_resource
synthetic_03676,synthetic_03676_path_001,user:User5647,resource:Bucket8733,2,1,1,1,0,0,0,0,0,0,0,0,LOW,0.15,Data Access,read_only_access
synthetic_03677,synthetic_03677_path_001,user:User9279,resource:Bucket7346,2,1,1,1,0,0,0,0,0,0,0,0,LOW,0.15,Data Access,read_only_access
synthetic_03678,synthetic_03678_path_001,user:User4402,resource:Bucket9107,2,1,1,1,0,0,0,0,0,0,0,0,LOW,0.15,Data Access,read_only_access
synthetic_03679,synthetic_03679_path_001,user:User9494,resource:Bucket6085,2,1,1,1,0,1,1,0,0,0,0,0,MEDIUM,0.43,Data Access,wildcard_action + wildcard_resource
synthetic_03680,synthetic_03680_path_001,user:User3727,resource:Policy3105,2,1,1,1,0,0,0,1,0,0,0,0,CRITICAL,0.85,Privilege Escalation,policy_modification
synthetic_03681,synthetic_03681_path_001,user:User1563,resource:Bucket1340,2,1,1,1,0,0,0,0,0,0,0,0,LOW,0.15,Data Access,read_only_access
synthetic_03682,synthetic_03682_path_001,user:User7176,resource:Bucket6236,2,1,1,1,0,1,1,0,0,0,0,0,MEDIUM,0.43,Data Access,wildcard_action + wildcard_resource
synthetic_03683,synthetic_03683_path_001,user:partner-5584,resource:Secret3346,2,1,1,1,0,0,0,0,1,0,1,0,CRITICAL,0.85,Data Access,external_trust
synthetic_03684,synthetic_03684_path_001,user:User4324,resource:Bucket4246,2,1,1,1,0,1,1,0,0,0,0,0,MEDIUM,0.43,Data Access,wildcard_action + wildcard_resource
synthetic_03685,synthetic_03685_path_001,user:User4556,resource:Policy4289,2,1,1,1,0,0,0,1,0,0,0,0,CRITICAL,0.85,Privilege Escalation,policy_modification
synthetic_03686,synthetic_03686_path_001,user:009089931878,resource:Bucket1058,2,1,1,1,0,1,1,0,1,1,0,0,CRITICAL,0.88,Lateral Movement,external_trust + cross_account
synthetic_03687,synthetic_03687_path_001,user:User4778,role:AdminRole5565,2,2,1,1,1,0,0,0,0,0,0,0,HIGH,0.68,Lateral Movement,pass_role + assume_role_chain
synthetic_03688,synthetic_03688_path_001,user:User9908,resource:Bucket1828,2,1,1,1,0,0,0,0,0,0,0,0,LOW,0.15,Data Access,read_only_access
synthetic_03689,synthetic_03689_path_001,user:User8266,resource:Bucket4972,4,3,1,1,0,0,1,0,0,0,0,0,HIGH,0.68,Lateral Movement,assume_role_chain + long_privilege_escalation_chain
synthetic_03690,synthetic_03690_path_001,user:User1405,role:AdminRole2349,2,2,1,1,1,0,0,0,0,0,0,0,HIGH,0.68,Lateral Movement,pass_role + assume_role_chain
synthetic_03691,synthetic_03691_path_001,user:User3246,resource:Bucket9518,2,1,1,1,0,0,0,0,0,0,0,0,LOW,0.15,Data Access,read_only_access
synthetic_03692,synthetic_03692_path_001,user:User5965,resource:Bucket5201,2,1,1,1,0,1,1,0,0,0,0,1,CRITICAL,0.85,Privilege Escalation,admin_permission
synthetic_03693,synthetic_03693_path_001,user:User4609,resource:Bucket2446,2,1,1,1,0,1,1,0,0,0,0,0,MEDIUM,0.43,Data Access,wildcard_action + wildcard_resource
synthetic_03694,synthetic_03694_path_001,user:User4474,role:AdminRole1137,2,2,1,1,1,0,0,0,0,0,0,0,HIGH,0.68,Lateral Movement,pass_role + assume_role_chain
synthetic_03695,synthetic_03695_path_001,user:User8088,resource:Policy4322,2,1,1,1,0,0,0,1,0,0,0,0,CRITICAL,0.85,Privilege Escalation,policy_modification
synthetic_03696,synthetic_03696_path_001,user:User3285,role:AdminRole3044,2,2,1,1,1,0,0,0,0,0,0,0,HIGH,0.68,Lateral Movement,pass_role + assume_role_chain
synthetic_03697,synthetic_03697_path_001,user:User3292,resource:Bucket7687,4,3,1,1,0,0,1,0,0,0,0,0,HIGH,0.68,Lateral Movement,assume_role_chain + long_privilege_escalation_chain
synthetic_03698,synthetic_03698_path_001,user:User7644,resource:Bucket2610,4,3,1,1,0,0,1,0,0,0,0,0,HIGH,0.68,Lateral Movement,assume_role_chain + long_privilege_escalation_chain
synthetic_03699,synthetic_03699_path_001,user:User3052,resource:Policy9891,2,1,1,1,0,0,0,1,0,0,0,0,CRITICAL,0.85,Privilege Escalation,policy_modification
synthetic_03700,synthetic_03700_path_001,user:688501627629,resource:Bucket4015,2,1,1,1,0,1,1,0,1,1,0,0,CRITICAL,0.88,Lateral Movement,external_trust + cross_account
synthetic_03701,synthetic_03701_path_001,user:User9435,resource:Bucket4190,2,1,1,1,0,1,1,0,0,0,0,0,MEDIUM,0.43,Data Access,wildcard_action + wildcard_resource
synthetic_03702,synthetic_03702_path_001,user:User6322,resource:Bucket4068,2,1,1,1,0,1,1,0,0,0,0,1,CRITICAL,0.85,Privilege Escalation,admin_permission
synthetic_03703,synthetic_03703_path_001,user:User4962,role:AdminRole9772,2,2,1,1,1,0,0,0,0,0,0,0,HIGH,0.68,Lateral Movement,pass_role + assume_role_chain
synthetic_03704,synthetic_03704_path_001,user:User6299,resource:Bucket8808,2,1,1,1,0,0,0,0,0,0,0,0,LOW,0.15,Data Access,read_only_access
synthetic_03705,synthetic_03705_path_001,user:User9126,resource:Bucket5855,2,1,1,1,0,1,1,0,0,0,0,0,MEDIUM,0.43,Data Access,wildcard_action + wildcard_resource
synthetic_03706,synthetic_03706_path_001,user:User9719,resource:Bucket6195,2,1,1,1,0,1,1,0,0,0,0,0,MEDIUM,0.43,Data Access,wildcard_action + wildcard_resource
synthetic_03707,synthetic_03707_path_001,user:User5766,resource:Bucket8222,2,1,1,1,0,1,1,0,0,0,0,1,CRITICAL,0.85,Privilege Escalation,admin_permission
synthetic_03708,synthetic_03708_path_001,user:User4087,resource:Bucket3278,2,1,1,1,0,1,1,0,0,0,0,0,MEDIUM,0.43,Data Access,wildcard_action + wildcard_resource
synthetic_03709,synthetic_03709_path_001,user:partner-9755,resource:Secret8231,2,1,1,1,0,0,0,0,1,0,1,0,CRITICAL,0.85,Data Access,external_trust
synthetic_03710,synthetic_03710_path_001,user:User6052,resource:Policy8021,2,1,1,1,0,0,0,1,0,0,0,0,CRITICAL,0.85,Privilege Escalation,policy_modification
synthetic_03711,synthetic_03711_path_001,user:User6915,resource:Policy1071,2,1,1,1,0,0,0,1,0,0,0,0,CRITICAL,0.85,Privilege Escalation,policy_modification
synthetic_03712,synthetic_03712_path_001,user:User3964,resource:Bucket8327,2,1,1,1,0,1,1,0,0,0,0,0,MEDIUM,0.43,Data Access,wildcard_action + wildcard_resource
synthetic_03713,synthetic_03713_path_001,user:User1815,resource:Bucket1272,2,1,1,1,0,1,1,0,0,0,0,0,MEDIUM,0.43,Data Access,wildcard_action + wildcard_resource
synthetic_03714,synthetic_03714_path_001,user:User3456,resource:Bucket1216,2,1,1,1,0,0,0,0,0,0,0,0,LOW,0.15,Data Access,read_only_access
synthetic_03715,synthetic_03715_path_001,user:User9083,resource:Table1376,3,2,1,1,0,0,0,0,0,0,0,0,HIGH,0.65,Lateral Movement,assume_role_chain
synthetic_03716,synthetic_03716_path_001,user:User6646,resource:Bucket3968,2,1,1,1,0,1,1,0,0,0,0,0,MEDIUM,0.43,Data Access,wildcard_action + wildcard_resource
synthetic_03717,synthetic_03717_path_001,user:User4454,resource:Bucket1256,2,1,1,1,0,0,0,0,0,0,0,0,LOW,0.15,Data Access,read_only_access
synthetic_03718,synthetic_03718_path_001,user:User9167,resource:Bucket1324,2,1,1,1,0,0,0,0,0,0,0,0,LOW,0.15,Data Access,read_only_access
synthetic_03719,synthetic_03719_path_001,user:User7306,resource:Bucket3275,2,1,1,1,0,0,0,0,0,0,0,0,LOW,0.15,Data Access,read_only_access
synthetic_03720,synthetic_03720_path_001,user:User5723,resource:Bucket6351,2,1,1,1,0,0,0,0,0,0,0,0,LOW,0.15,Data Access,read_only_access
synthetic_03721,synthetic_03721_path_001,user:User5539,resource:Table7020,3,2,1,1,0,0,0,0,0,0,0,0,HIGH,0.65,Lateral Movement,assume_role_chain
synthetic_03722,synthetic_03722_path_001,user:740687354453,resource:Bucket6411,2,1,1,1,0,1,1,0,1,1,0,0,CRITICAL,0.88,Lateral Movement,external_trust + cross_account
synthetic_03723,synthetic_03723_path_001,user:User9994,resource:Table6798,3,2,1,1,0,0,0,0,0,0,0,0,HIGH,0.65,Lateral Movement,assume_role_chain
synthetic_03724,synthetic_03724_path_001,user:834834835862,resource:Bucket9102,2,1,1,1,0,1,1,0,1,1,0,0,CRITICAL,0.88,Lateral Movement,external_trust + cross_account
synthetic_03725,synthetic_03725_path_001,user:User9480,resource:Policy4937,2,1,1,1,0,0,0,1,0,0,0,0,CRITICAL,0.85,Privilege Escalation,policy_modification
synthetic_03726,synthetic_03726_path_001,user:User8548,resource:Policy6978,2,1,1,1,0,0,0,1,0,0,0,0,CRITICAL,0.85,Privilege Escalation,policy_modification
synthetic_03727,synthetic_03727_path_001,user:943269834436,resource:Bucket9774,2,1,1,1,0,1,1,0,1,1,0,0,CRITICAL,0.88,Lateral Movement,external_trust + cross_account
synthetic_03728,synthetic_03728_path_001,user:partner-6006,resource:Secret1976,2,1,1,1,0,0,0,0,1,0,1,0,CRITICAL,0.85,Data Access,external_trust
synthetic_03729,synthetic_03729_path_001,user:User9716,role:AdminRole7568,2,2,1,1,1,0,0,0,0,0,0,0,HIGH,0.68,Lateral Movement,pass_role + assume_role_chain
synthetic_03730,synthetic_03730_path_001,user:User1134,resource:Bucket8501,2,1,1,1,0,1,1,0,0,0,0,0,MEDIUM,0.43,Data Access,wildcard_action + wildcard_resource
synthetic_03731,synthetic_03731_path_001,user:939077372954,resource:Bucket1078,2,1,1,1,0,1,1,0,1,1,0,0,CRITICAL,0.88,Lateral Movement,external_trust + cross_account
synthetic_03732,synthetic_03732_path_001,user:User6489,resource:Bucket2801,2,1,1,1,0,1,1,0,0,0,0,0,MEDIUM,0.43,Data Access,wildcard_action + wildcard_resource
synthetic_03733,synthetic_03733_path_001,user:User1079,resource:Bucket6627,2,1,1,1,0,0,0,0,0,0,0,0,LOW,0.15,Data Access,read_only_access
synthetic_03734,synthetic_03734_path_001,user:User4436,resource:Bucket4718,2,1,1,1,0,0,0,0,0,0,0,0,LOW,0.15,Data Access,read_only_access
synthetic_03735,synthetic_03735_path_001,user:User4809,role:AdminRole9052,2,2,1,1,1,0,0,0,0,0,0,0,HIGH,0.68,Lateral Movement,pass_role + assume_role_chain
synthetic_03736,synthetic_03736_path_001,user:User6416,role:AdminRole2288,2,2,1,1,1,0,0,0,0,0,0,0,HIGH,0.68,Lateral Movement,pass_role + assume_role_chain
synthetic_03737,synthetic_03737_path_001,user:partner-2647,resource:Secret3330,2,1,1,1,0,0,0,0,1,0,1,0,CRITICAL,0.85,Data Access,external_trust
synthetic_03738,synthetic_03738_path_001,user:User5501,role:AdminRole7571,2,2,1,1,1,0,0,0,0,0,0,0,HIGH,0.68,Lateral Movement,pass_role + assume_role_chain
synthetic_03739,synthetic_03739_path_001,user:User8548,resource:Bucket3441,2,1,1,1,0,1,1,0,0,0,0,0,MEDIUM,0.43,Data Access,wildcard_action + wildcard_resource
synthetic_03740,synthetic_03740_path_001,user:partner-6635,resource:Secret1837,2,1,1,1,0,0,0,0,1,0,1,0,CRITICAL,0.85,Data Access,external_trust
synthetic_03741,synthetic_03741_path_001,user:User4152,resource:Bucket6710,2,1,1,1,0,0,0,0,0,0,0,0,LOW,0.15,Data Access,read_only_access
synthetic_03742,synthetic_03742_path_001,user:User8067,resource:Bucket2324,2,1,1,1,0,1,1,0,0,0,0,0,MEDIUM,0.43,Data Access,wildcard_action + wildcard_resource
synthetic_03743,synthetic_03743_path_001,user:User5987,resource:Bucket6856,2,1,1,1,0,0,0,0,0,0,0,0,LOW,0.15,Data Access,read_only_access
synthetic_03744,synthetic_03744_path_001,user:User1512,resource:Bucket3223,2,1,1,1,0,1,1,0,0,0,0,0,MEDIUM,0.43,Data Access,wildcard_action + wildcard_resource
synthetic_03745,synthetic_03745_path_001,user:User7811,resource:Policy4273,2,1,1,1,0,0,0,1,0,0,0,0,CRITICAL,0.85,Privilege Escalation,policy_modification
synthetic_03746,synthetic_03746_path_001,user:User2564,resource:Bucket2423,2,1,1,1,0,1,1,0,0,0,0,0,MEDIUM,0.43,Data Access,wildcard_action + wildcard_resource
synthetic_03747,synthetic_03747_path_001,user:User3732,resource:Bucket5216,2,1,1,1,0,1,1,0,0,0,0,1,CRITICAL,0.85,Privilege Escalation,admin_permission
synthetic_03748,synthetic_03748_path_001,user:User9416,resource:Bucket9613,2,1,1,1,0,1,1,0,0,0,0,0,MEDIUM,0.43,Data Access,wildcard_action + wildcard_resource
synthetic_03749,synthetic_03749_path_001,user:User1970,resource:Bucket4834,2,1,1,1,0,0,0,0,0,0,0,0,LOW,0.15,Data Access,read_only_access
synthetic_03750,synthetic_03750_path_001,user:User4848,resource:Bucket2208,2,1,1,1,0,0,0,0,0,0,0,0,LOW,0.15,Data Access,read_only_access
synthetic_03751,synthetic_03751_path_001,user:User1532,resource:Bucket9844,2,1,1,1,0,1,1,0,0,0,0,0,MEDIUM,0.43,Data Access,wildcard_action + wildcard_resource
synthetic_03752,synthetic_03752_path_001,user:User7861,resource:Bucket3838,4,3,1,1,0,0,1,0,0,0,0,0,HIGH,0.68,Lateral Movement,assume_role_chain + long_privilege_escalation_chain
synthetic_03753,synthetic_03753_path_001,user:User9700,resource:Bucket1630,2,1,1,1,0,0,0,0,0,0,0,0,LOW,0.15,Data Access,read_only_access
synthetic_03754,synthetic_03754_path_001,user:420259364502,resource:Bucket4891,2,1,1,1,0,1,1,0,1,1,0,0,CRITICAL,0.88,Lateral Movement,external_trust + cross_account
synthetic_03755,synthetic_03755_path_001,user:User6927,resource:Bucket8234,2,1,1,1,0,0,0,0,0,0,0,0,LOW,0.15,Data Access,read_only_access
synthetic_03756,synthetic_03756_path_001,user:User2047,role:AdminRole6426,2,2,1,1,1,0,0,0,0,0,0,0,HIGH,0.68,Lateral Movement,pass_role + assume_role_chain
synthetic_03757,synthetic_03757_path_001,user:User1397,resource:Bucket5239,2,1,1,1,0,1,1,0,0,0,0,0,MEDIUM,0.43,Data Access,wildcard_action + wildcard_resource
synthetic_03758,synthetic_03758_path_001,user:User4327,resource:Policy5075,2,1,1,1,0,0,0,1,0,0,0,0,CRITICAL,0.85,Privilege Escalation,policy_modification
synthetic_03759,synthetic_03759_path_001,user:User2385,resource:Bucket3568,2,1,1,1,0,1,1,0,0,0,0,0,MEDIUM,0.43,Data Access,wildcard_action + wildcard_resource
synthetic_03760,synthetic_03760_path_001,user:User2756,resource:Table7684,3,2,1,1,0,0,0,0,0,0,0,0,HIGH,0.65,Lateral Movement,assume_role_chain
synthetic_03761,synthetic_03761_path_001,user:User2879,resource:Bucket3072,2,1,1,1,0,0,0,0,0,0,0,0,LOW,0.15,Data Access,read_only_access
synthetic_03762,synthetic_03762_path_001,user:User8404,resource:Bucket3649,2,1,1,1,0,0,0,0,0,0,0,0,LOW,0.15,Data Access,read_only_access
synthetic_03763,synthetic_03763_path_001,user:User2366,resource:Table9014,3,2,1,1,0,0,0,0,0,0,0,0,HIGH,0.65,Lateral Movement,assume_role_chain
synthetic_03764,synthetic_03764_path_001,user:User3549,resource:Bucket2604,2,1,1,1,0,0,0,0,0,0,0,0,LOW,0.15,Data Access,read_only_access
synthetic_03765,synthetic_03765_path_001,user:573767105298,resource:Bucket8984,2,1,1,1,0,1,1,0,1,1,0,0,CRITICAL,0.88,Lateral Movement,external_trust + cross_account
synthetic_03766,synthetic_03766_path_001,user:User2326,resource:Bucket4219,2,1,1,1,0,1,1,0,0,0,0,0,MEDIUM,0.43,Data Access,wildcard_action + wildcard_resource
synthetic_03767,synthetic_03767_path_001,user:User1169,resource:Bucket1096,2,1,1,1,0,1,1,0,0,0,0,0,MEDIUM,0.43,Data Access,wildcard_action + wildcard_resource
synthetic_03768,synthetic_03768_path_001,user:partner-4998,resource:Secret1560,2,1,1,1,0,0,0,0,1,0,1,0,CRITICAL,0.85,Data Access,external_trust
synthetic_03769,synthetic_03769_path_001,user:User1905,resource:Table9241,3,2,1,1,0,0,0,0,0,0,0,0,HIGH,0.65,Lateral Movement,assume_role_chain
synthetic_03770,synthetic_03770_path_001,user:User7497,resource:Bucket4895,2,1,1,1,0,1,1,0,0,0,0,0,MEDIUM,0.43,Data Access,wildcard_action + wildcard_resource
synthetic_03771,synthetic_03771_path_001,user:User4370,role:AdminRole7686,2,2,1,1,1,0,0,0,0,0,0,0,HIGH,0.68,Lateral Movement,pass_role + assume_role_chain
synthetic_03772,synthetic_03772_path_001,user:User8524,resource:Table2127,3,2,1,1,0,0,0,0,0,0,0,0,HIGH,0.65,Lateral Movement,assume_role_chain
synthetic_03773,synthetic_03773_path_001,user:User3395,role:AdminRole7946,2,2,1,1,1,0,0,0,0,0,0,0,HIGH,0.68,Lateral Movement,pass_role + assume_role_chain
synthetic_03774,synthetic_03774_path_001,user:User2577,role:AdminRole2237,2,2,1,1,1,0,0,0,0,0,0,0,HIGH,0.68,Lateral Movement,pass_role + assume_role_chain
synthetic_03775,synthetic_03775_path_001,user:827210513346,resource:Bucket2647,2,1,1,1,0,1,1,0,1,1,0,0,CRITICAL,0.88,Lateral Movement,external_trust + cross_account
synthetic_03776,synthetic_03776_path_001,user:User4850,resource:Bucket9960,2,1,1,1,0,0,0,0,0,0,0,0,LOW,0.15,Data Access,read_only_access
synthetic_03777,synthetic_03777_path_001,user:User1516,resource:Bucket2258,2,1,1,1,0,0,0,0,0,0,0,0,LOW,0.15,Data Access,read_only_access
synthetic_03778,synthetic_03778_path_001,user:partner-7735,resource:Secret7804,2,1,1,1,0,0,0,0,1,0,1,0,CRITICAL,0.85,Data Access,external_trust
synthetic_03779,synthetic_03779_path_001,user:User2408,role:AdminRole5022,2,2,1,1,1,0,0,0,0,0,0,0,HIGH,0.68,Lateral Movement,pass_role + assume_role_chain
synthetic_03780,synthetic_03780_path_001,user:User1206,resource:Bucket8964,4,3,1,1,0,0,1,0,0,0,0,0,HIGH,0.68,Lateral Movement,assume_role_chain + long_privilege_escalation_chain
synthetic_03781,synthetic_03781_path_001,user:User1379,resource:Bucket3120,2,1,1,1,0,0,0,0,0,0,0,0,LOW,0.15,Data Access,read_only_access
synthetic_03782,synthetic_03782_path_001,user:User1825,resource:Bucket2870,4,3,1,1,0,0,1,0,0,0,0,0,HIGH,0.68,Lateral Movement,assume_role_chain + long_privilege_escalation_chain
synthetic_03783,synthetic_03783_path_001,user:User1451,role:AdminRole6253,2,2,1,1,1,0,0,0,0,0,0,0,HIGH,0.68,Lateral Movement,pass_role + assume_role_chain
synthetic_03784,synthetic_03784_path_001,user:User4550,resource:Bucket1105,2,1,1,1,0,0,0,0,0,0,0,0,LOW,0.15,Data Access,read_only_access
synthetic_03785,synthetic_03785_path_001,user:User2318,resource:Bucket5979,2,1,1,1,0,0,0,0,0,0,0,0,LOW,0.15,Data Access,read_only_access
synthetic_03786,synthetic_03786_path_001,user:User8743,resource:Bucket7478,2,1,1,1,0,1,1,0,0,0,0,0,MEDIUM,0.43,Data Access,wildcard_action + wildcard_resource
synthetic_03787,synthetic_03787_path_001,user:User4048,resource:Policy8008,2,1,1,1,0,0,0,1,0,0,0,0,CRITICAL,0.85,Privilege Escalation,policy_modification
synthetic_03788,synthetic_03788_path_001,user:User8309,resource:Bucket9208,2,1,1,1,0,0,0,0,0,0,0,0,LOW,0.15,Data Access,read_only_access
synthetic_03789,synthetic_03789_path_001,user:User6806,resource:Bucket2745,2,1,1,1,0,1,1,0,0,0,0,0,MEDIUM,0.43,Data Access,wildcard_action + wildcard_resource
synthetic_03790,synthetic_03790_path_001,user:User8219,resource:Policy4584,2,1,1,1,0,0,0,1,0,0,0,0,CRITICAL,0.85,Privilege Escalation,policy_modification
synthetic_03791,synthetic_03791_path_001,user:User4399,resource:Bucket2612,2,1,1,1,0,1,1,0,0,0,0,0,MEDIUM,0.43,Data Access,wildcard_action + wildcard_resource
synthetic_03792,synthetic_03792_path_001,user:User1762,resource:Bucket3290,2,1,1,1,0,1,1,0,0,0,0,0,MEDIUM,0.43,Data Access,wildcard_action + wildcard_resource
synthetic_03793,synthetic_03793_path_001,user:User2127,resource:Bucket5868,2,1,1,1,0,1,1,0,0,0,0,0,MEDIUM,0.43,Data Access,wildcard_action + wildcard_resource
synthetic_03794,synthetic_03794_path_001,user:User4355,resource:Bucket1013,2,1,1,1,0,1,1,0,0,0,0,0,MEDIUM,0.43,Data Access,wildcard_action + wildcard_resource
synthetic_03795,synthetic_03795_path_001,user:partner-7817,resource:Secret5885,2,1,1,1,0,0,0,0,1,0,1,0,CRITICAL,0.85,Data Access,external_trust
synthetic_03796,synthetic_03796_path_001,user:User5841,resource:Bucket4715,2,1,1,1,0,1,1,0,0,0,0,0,MEDIUM,0.43,Data Access,wildcard_action + wildcard_resource
synthetic_03797,synthetic_03797_path_001,user:User4394,resource:Bucket1445,4,3,1,1,0,0,1,0,0,0,0,0,HIGH,0.68,Lateral Movement,assume_role_chain + long_privilege_escalation_chain
synthetic_03798,synthetic_03798_path_001,user:User7348,resource:Bucket8914,2,1,1,1,0,1,1,0,0,0,0,0,MEDIUM,0.43,Data Access,wildcard_action + wildcard_resource
synthetic_03799,synthetic_03799_path_001,user:User4790,role:AdminRole1463,2,2,1,1,1,0,0,0,0,0,0,0,HIGH,0.68,Lateral Movement,pass_role + assume_role_chain
synthetic_03800,synthetic_03800_path_001,user:User4602,resource:Bucket4732,2,1,1,1,0,1,1,0,0,0,0,0,MEDIUM,0.43,Data Access,wildcard_action + wildcard_resource
synthetic_03801,synthetic_03801_path_001,user:User6644,resource:Policy3375,2,1,1,1,0,0,0,1,0,0,0,0,CRITICAL,0.85,Privilege Escalation,policy_modification
synthetic_03802,synthetic_03802_path_001,user:User8906,resource:Table6403,3,2,1,1,0,0,0,0,0,0,0,0,HIGH,0.65,Lateral Movement,assume_role_chain
synthetic_03803,synthetic_03803_path_001,user:User5590,role:AdminRole1715,2,2,1,1,1,0,0,0,0,0,0,0,HIGH,0.68,Lateral Movement,pass_role + assume_role_chain
synthetic_03804,synthetic_03804_path_001,user:062911872282,resource:Bucket8861,2,1,1,1,0,1,1,0,1,1,0,0,CRITICAL,0.88,Lateral Movement,external_trust + cross_account
synthetic_03805,synthetic_03805_path_001,user:User2871,resource:Bucket7561,2,1,1,1,0,0,0,0,0,0,0,0,LOW,0.15,Data Access,read_only_access
synthetic_03806,synthetic_03806_path_001,user:User9615,resource:Table8816,3,2,1,1,0,0,0,0,0,0,0,0,HIGH,0.65,Lateral Movement,assume_role_chain
synthetic_03807,synthetic_03807_path_001,user:997990522171,resource:Bucket5573,2,1,1,1,0,1,1,0,1,1,0,0,CRITICAL,0.88,Lateral Movement,external_trust + cross_account
synthetic_03808,synthetic_03808_path_001,user:User2555,resource:Bucket2671,2,1,1,1,0,1,1,0,0,0,0,0,MEDIUM,0.43,Data Access,wildcard_action + wildcard_resource
synthetic_03809,synthetic_03809_path_001,user:User6134,resource:Bucket4985,2,1,1,1,0,1,1,0,0,0,0,0,MEDIUM,0.43,Data Access,wildcard_action + wildcard_resource
synthetic_03810,synthetic_03810_path_001,user:User3755,resource:Policy7005,2,1,1,1,0,0,0,1,0,0,0,0,CRITICAL,0.85,Privilege Escalation,policy_modification
synthetic_03811,synthetic_03811_path_001,user:User7789,resource:Policy7857,2,1,1,1,0,0,0,1,0,0,0,0,CRITICAL,0.85,Privilege Escalation,policy_modification
synthetic_03812,synthetic_03812_path_001,user:User8995,resource:Bucket2163,2,1,1,1,0,1,1,0,0,0,0,0,MEDIUM,0.43,Data Access,wildcard_action + wildcard_resource
synthetic_03813,synthetic_03813_path_001,user:User1877,resource:Policy9690,2,1,1,1,0,0,0,1,0,0,0,0,CRITICAL,0.85,Privilege Escalation,policy_modification
synthetic_03814,synthetic_03814_path_001,user:User4394,resource:Bucket9185,2,1,1,1,0,0,0,0,0,0,0,0,LOW,0.15,Data Access,read_only_access
synthetic_03815,synthetic_03815_path_001,user:User3813,resource:Bucket7373,2,1,1,1,0,1,1,0,0,0,0,0,MEDIUM,0.43,Data Access,wildcard_action + wildcard_resource
synthetic_03816,synthetic_03816_path_001,user:317985490049,resource:Bucket4975,2,1,1,1,0,1,1,0,1,1,0,0,CRITICAL,0.88,Lateral Movement,external_trust + cross_account
synthetic_03817,synthetic_03817_path_001,user:User5847,resource:Bucket9452,2,1,1,1,0,1,1,0,0,0,0,0,MEDIUM,0.43,Data Access,wildcard_action + wildcard_resource
synthetic_03818,synthetic_03818_path_001,user:User4840,resource:Bucket8894,4,3,1,1,0,0,1,0,0,0,0,0,HIGH,0.68,Lateral Movement,assume_role_chain + long_privilege_escalation_chain
synthetic_03819,synthetic_03819_path_001,user:User3383,resource:Table2734,3,2,1,1,0,0,0,0,0,0,0,0,HIGH,0.65,Lateral Movement,assume_role_chain
synthetic_03820,synthetic_03820_path_001,user:User5461,resource:Bucket4018,2,1,1,1,0,1,1,0,0,0,0,0,MEDIUM,0.43,Data Access,wildcard_action + wildcard_resource
synthetic_03821,synthetic_03821_path_001,user:User5162,resource:Bucket2741,4,3,1,1,0,0,1,0,0,0,0,0,HIGH,0.68,Lateral Movement,assume_role_chain + long_privilege_escalation_chain
synthetic_03822,synthetic_03822_path_001,user:partner-2990,resource:Secret7474,2,1,1,1,0,0,0,0,1,0,1,0,CRITICAL,0.85,Data Access,external_trust
synthetic_03823,synthetic_03823_path_001,user:User2600,resource:Bucket5123,2,1,1,1,0,1,1,0,0,0,0,0,MEDIUM,0.43,Data Access,wildcard_action + wildcard_resource
synthetic_03824,synthetic_03824_path_001,user:User4565,resource:Bucket4970,2,1,1,1,0,1,1,0,0,0,0,0,MEDIUM,0.43,Data Access,wildcard_action + wildcard_resource
synthetic_03825,synthetic_03825_path_001,user:User6532,resource:Bucket8022,2,1,1,1,0,1,1,0,0,0,0,0,MEDIUM,0.43,Data Access,wildcard_action + wildcard_resource
synthetic_03826,synthetic_03826_path_001,user:User8615,role:AdminRole5547,2,2,1,1,1,0,0,0,0,0,0,0,HIGH,0.68,Lateral Movement,pass_role + assume_role_chain
synthetic_03827,synthetic_03827_path_001,user:089921773516,resource:Bucket9326,2,1,1,1,0,1,1,0,1,1,0,0,CRITICAL,0.88,Lateral Movement,external_trust + cross_account
synthetic_03828,synthetic_03828_path_001,user:User8708,resource:Bucket8025,2,1,1,1,0,0,0,0,0,0,0,0,LOW,0.15,Data Access,read_only_access
synthetic_03829,synthetic_03829_path_001,user:User2982,resource:Bucket1183,4,3,1,1,0,0,1,0,0,0,0,0,HIGH,0.68,Lateral Movement,assume_role_chain + long_privilege_escalation_chain
synthetic_03830,synthetic_03830_path_001,user:User3797,resource:Table9605,3,2,1,1,0,0,0,0,0,0,0,0,HIGH,0.65,Lateral Movement,assume_role_chain
synthetic_03831,synthetic_03831_path_001,user:306323654018,resource:Bucket6079,2,1,1,1,0,1,1,0,1,1,0,0,CRITICAL,0.88,Lateral Movement,external_trust + cross_account
synthetic_03832,synthetic_03832_path_001,user:User5435,resource:Bucket1504,2,1,1,1,0,1,1,0,0,0,0,0,MEDIUM,0.43,Data Access,wildcard_action + wildcard_resource
synthetic_03833,synthetic_03833_path_001,user:partner-7026,resource:Secret6040,2,1,1,1,0,0,0,0,1,0,1,0,CRITICAL,0.85,Data Access,external_trust
synthetic_03834,synthetic_03834_path_001,user:User2488,resource:Bucket9433,2,1,1,1,0,1,1,0,0,0,0,0,MEDIUM,0.43,Data Access,wildcard_action + wildcard_resource
synthetic_03835,synthetic_03835_path_001,user:User5488,resource:Bucket5669,2,1,1,1,0,1,1,0,0,0,0,0,MEDIUM,0.43,Data Access,wildcard_action + wildcard_resource
synthetic_03836,synthetic_03836_path_001,user:User9833,resource:Bucket4154,2,1,1,1,0,1,1,0,0,0,0,0,MEDIUM,0.43,Data Access,wildcard_action + wildcard_resource
synthetic_03837,synthetic_03837_path_001,user:User3199,resource:Bucket6321,2,1,1,1,0,1,1,0,0,0,0,0,MEDIUM,0.43,Data Access,wildcard_action + wildcard_resource
synthetic_03838,synthetic_03838_path_001,user:261103565942,resource:Bucket1577,2,1,1,1,0,1,1,0,1,1,0,0,CRITICAL,0.88,Lateral Movement,external_trust + cross_account
synthetic_03839,synthetic_03839_path_001,user:User7252,resource:Bucket7937,2,1,1,1,0,1,1,0,0,0,0,0,MEDIUM,0.43,Data Access,wildcard_action + wildcard_resource
synthetic_03840,synthetic_03840_path_001,user:User4796,resource:Bucket7286,2,1,1,1,0,1,1,0,0,0,0,0,MEDIUM,0.43,Data Access,wildcard_action + wildcard_resource
synthetic_03841,synthetic_03841_path_001,user:User9876,resource:Policy1266,2,1,1,1,0,0,0,1,0,0,0,0,CRITICAL,0.85,Privilege Escalation,policy_modification
synthetic_03842,synthetic_03842_path_001,user:partner-3077,resource:Secret3437,2,1,1,1,0,0,0,0,1,0,1,0,CRITICAL,0.85,Data Access,external_trust
synthetic_03843,synthetic_03843_path_001,user:User3911,resource:Bucket4077,2,1,1,1,0,1,1,0,0,0,0,0,MEDIUM,0.43,Data Access,wildcard_action + wildcard_resource
synthetic_03844,synthetic_03844_path_001,user:User5913,resource:Bucket9827,2,1,1,1,0,0,0,0,0,0,0,0,LOW,0.15,Data Access,read_only_access
synthetic_03845,synthetic_03845_path_001,user:User7077,resource:Bucket9631,2,1,1,1,0,0,0,0,0,0,0,0,LOW,0.15,Data Access,read_only_access
synthetic_03846,synthetic_03846_path_001,user:User1610,resource:Bucket8121,2,1,1,1,0,1,1,0,0,0,0,0,MEDIUM,0.43,Data Access,wildcard_action + wildcard_resource
synthetic_03847,synthetic_03847_path_001,user:User3893,resource:Bucket3188,2,1,1,1,0,1,1,0,0,0,0,0,MEDIUM,0.43,Data Access,wildcard_action + wildcard_resource
synthetic_03848,synthetic_03848_path_001,user:User4345,resource:Bucket1355,2,1,1,1,0,1,1,0,0,0,0,0,MEDIUM,0.43,Data Access,wildcard_action + wildcard_resource
synthetic_03849,synthetic_03849_path_001,user:User9569,resource:Policy5456,2,1,1,1,0,0,0,1,0,0,0,0,CRITICAL,0.85,Privilege Escalation,policy_modification
synthetic_03850,synthetic_03850_path_001,user:User1135,resource:Table7913,3,2,1,1,0,0,0,0,0,0,0,0,HIGH,0.65,Lateral Movement,assume_role_chain
synthetic_03851,synthetic_03851_path_001,user:User4432,resource:Bucket2574,2,1,1,1,0,1,1,0,0,0,0,0,MEDIUM,0.43,Data Access,wildcard_action + wildcard_resource
synthetic_03852,synthetic_03852_path_001,user:User8502,resource:Bucket9569,2,1,1,1,0,0,0,0,0,0,0,0,LOW,0.15,Data Access,read_only_access
synthetic_03853,synthetic_03853_path_001,user:partner-6574,resource:Secret3234,2,1,1,1,0,0,0,0,1,0,1,0,CRITICAL,0.85,Data Access,external_trust
synthetic_03854,synthetic_03854_path_001,user:496686679899,resource:Bucket8487,2,1,1,1,0,1,1,0,1,1,0,0,CRITICAL,0.88,Lateral Movement,external_trust + cross_account
synthetic_03855,synthetic_03855_path_001,user:User1364,resource:Bucket1843,2,1,1,1,0,0,0,0,0,0,0,0,LOW,0.15,Data Access,read_only_access
synthetic_03856,synthetic_03856_path_001,user:User2344,resource:Bucket1431,2,1,1,1,0,1,1,0,0,0,0,0,MEDIUM,0.43,Data Access,wildcard_action + wildcard_resource
synthetic_03857,synthetic_03857_path_001,user:User8340,resource:Bucket6516,2,1,1,1,0,1,1,0,0,0,0,1,CRITICAL,0.85,Privilege Escalation,admin_permission
synthetic_03858,synthetic_03858_path_001,user:User8080,resource:Bucket1000,2,1,1,1,0,1,1,0,0,0,0,0,MEDIUM,0.43,Data Access,wildcard_action + wildcard_resource
synthetic_03859,synthetic_03859_path_001,user:User7920,resource:Bucket9051,4,3,1,1,0,0,1,0,0,0,0,0,HIGH,0.68,Lateral Movement,assume_role_chain + long_privilege_escalation_chain
synthetic_03860,synthetic_03860_path_001,user:234359698504,resource:Bucket1272,2,1,1,1,0,1,1,0,1,1,0,0,CRITICAL,0.88,Lateral Movement,external_trust + cross_account
synthetic_03861,synthetic_03861_path_001,user:User4757,resource:Policy6622,2,1,1,1,0,0,0,1,0,0,0,0,CRITICAL,0.85,Privilege Escalation,policy_modification
synthetic_03862,synthetic_03862_path_001,user:User5330,resource:Bucket8121,2,1,1,1,0,0,0,0,0,0,0,0,LOW,0.15,Data Access,read_only_access
synthetic_03863,synthetic_03863_path_001,user:User3749,resource:Bucket5926,4,3,1,1,0,0,1,0,0,0,0,0,HIGH,0.68,Lateral Movement,assume_role_chain + long_privilege_escalation_chain
synthetic_03864,synthetic_03864_path_001,user:User4943,resource:Bucket6303,2,1,1,1,0,0,0,0,0,0,0,0,LOW,0.15,Data Access,read_only_access
synthetic_03865,synthetic_03865_path_001,user:User7166,resource:Bucket9424,2,1,1,1,0,0,0,0,0,0,0,0,LOW,0.15,Data Access,read_only_access
synthetic_03866,synthetic_03866_path_001,user:partner-9475,resource:Secret5005,2,1,1,1,0,0,0,0,1,0,1,0,CRITICAL,0.85,Data Access,external_trust
synthetic_03867,synthetic_03867_path_001,user:User4209,resource:Table6747,3,2,1,1,0,0,0,0,0,0,0,0,HIGH,0.65,Lateral Movement,assume_role_chain
synthetic_03868,synthetic_03868_path_001,user:User2385,resource:Bucket2301,2,1,1,1,0,0,0,0,0,0,0,0,LOW,0.15,Data Access,read_only_access
synthetic_03869,synthetic_03869_path_001,user:User6463,role:AdminRole4414,2,2,1,1,1,0,0,0,0,0,0,0,HIGH,0.68,Lateral Movement,pass_role + assume_role_chain
synthetic_03870,synthetic_03870_path_001,user:User5816,resource:Bucket7043,2,1,1,1,0,0,0,0,0,0,0,0,LOW,0.15,Data Access,read_only_access
synthetic_03871,synthetic_03871_path_001,user:User7161,resource:Bucket1799,2,1,1,1,0,1,1,0,0,0,0,0,MEDIUM,0.43,Data Access,wildcard_action + wildcard_resource
synthetic_03872,synthetic_03872_path_001,user:User1845,resource:Bucket7921,2,1,1,1,0,1,1,0,0,0,0,0,MEDIUM,0.43,Data Access,wildcard_action + wildcard_resource
synthetic_03873,synthetic_03873_path_001,user:User4461,resource:Table9334,3,2,1,1,0,0,0,0,0,0,0,0,HIGH,0.65,Lateral Movement,assume_role_chain
synthetic_03874,synthetic_03874_path_001,user:partner-7185,resource:Secret4811,2,1,1,1,0,0,0,0,1,0,1,0,CRITICAL,0.85,Data Access,external_trust
synthetic_03875,synthetic_03875_path_001,user:User3466,resource:Table7074,3,2,1,1,0,0,0,0,0,0,0,0,HIGH,0.65,Lateral Movement,assume_role_chain
synthetic_03876,synthetic_03876_path_001,user:User7908,resource:Bucket8811,2,1,1,1,0,1,1,0,0,0,0,0,MEDIUM,0.43,Data Access,wildcard_action + wildcard_resource
synthetic_03877,synthetic_03877_path_001,user:User8315,resource:Policy5586,2,1,1,1,0,0,0,1,0,0,0,0,CRITICAL,0.85,Privilege Escalation,policy_modification
synthetic_03878,synthetic_03878_path_001,user:User8012,resource:Bucket7774,2,1,1,1,0,1,1,0,0,0,0,0,MEDIUM,0.43,Data Access,wildcard_action + wildcard_resource
synthetic_03879,synthetic_03879_path_001,user:User8282,resource:Bucket6130,2,1,1,1,0,1,1,0,0,0,0,1,CRITICAL,0.85,Privilege Escalation,admin_permission
synthetic_03880,synthetic_03880_path_001,user:User9123,resource:Bucket5466,2,1,1,1,0,1,1,0,0,0,0,0,MEDIUM,0.43,Data Access,wildcard_action + wildcard_resource
synthetic_03881,synthetic_03881_path_001,user:User6476,resource:Policy6802,2,1,1,1,0,0,0,1,0,0,0,0,CRITICAL,0.85,Privilege Escalation,policy_modification
synthetic_03882,synthetic_03882_path_001,user:User5157,resource:Bucket7378,4,3,1,1,0,0,1,0,0,0,0,0,HIGH,0.68,Lateral Movement,assume_role_chain + long_privilege_escalation_chain
synthetic_03883,synthetic_03883_path_001,user:User1409,resource:Bucket3462,2,1,1,1,0,1,1,0,0,0,0,0,MEDIUM,0.43,Data Access,wildcard_action + wildcard_resource
synthetic_03884,synthetic_03884_path_001,user:User2319,resource:Bucket8293,2,1,1,1,0,1,1,0,0,0,0,0,MEDIUM,0.43,Data Access,wildcard_action + wildcard_resource
synthetic_03885,synthetic_03885_path_001,user:User6195,resource:Bucket4402,2,1,1,1,0,0,0,0,0,0,0,0,LOW,0.15,Data Access,read_only_access
synthetic_03886,synthetic_03886_path_001,user:User1529,role:AdminRole5550,2,2,1,1,1,0,0,0,0,0,0,0,HIGH,0.68,Lateral Movement,pass_role + assume_role_chain
synthetic_03887,synthetic_03887_path_001,user:User7701,resource:Bucket9294,4,3,1,1,0,0,1,0,0,0,0,0,HIGH,0.68,Lateral Movement,assume_role_chain + long_privilege_escalation_chain
synthetic_03888,synthetic_03888_path_001,user:User5315,resource:Bucket5000,2,1,1,1,0,1,1,0,0,0,0,0,MEDIUM,0.43,Data Access,wildcard_action + wildcard_resource
synthetic_03889,synthetic_03889_path_001,user:User3953,resource:Bucket3132,2,1,1,1,0,0,0,0,0,0,0,0,LOW,0.15,Data Access,read_only_access
synthetic_03890,synthetic_03890_path_001,user:User1220,resource:Table8641,3,2,1,1,0,0,0,0,0,0,0,0,HIGH,0.65,Lateral Movement,assume_role_chain
synthetic_03891,synthetic_03891_path_001,user:User2289,resource:Bucket1981,2,1,1,1,0,0,0,0,0,0,0,0,LOW,0.15,Data Access,read_only_access
synthetic_03892,synthetic_03892_path_001,user:User6925,resource:Bucket2274,2,1,1,1,0,1,1,0,0,0,0,1,CRITICAL,0.85,Privilege Escalation,admin_permission
synthetic_03893,synthetic_03893_path_001,user:User2316,resource:Bucket9972,2,1,1,1,0,1,1,0,0,0,0,0,MEDIUM,0.43,Data Access,wildcard_action + wildcard_resource
synthetic_03894,synthetic_03894_path_001,user:User8337,resource:Bucket7582,2,1,1,1,0,0,0,0,0,0,0,0,LOW,0.15,Data Access,read_only_access
synthetic_03895,synthetic_03895_path_001,user:User8706,resource:Bucket9367,4,3,1,1,0,0,1,0,0,0,0,0,HIGH,0.68,Lateral Movement,assume_role_chain + long_privilege_escalation_chain
synthetic_03896,synthetic_03896_path_001,user:User8562,resource:Bucket7551,2,1,1,1,0,0,0,0,0,0,0,0,LOW,0.15,Data Access,read_only_access
synthetic_03897,synthetic_03897_path_001,user:User7109,role:AdminRole7043,2,2,1,1,1,0,0,0,0,0,0,0,HIGH,0.68,Lateral Movement,pass_role + assume_role_chain
synthetic_03898,synthetic_03898_path_001,user:User7142,resource:Bucket9630,2,1,1,1,0,1,1,0,0,0,0,0,MEDIUM,0.43,Data Access,wildcard_action + wildcard_resource
synthetic_03899,synthetic_03899_path_001,user:User4812,resource:Bucket1059,2,1,1,1,0,0,0,0,0,0,0,0,LOW,0.15,Data Access,read_only_access
synthetic_03900,synthetic_03900_path_001,user:User5682,resource:Bucket6169,2,1,1,1,0,1,1,0,0,0,0,0,MEDIUM,0.43,Data Access,wildcard_action + wildcard_resource
synthetic_03901,synthetic_03901_path_001,user:User9765,resource:Bucket3862,2,1,1,1,0,0,0,0,0,0,0,0,LOW,0.15,Data Access,read_only_access
synthetic_03902,synthetic_03902_path_001,user:User2101,resource:Bucket2445,2,1,1,1,0,0,0,0,0,0,0,0,LOW,0.15,Data Access,read_only_access
synthetic_03903,synthetic_03903_path_001,user:User6038,resource:Bucket4991,2,1,1,1,0,1,1,0,0,0,0,0,MEDIUM,0.43,Data Access,wildcard_action + wildcard_resource
synthetic_03904,synthetic_03904_path_001,user:User9197,resource:Bucket3746,2,1,1,1,0,1,1,0,0,0,0,0,MEDIUM,0.43,Data Access,wildcard_action + wildcard_resource
synthetic_03905,synthetic_03905_path_001,user:User3100,resource:Policy4079,2,1,1,1,0,0,0,1,0,0,0,0,CRITICAL,0.85,Privilege Escalation,policy_modification
synthetic_03906,synthetic_03906_path_001,user:User2689,resource:Bucket3727,2,1,1,1,0,1,1,0,0,0,0,0,MEDIUM,0.43,Data Access,wildcard_action + wildcard_resource
synthetic_03907,synthetic_03907_path_001,user:User6854,resource:Bucket9802,2,1,1,1,0,0,0,0,0,0,0,0,LOW,0.15,Data Access,read_only_access
synthetic_03908,synthetic_03908_path_001,user:774131351830,resource:Bucket6821,2,1,1,1,0,1,1,0,1,1,0,0,CRITICAL,0.88,Lateral Movement,external_trust + cross_account
synthetic_03909,synthetic_03909_path_001,user:658153988521,resource:Bucket6371,2,1,1,1,0,1,1,0,1,1,0,0,CRITICAL,0.88,Lateral Movement,external_trust + cross_account
synthetic_03910,synthetic_03910_path_001,user:User5973,role:AdminRole3798,2,2,1,1,1,0,0,0,0,0,0,0,HIGH,0.68,Lateral Movement,pass_role + assume_role_chain
synthetic_03911,synthetic_03911_path_001,user:User7145,resource:Bucket6914,2,1,1,1,0,1,1,0,0,0,0,1,CRITICAL,0.85,Privilege Escalation,admin_permission
synthetic_03912,synthetic_03912_path_001,user:User3913,resource:Bucket9815,2,1,1,1,0,1,1,0,0,0,0,0,MEDIUM,0.43,Data Access,wildcard_action + wildcard_resource
synthetic_03913,synthetic_03913_path_001,user:User9724,resource:Bucket9974,2,1,1,1,0,0,0,0,0,0,0,0,LOW,0.15,Data Access,read_only_access
synthetic_03914,synthetic_03914_path_001,user:User2065,resource:Bucket7310,2,1,1,1,0,1,1,0,0,0,0,1,CRITICAL,0.85,Privilege Escalation,admin_permission
synthetic_03915,synthetic_03915_path_001,user:User3835,resource:Bucket7061,4,3,1,1,0,0,1,0,0,0,0,0,HIGH,0.68,Lateral Movement,assume_role_chain + long_privilege_escalation_chain
synthetic_03916,synthetic_03916_path_001,user:User2664,resource:Policy2037,2,1,1,1,0,0,0,1,0,0,0,0,CRITICAL,0.85,Privilege Escalation,policy_modification
synthetic_03917,synthetic_03917_path_001,user:User4165,resource:Bucket2485,2,1,1,1,0,1,1,0,0,0,0,0,MEDIUM,0.43,Data Access,wildcard_action + wildcard_resource
synthetic_03918,synthetic_03918_path_001,user:User4221,resource:Bucket2373,2,1,1,1,0,1,1,0,0,0,0,0,MEDIUM,0.43,Data Access,wildcard_action + wildcard_resource
synthetic_03919,synthetic_03919_path_001,user:User1884,resource:Bucket6254,2,1,1,1,0,0,0,0,0,0,0,0,LOW,0.15,Data Access,read_only_access
synthetic_03920,synthetic_03920_path_001,user:User6034,resource:Bucket1168,2,1,1,1,0,0,0,0,0,0,0,0,LOW,0.15,Data Access,read_only_access
synthetic_03921,synthetic_03921_path_001,user:User2635,resource:Bucket7672,2,1,1,1,0,0,0,0,0,0,0,0,LOW,0.15,Data Access,read_only_access
synthetic_03922,synthetic_03922_path_001,user:partner-6239,resource:Secret7664,2,1,1,1,0,0,0,0,1,0,1,0,CRITICAL,0.85,Data Access,external_trust
synthetic_03923,synthetic_03923_path_001,user:User6004,resource:Bucket4010,4,3,1,1,0,0,1,0,0,0,0,0,HIGH,0.68,Lateral Movement,assume_role_chain + long_privilege_escalation_chain
synthetic_03924,synthetic_03924_path_001,user:User5372,resource:Bucket3501,2,1,1,1,0,1,1,0,0,0,0,1,CRITICAL,0.85,Privilege Escalation,admin_permission
synthetic_03925,synthetic_03925_path_001,user:User2687,resource:Table2714,3,2,1,1,0,0,0,0,0,0,0,0,HIGH,0.65,Lateral Movement,assume_role_chain
synthetic_03926,synthetic_03926_path_001,user:669100822421,resource:Bucket9774,2,1,1,1,0,1,1,0,1,1,0,0,CRITICAL,0.88,Lateral Movement,external_trust + cross_account
synthetic_03927,synthetic_03927_path_001,user:User3063,role:AdminRole2371,2,2,1,1,1,0,0,0,0,0,0,0,HIGH,0.68,Lateral Movement,pass_role + assume_role_chain
synthetic_03928,synthetic_03928_path_001,user:User9179,resource:Table3793,3,2,1,1,0,0,0,0,0,0,0,0,HIGH,0.65,Lateral Movement,assume_role_chain
synthetic_03929,synthetic_03929_path_001,user:User7242,resource:Table1499,3,2,1,1,0,0,0,0,0,0,0,0,HIGH,0.65,Lateral Movement,assume_role_chain
synthetic_03930,synthetic_03930_path_001,user:User5439,role:AdminRole2414,2,2,1,1,1,0,0,0,0,0,0,0,HIGH,0.68,Lateral Movement,pass_role + assume_role_chain
synthetic_03931,synthetic_03931_path_001,user:User1182,resource:Bucket6762,4,3,1,1,0,0,1,0,0,0,0,0,HIGH,0.68,Lateral Movement,assume_role_chain + long_privilege_escalation_chain
synthetic_03932,synthetic_03932_path_001,user:User8468,resource:Bucket4297,2,1,1,1,0,0,0,0,0,0,0,0,LOW,0.15,Data Access,read_only_access
synthetic_03933,synthetic_03933_path_001,user:User8590,resource:Bucket6564,2,1,1,1,0,0,0,0,0,0,0,0,LOW,0.15,Data Access,read_only_access
synthetic_03934,synthetic_03934_path_001,user:partner-8587,resource:Secret3371,2,1,1,1,0,0,0,0,1,0,1,0,CRITICAL,0.85,Data Access,external_trust
synthetic_03935,synthetic_03935_path_001,user:User4051,resource:Bucket6426,2,1,1,1,0,1,1,0,0,0,0,0,MEDIUM,0.43,Data Access,wildcard_action + wildcard_resource
synthetic_03936,synthetic_03936_path_001,user:User7544,resource:Bucket7227,2,1,1,1,0,1,1,0,0,0,0,1,CRITICAL,0.85,Privilege Escalation,admin_permission
synthetic_03937,synthetic_03937_path_001,user:User3980,resource:Bucket1209,2,1,1,1,0,0,0,0,0,0,0,0,LOW,0.15,Data Access,read_only_access
synthetic_03938,synthetic_03938_path_001,user:User8816,resource:Bucket8391,2,1,1,1,0,1,1,0,0,0,0,0,MEDIUM,0.43,Data Access,wildcard_action + wildcard_resource
synthetic_03939,synthetic_03939_path_001,user:User1381,resource:Bucket9274,4,3,1,1,0,0,1,0,0,0,0,0,HIGH,0.68,Lateral Movement,assume_role_chain + long_privilege_escalation_chain
synthetic_03940,synthetic_03940_path_001,user:User5253,resource:Bucket1577,2,1,1,1,0,1,1,0,0,0,0,1,CRITICAL,0.85,Privilege Escalation,admin_permission
synthetic_03941,synthetic_03941_path_001,user:User6806,resource:Table4613,3,2,1,1,0,0,0,0,0,0,0,0,HIGH,0.65,Lateral Movement,assume_role_chain
synthetic_03942,synthetic_03942_path_001,user:User9063,role:AdminRole9333,2,2,1,1,1,0,0,0,0,0,0,0,HIGH,0.68,Lateral Movement,pass_role + assume_role_chain
synthetic_03943,synthetic_03943_path_001,user:765699313606,resource:Bucket3261,2,1,1,1,0,1,1,0,1,1,0,0,CRITICAL,0.88,Lateral Movement,external_trust + cross_account
synthetic_03944,synthetic_03944_path_001,user:partner-4170,resource:Secret1149,2,1,1,1,0,0,0,0,1,0,1,0,CRITICAL,0.85,Data Access,external_trust
synthetic_03945,synthetic_03945_path_001,user:User5539,resource:Policy2304,2,1,1,1,0,0,0,1,0,0,0,0,CRITICAL,0.85,Privilege Escalation,policy_modification
synthetic_03946,synthetic_03946_path_001,user:User4396,role:AdminRole2986,2,2,1,1,1,0,0,0,0,0,0,0,HIGH,0.68,Lateral Movement,pass_role + assume_role_chain
synthetic_03947,synthetic_03947_path_001,user:partner-5200,resource:Secret6286,2,1,1,1,0,0,0,0,1,0,1,0,CRITICAL,0.85,Data Access,external_trust
synthetic_03948,synthetic_03948_path_001,user:User5748,resource:Bucket2202,2,1,1,1,0,1,1,0,0,0,0,1,CRITICAL,0.85,Privilege Escalation,admin_permission
synthetic_03949,synthetic_03949_path_001,user:partner-1782,resource:Secret4823,2,1,1,1,0,0,0,0,1,0,1,0,CRITICAL,0.85,Data Access,external_trust
synthetic_03950,synthetic_03950_path_001,user:User4921,resource:Bucket2523,2,1,1,1,0,0,0,0,0,0,0,0,LOW,0.15,Data Access,read_only_access
synthetic_03951,synthetic_03951_path_001,user:User6429,resource:Table7452,3,2,1,1,0,0,0,0,0,0,0,0,HIGH,0.65,Lateral Movement,assume_role_chain
synthetic_03952,synthetic_03952_path_001,user:User5191,resource:Bucket9471,2,1,1,1,0,1,1,0,0,0,0,0,MEDIUM,0.43,Data Access,wildcard_action + wildcard_resource
synthetic_03953,synthetic_03953_path_001,user:partner-7225,resource:Secret3732,2,1,1,1,0,0,0,0,1,0,1,0,CRITICAL,0.85,Data Access,external_trust
synthetic_03954,synthetic_03954_path_001,user:User3602,resource:Policy3699,2,1,1,1,0,0,0,1,0,0,0,0,CRITICAL,0.85,Privilege Escalation,policy_modification
synthetic_03955,synthetic_03955_path_001,user:partner-9633,resource:Secret3527,2,1,1,1,0,0,0,0,1,0,1,0,CRITICAL,0.85,Data Access,external_trust
synthetic_03956,synthetic_03956_path_001,user:User8156,resource:Bucket9425,2,1,1,1,0,0,0,0,0,0,0,0,LOW,0.15,Data Access,read_only_access
synthetic_03957,synthetic_03957_path_001,user:User7920,resource:Bucket9231,4,3,1,1,0,0,1,0,0,0,0,0,HIGH,0.68,Lateral Movement,assume_role_chain + long_privilege_escalation_chain
synthetic_03958,synthetic_03958_path_001,user:User4584,resource:Bucket5404,2,1,1,1,0,1,1,0,0,0,0,0,MEDIUM,0.43,Data Access,wildcard_action + wildcard_resource
synthetic_03959,synthetic_03959_path_001,user:User6484,role:AdminRole2300,2,2,1,1,1,0,0,0,0,0,0,0,HIGH,0.68,Lateral Movement,pass_role + assume_role_chain
synthetic_03960,synthetic_03960_path_001,user:User4287,resource:Bucket8824,2,1,1,1,0,0,0,0,0,0,0,0,LOW,0.15,Data Access,read_only_access
synthetic_03961,synthetic_03961_path_001,user:partner-6402,resource:Secret9240,2,1,1,1,0,0,0,0,1,0,1,0,CRITICAL,0.85,Data Access,external_trust
synthetic_03962,synthetic_03962_path_001,user:User8493,role:AdminRole2425,2,2,1,1,1,0,0,0,0,0,0,0,HIGH,0.68,Lateral Movement,pass_role + assume_role_chain
synthetic_03963,synthetic_03963_path_001,user:User2054,resource:Bucket9627,2,1,1,1,0,1,1,0,0,0,0,1,CRITICAL,0.85,Privilege Escalation,admin_permission
synthetic_03964,synthetic_03964_path_001,user:User2971,resource:Bucket9077,2,1,1,1,0,1,1,0,0,0,0,0,MEDIUM,0.43,Data Access,wildcard_action + wildcard_resource
synthetic_03965,synthetic_03965_path_001,user:User7656,resource:Bucket6214,2,1,1,1,0,0,0,0,0,0,0,0,LOW,0.15,Data Access,read_only_access
synthetic_03966,synthetic_03966_path_001,user:User6090,resource:Table8218,3,2,1,1,0,0,0,0,0,0,0,0,HIGH,0.65,Lateral Movement,assume_role_chain
synthetic_03967,synthetic_03967_path_001,user:User7992,role:AdminRole1130,2,2,1,1,1,0,0,0,0,0,0,0,HIGH,0.68,Lateral Movement,pass_role + assume_role_chain
synthetic_03968,synthetic_03968_path_001,user:093582016301,resource:Bucket8788,2,1,1,1,0,1,1,0,1,1,0,0,CRITICAL,0.88,Lateral Movement,external_trust + cross_account
synthetic_03969,synthetic_03969_path_001,user:User9590,resource:Bucket9871,2,1,1,1,0,0,0,0,0,0,0,0,LOW,0.15,Data Access,read_only_access
synthetic_03970,synthetic_03970_path_001,user:User3742,resource:Table7720,3,2,1,1,0,0,0,0,0,0,0,0,HIGH,0.65,Lateral Movement,assume_role_chain
synthetic_03971,synthetic_03971_path_001,user:User9518,role:AdminRole8141,2,2,1,1,1,0,0,0,0,0,0,0,HIGH,0.68,Lateral Movement,pass_role + assume_role_chain
synthetic_03972,synthetic_03972_path_001,user:User1807,resource:Table1550,3,2,1,1,0,0,0,0,0,0,0,0,HIGH,0.65,Lateral Movement,assume_role_chain
synthetic_03973,synthetic_03973_path_001,user:User4342,resource:Bucket5915,2,1,1,1,0,1,1,0,0,0,0,0,MEDIUM,0.43,Data Access,wildcard_action + wildcard_resource
synthetic_03974,synthetic_03974_path_001,user:User4590,resource:Policy4965,2,1,1,1,0,0,0,1,0,0,0,0,CRITICAL,0.85,Privilege Escalation,policy_modification
synthetic_03975,synthetic_03975_path_001,user:667155446053,resource:Bucket7438,2,1,1,1,0,1,1,0,1,1,0,0,CRITICAL,0.88,Lateral Movement,external_trust + cross_account
synthetic_03976,synthetic_03976_path_001,user:User7601,resource:Policy9122,2,1,1,1,0,0,0,1,0,0,0,0,CRITICAL,0.85,Privilege Escalation,policy_modification
synthetic_03977,synthetic_03977_path_001,user:User4378,resource:Table2031,3,2,1,1,0,0,0,0,0,0,0,0,HIGH,0.65,Lateral Movement,assume_role_chain
synthetic_03978,synthetic_03978_path_001,user:User3509,resource:Bucket6718,2,1,1,1,0,0,0,0,0,0,0,0,LOW,0.15,Data Access,read_only_access
synthetic_03979,synthetic_03979_path_001,user:User3515,resource:Table1697,3,2,1,1,0,0,0,0,0,0,0,0,HIGH,0.65,Lateral Movement,assume_role_chain
synthetic_03980,synthetic_03980_path_001,user:User2400,resource:Bucket6258,2,1,1,1,0,0,0,0,0,0,0,0,LOW,0.15,Data Access,read_only_access
synthetic_03981,synthetic_03981_path_001,user:User9144,resource:Bucket6573,2,1,1,1,0,0,0,0,0,0,0,0,LOW,0.15,Data Access,read_only_access
synthetic_03982,synthetic_03982_path_001,user:626439567844,resource:Bucket1041,2,1,1,1,0,1,1,0,1,1,0,0,CRITICAL,0.88,Lateral Movement,external_trust + cross_account
synthetic_03983,synthetic_03983_path_001,user:User6626,resource:Bucket2639,2,1,1,1,0,1,1,0,0,0,0,0,MEDIUM,0.43,Data Access,wildcard_action + wildcard_resource
synthetic_03984,synthetic_03984_path_001,user:User2122,resource:Bucket5543,2,1,1,1,0,1,1,0,0,0,0,0,MEDIUM,0.43,Data Access,wildcard_action + wildcard_resource
synthetic_03985,synthetic_03985_path_001,user:User3706,resource:Bucket4375,2,1,1,1,0,1,1,0,0,0,0,0,MEDIUM,0.43,Data Access,wildcard_action + wildcard_resource
synthetic_03986,synthetic_03986_path_001,user:User3913,role:AdminRole5006,2,2,1,1,1,0,0,0,0,0,0,0,HIGH,0.68,Lateral Movement,pass_role + assume_role_chain
synthetic_03987,synthetic_03987_path_001,user:User6510,role:AdminRole5458,2,2,1,1,1,0,0,0,0,0,0,0,HIGH,0.68,Lateral Movement,pass_role + assume_role_chain
synthetic_03988,synthetic_03988_path_001,user:User8116,resource:Bucket7213,2,1,1,1,0,1,1,0,0,0,0,0,MEDIUM,0.43,Data Access,wildcard_action + wildcard_resource
synthetic_03989,synthetic_03989_path_001,user:User6343,resource:Bucket5314,2,1,1,1,0,0,0,0,0,0,0,0,LOW,0.15,Data Access,read_only_access
synthetic_03990,synthetic_03990_path_001,user:User8076,resource:Bucket8712,2,1,1,1,0,1,1,0,0,0,0,1,CRITICAL,0.85,Privilege Escalation,admin_permission
synthetic_03991,synthetic_03991_path_001,user:User3862,resource:Policy1043,2,1,1,1,0,0,0,1,0,0,0,0,CRITICAL,0.85,Privilege Escalation,policy_modification
synthetic_03992,synthetic_03992_path_001,user:User1880,role:AdminRole7634,2,2,1,1,1,0,0,0,0,0,0,0,HIGH,0.68,Lateral Movement,pass_role + assume_role_chain
synthetic_03993,synthetic_03993_path_001,user:User4948,resource:Bucket2844,2,1,1,1,0,1,1,0,0,0,0,1,CRITICAL,0.85,Privilege Escalation,admin_permission
synthetic_03994,synthetic_03994_path_001,user:User8645,role:AdminRole1834,2,2,1,1,1,0,0,0,0,0,0,0,HIGH,0.68,Lateral Movement,pass_role + assume_role_chain
synthetic_03995,synthetic_03995_path_001,user:User2798,resource:Table5133,3,2,1,1,0,0,0,0,0,0,0,0,HIGH,0.65,Lateral Movement,assume_role_chain
synthetic_03996,synthetic_03996_path_001,user:User4747,resource:Bucket5306,2,1,1,1,0,1,1,0,0,0,0,0,MEDIUM,0.43,Data Access,wildcard_action + wildcard_resource
synthetic_03997,synthetic_03997_path_001,user:487225578564,resource:Bucket4657,2,1,1,1,0,1,1,0,1,1,0,0,CRITICAL,0.88,Lateral Movement,external_trust + cross_account
synthetic_03998,synthetic_03998_path_001,user:User8992,resource:Bucket2560,2,1,1,1,0,1,1,0,0,0,0,1,CRITICAL,0.85,Privilege Escalation,admin_permission
synthetic_03999,synthetic_03999_path_001,user:User8661,resource:Table3484,3,2,1,1,0,0,0,0,0,0,0,0,HIGH,0.65,Lateral Movement,assume_role_chain
synthetic_04000,synthetic_04000_path_001,user:User3368,resource:Bucket7008,2,1,1,1,0,0,0,0,0,0,0,0,LOW,0.15,Data Access,read_only_access
synthetic_04001,synthetic_04001_path_001,user:User6636,resource:Bucket5938,2,1,1,1,0,0,0,0,0,0,0,0,LOW,0.15,Data Access,read_only_access
synthetic_04002,synthetic_04002_path_001,user:User7697,resource:Bucket1725,2,1,1,1,0,0,0,0,0,0,0,0,LOW,0.15,Data Access,read_only_access
synthetic_04003,synthetic_04003_path_001,user:User4168,resource:Table4904,3,2,1,1,0,0,0,0,0,0,0,0,HIGH,0.65,Lateral Movement,assume_role_chain
synthetic_04004,synthetic_04004_path_001,user:User5947,resource:Bucket1030,2,1,1,1,0,0,0,0,0,0,0,0,LOW,0.15,Data Access,read_only_access
synthetic_04005,synthetic_04005_path_001,user:User7560,resource:Bucket2573,2,1,1,1,0,0,0,0,0,0,0,0,LOW,0.15,Data Access,read_only_access
synthetic_04006,synthetic_04006_path_001,user:User5023,role:AdminRole3039,2,2,1,1,1,0,0,0,0,0,0,0,HIGH,0.68,Lateral Movement,pass_role + assume_role_chain
synthetic_04007,synthetic_04007_path_001,user:User6232,role:AdminRole1683,2,2,1,1,1,0,0,0,0,0,0,0,HIGH,0.68,Lateral Movement,pass_role + assume_role_chain
synthetic_04008,synthetic_04008_path_001,user:User4551,role:AdminRole5643,2,2,1,1,1,0,0,0,0,0,0,0,HIGH,0.68,Lateral Movement,pass_role + assume_role_chain
synthetic_04009,synthetic_04009_path_001,user:User7593,resource:Bucket3009,2,1,1,1,0,1,1,0,0,0,0,0,MEDIUM,0.43,Data Access,wildcard_action + wildcard_resource
synthetic_04010,synthetic_04010_path_001,user:User7361,role:AdminRole1316,2,2,1,1,1,0,0,0,0,0,0,0,HIGH,0.68,Lateral Movement,pass_role + assume_role_chain
synthetic_04011,synthetic_04011_path_001,user:User6700,resource:Bucket1644,2,1,1,1,0,0,0,0,0,0,0,0,LOW,0.15,Data Access,read_only_access
synthetic_04012,synthetic_04012_path_001,user:User7278,resource:Bucket5418,2,1,1,1,0,0,0,0,0,0,0,0,LOW,0.15,Data Access,read_only_access
synthetic_04013,synthetic_04013_path_001,user:User3917,resource:Bucket6121,2,1,1,1,0,1,1,0,0,0,0,0,MEDIUM,0.43,Data Access,wildcard_action + wildcard_resource
synthetic_04014,synthetic_04014_path_001,user:215938967635,resource:Bucket8019,2,1,1,1,0,1,1,0,1,1,0,0,CRITICAL,0.88,Lateral Movement,external_trust + cross_account
synthetic_04015,synthetic_04015_path_001,user:589607072288,resource:Bucket5425,2,1,1,1,0,1,1,0,1,1,0,0,CRITICAL,0.88,Lateral Movement,external_trust + cross_account
synthetic_04016,synthetic_04016_path_001,user:partner-2744,resource:Secret1119,2,1,1,1,0,0,0,0,1,0,1,0,CRITICAL,0.85,Data Access,external_trust
synthetic_04017,synthetic_04017_path_001,user:User8669,resource:Bucket3702,2,1,1,1,0,0,0,0,0,0,0,0,LOW,0.15,Data Access,read_only_access
synthetic_04018,synthetic_04018_path_001,user:User7638,resource:Bucket6138,2,1,1,1,0,0,0,0,0,0,0,0,LOW,0.15,Data Access,read_only_access
synthetic_04019,synthetic_04019_path_001,user:partner-2024,resource:Secret9522,2,1,1,1,0,0,0,0,1,0,1,0,CRITICAL,0.85,Data Access,external_trust
synthetic_04020,synthetic_04020_path_001,user:User1180,resource:Bucket6967,4,3,1,1,0,0,1,0,0,0,0,0,HIGH,0.68,Lateral Movement,assume_role_chain + long_privilege_escalation_chain
synthetic_04021,synthetic_04021_path_001,user:User7387,resource:Policy9415,2,1,1,1,0,0,0,1,0,0,0,0,CRITICAL,0.85,Privilege Escalation,policy_modification
synthetic_04022,synthetic_04022_path_001,user:User7800,resource:Bucket8714,2,1,1,1,0,1,1,0,0,0,0,0,MEDIUM,0.43,Data Access,wildcard_action + wildcard_resource
synthetic_04023,synthetic_04023_path_001,user:866911223214,resource:Bucket6280,2,1,1,1,0,1,1,0,1,1,0,0,CRITICAL,0.88,Lateral Movement,external_trust + cross_account
synthetic_04024,synthetic_04024_path_001,user:978925946574,resource:Bucket7185,2,1,1,1,0,1,1,0,1,1,0,0,CRITICAL,0.88,Lateral Movement,external_trust + cross_account
synthetic_04025,synthetic_04025_path_001,user:User6194,resource:Bucket5692,2,1,1,1,0,1,1,0,0,0,0,0,MEDIUM,0.43,Data Access,wildcard_action + wildcard_resource
synthetic_04026,synthetic_04026_path_001,user:User9721,resource:Bucket2398,2,1,1,1,0,0,0,0,0,0,0,0,LOW,0.15,Data Access,read_only_access
synthetic_04027,synthetic_04027_path_001,user:User1299,resource:Bucket3365,2,1,1,1,0,0,0,0,0,0,0,0,LOW,0.15,Data Access,read_only_access
synthetic_04028,synthetic_04028_path_001,user:User9845,resource:Policy4545,2,1,1,1,0,0,0,1,0,0,0,0,CRITICAL,0.85,Privilege Escalation,policy_modification
synthetic_04029,synthetic_04029_path_001,user:User8026,resource:Bucket5930,2,1,1,1,0,1,1,0,0,0,0,1,CRITICAL,0.85,Privilege Escalation,admin_permission
synthetic_04030,synthetic_04030_path_001,user:User2315,resource:Bucket7258,2,1,1,1,0,1,1,0,0,0,0,0,MEDIUM,0.43,Data Access,wildcard_action + wildcard_resource
synthetic_04031,synthetic_04031_path_001,user:User5276,resource:Bucket4994,2,1,1,1,0,1,1,0,0,0,0,1,CRITICAL,0.85,Privilege Escalation,admin_permission
synthetic_04032,synthetic_04032_path_001,user:User1977,resource:Bucket2823,2,1,1,1,0,1,1,0,0,0,0,0,MEDIUM,0.43,Data Access,wildcard_action + wildcard_resource
synthetic_04033,synthetic_04033_path_001,user:User7376,role:AdminRole4204,2,2,1,1,1,0,0,0,0,0,0,0,HIGH,0.68,Lateral Movement,pass_role + assume_role_chain
synthetic_04034,synthetic_04034_path_001,user:User8891,resource:Bucket5769,2,1,1,1,0,0,0,0,0,0,0,0,LOW,0.15,Data Access,read_only_access
synthetic_04035,synthetic_04035_path_001,user:User1173,resource:Bucket2776,4,3,1,1,0,0,1,0,0,0,0,0,HIGH,0.68,Lateral Movement,assume_role_chain + long_privilege_escalation_chain
synthetic_04036,synthetic_04036_path_001,user:User7114,resource:Bucket8916,2,1,1,1,0,0,0,0,0,0,0,0,LOW,0.15,Data Access,read_only_access
synthetic_04037,synthetic_04037_path_001,user:User7816,resource:Policy2536,2,1,1,1,0,0,0,1,0,0,0,0,CRITICAL,0.85,Privilege Escalation,policy_modification
synthetic_04038,synthetic_04038_path_001,user:User9939,resource:Bucket9456,2,1,1,1,0,0,0,0,0,0,0,0,LOW,0.15,Data Access,read_only_access
synthetic_04039,synthetic_04039_path_001,user:User9208,resource:Bucket4643,2,1,1,1,0,1,1,0,0,0,0,0,MEDIUM,0.43,Data Access,wildcard_action + wildcard_resource
synthetic_04040,synthetic_04040_path_001,user:User7342,resource:Table7563,3,2,1,1,0,0,0,0,0,0,0,0,HIGH,0.65,Lateral Movement,assume_role_chain
synthetic_04041,synthetic_04041_path_001,user:User8035,resource:Bucket5890,2,1,1,1,0,1,1,0,0,0,0,0,MEDIUM,0.43,Data Access,wildcard_action + wildcard_resource
synthetic_04042,synthetic_04042_path_001,user:User4779,resource:Bucket7339,2,1,1,1,0,0,0,0,0,0,0,0,LOW,0.15,Data Access,read_only_access
synthetic_04043,synthetic_04043_path_001,user:User8971,resource:Bucket3141,4,3,1,1,0,0,1,0,0,0,0,0,HIGH,0.68,Lateral Movement,assume_role_chain + long_privilege_escalation_chain
synthetic_04044,synthetic_04044_path_001,user:User8383,resource:Bucket3021,2,1,1,1,0,1,1,0,0,0,0,1,CRITICAL,0.85,Privilege Escalation,admin_permission
synthetic_04045,synthetic_04045_path_001,user:User4077,role:AdminRole9926,2,2,1,1,1,0,0,0,0,0,0,0,HIGH,0.68,Lateral Movement,pass_role + assume_role_chain
synthetic_04046,synthetic_04046_path_001,user:User7410,resource:Bucket1176,2,1,1,1,0,0,0,0,0,0,0,0,LOW,0.15,Data Access,read_only_access
synthetic_04047,synthetic_04047_path_001,user:User6441,resource:Bucket2097,2,1,1,1,0,0,0,0,0,0,0,0,LOW,0.15,Data Access,read_only_access
synthetic_04048,synthetic_04048_path_001,user:User6585,resource:Bucket7578,2,1,1,1,0,0,0,0,0,0,0,0,LOW,0.15,Data Access,read_only_access
synthetic_04049,synthetic_04049_path_001,user:User1410,resource:Bucket8462,2,1,1,1,0,0,0,0,0,0,0,0,LOW,0.15,Data Access,read_only_access
synthetic_04050,synthetic_04050_path_001,user:User4799,resource:Bucket7030,2,1,1,1,0,0,0,0,0,0,0,0,LOW,0.15,Data Access,read_only_access
synthetic_04051,synthetic_04051_path_001,user:User2354,resource:Table6932,3,2,1,1,0,0,0,0,0,0,0,0,HIGH,0.65,Lateral Movement,assume_role_chain
synthetic_04052,synthetic_04052_path_001,user:User6345,resource:Bucket8864,2,1,1,1,0,1,1,0,0,0,0,0,MEDIUM,0.43,Data Access,wildcard_action + wildcard_resource
synthetic_04053,synthetic_04053_path_001,user:User4566,resource:Bucket3000,2,1,1,1,0,1,1,0,0,0,0,0,MEDIUM,0.43,Data Access,wildcard_action + wildcard_resource
synthetic_04054,synthetic_04054_path_001,user:User1771,resource:Bucket3466,2,1,1,1,0,0,0,0,0,0,0,0,LOW,0.15,Data Access,read_only_access
synthetic_04055,synthetic_04055_path_001,user:User7023,role:AdminRole8900,2,2,1,1,1,0,0,0,0,0,0,0,HIGH,0.68,Lateral Movement,pass_role + assume_role_chain
synthetic_04056,synthetic_04056_path_001,user:User1195,role:AdminRole6552,2,2,1,1,1,0,0,0,0,0,0,0,HIGH,0.68,Lateral Movement,pass_role + assume_role_chain
synthetic_04057,synthetic_04057_path_001,user:partner-8434,resource:Secret9073,2,1,1,1,0,0,0,0,1,0,1,0,CRITICAL,0.85,Data Access,external_trust
synthetic_04058,synthetic_04058_path_001,user:User1439,resource:Policy1535,2,1,1,1,0,0,0,1,0,0,0,0,CRITICAL,0.85,Privilege Escalation,policy_modification
synthetic_04059,synthetic_04059_path_001,user:User1933,role:AdminRole2207,2,2,1,1,1,0,0,0,0,0,0,0,HIGH,0.68,Lateral Movement,pass_role + assume_role_chain
synthetic_04060,synthetic_04060_path_001,user:User7258,resource:Bucket6406,2,1,1,1,0,0,0,0,0,0,0,0,LOW,0.15,Data Access,read_only_access
synthetic_04061,synthetic_04061_path_001,user:User4798,role:AdminRole4421,2,2,1,1,1,0,0,0,0,0,0,0,HIGH,0.68,Lateral Movement,pass_role + assume_role_chain
synthetic_04062,synthetic_04062_path_001,user:User7310,resource:Bucket2889,2,1,1,1,0,0,0,0,0,0,0,0,LOW,0.15,Data Access,read_only_access
synthetic_04063,synthetic_04063_path_001,user:User8136,resource:Bucket1153,2,1,1,1,0,1,1,0,0,0,0,0,MEDIUM,0.43,Data Access,wildcard_action + wildcard_resource
synthetic_04064,synthetic_04064_path_001,user:User8455,resource:Bucket2311,2,1,1,1,0,1,1,0,0,0,0,0,MEDIUM,0.43,Data Access,wildcard_action + wildcard_resource
synthetic_04065,synthetic_04065_path_001,user:User3900,resource:Bucket7884,2,1,1,1,0,0,0,0,0,0,0,0,LOW,0.15,Data Access,read_only_access
synthetic_04066,synthetic_04066_path_001,user:User5325,resource:Bucket2905,2,1,1,1,0,1,1,0,0,0,0,1,CRITICAL,0.85,Privilege Escalation,admin_permission
synthetic_04067,synthetic_04067_path_001,user:User9738,resource:Bucket5972,2,1,1,1,0,1,1,0,0,0,0,0,MEDIUM,0.43,Data Access,wildcard_action + wildcard_resource
synthetic_04068,synthetic_04068_path_001,user:User2519,resource:Bucket7340,2,1,1,1,0,0,0,0,0,0,0,0,LOW,0.15,Data Access,read_only_access
synthetic_04069,synthetic_04069_path_001,user:User8924,resource:Bucket8454,2,1,1,1,0,1,1,0,0,0,0,0,MEDIUM,0.43,Data Access,wildcard_action + wildcard_resource
synthetic_04070,synthetic_04070_path_001,user:User2922,resource:Bucket2761,2,1,1,1,0,1,1,0,0,0,0,0,MEDIUM,0.43,Data Access,wildcard_action + wildcard_resource
synthetic_04071,synthetic_04071_path_001,user:User6024,resource:Bucket6931,2,1,1,1,0,1,1,0,0,0,0,0,MEDIUM,0.43,Data Access,wildcard_action + wildcard_resource
synthetic_04072,synthetic_04072_path_001,user:User3455,resource:Bucket8469,2,1,1,1,0,1,1,0,0,0,0,0,MEDIUM,0.43,Data Access,wildcard_action + wildcard_resource
synthetic_04073,synthetic_04073_path_001,user:User4442,resource:Table6535,3,2,1,1,0,0,0,0,0,0,0,0,HIGH,0.65,Lateral Movement,assume_role_chain
synthetic_04074,synthetic_04074_path_001,user:User1405,resource:Bucket1170,2,1,1,1,0,1,1,0,0,0,0,0,MEDIUM,0.43,Data Access,wildcard_action + wildcard_resource
synthetic_04075,synthetic_04075_path_001,user:User7829,resource:Policy8108,2,1,1,1,0,0,0,1,0,0,0,0,CRITICAL,0.85,Privilege Escalation,policy_modification
synthetic_04076,synthetic_04076_path_001,user:User3981,role:AdminRole2108,2,2,1,1,1,0,0,0,0,0,0,0,HIGH,0.68,Lateral Movement,pass_role + assume_role_chain
synthetic_04077,synthetic_04077_path_001,user:User3166,resource:Bucket9976,2,1,1,1,0,0,0,0,0,0,0,0,LOW,0.15,Data Access,read_only_access
synthetic_04078,synthetic_04078_path_001,user:partner-8255,resource:Secret8474,2,1,1,1,0,0,0,0,1,0,1,0,CRITICAL,0.85,Data Access,external_trust
synthetic_04079,synthetic_04079_path_001,user:User4360,resource:Bucket3364,2,1,1,1,0,1,1,0,0,0,0,0,MEDIUM,0.43,Data Access,wildcard_action + wildcard_resource
synthetic_04080,synthetic_04080_path_001,user:User4010,resource:Bucket2142,2,1,1,1,0,1,1,0,0,0,0,0,MEDIUM,0.43,Data Access,wildcard_action + wildcard_resource
synthetic_04081,synthetic_04081_path_001,user:partner-6858,resource:Secret3130,2,1,1,1,0,0,0,0,1,0,1,0,CRITICAL,0.85,Data Access,external_trust
synthetic_04082,synthetic_04082_path_001,user:User1532,resource:Bucket9841,2,1,1,1,0,0,0,0,0,0,0,0,LOW,0.15,Data Access,read_only_access
synthetic_04083,synthetic_04083_path_001,user:User4155,resource:Bucket1850,2,1,1,1,0,0,0,0,0,0,0,0,LOW,0.15,Data Access,read_only_access
synthetic_04084,synthetic_04084_path_001,user:User4764,role:AdminRole5586,2,2,1,1,1,0,0,0,0,0,0,0,HIGH,0.68,Lateral Movement,pass_role + assume_role_chain
synthetic_04085,synthetic_04085_path_001,user:User7572,resource:Bucket7190,2,1,1,1,0,1,1,0,0,0,0,0,MEDIUM,0.43,Data Access,wildcard_action + wildcard_resource
synthetic_04086,synthetic_04086_path_001,user:695235786529,resource:Bucket2480,2,1,1,1,0,1,1,0,1,1,0,0,CRITICAL,0.88,Lateral Movement,external_trust + cross_account
synthetic_04087,synthetic_04087_path_001,user:User1795,resource:Bucket7267,2,1,1,1,0,1,1,0,0,0,0,0,MEDIUM,0.43,Data Access,wildcard_action + wildcard_resource
synthetic_04088,synthetic_04088_path_001,user:854875311980,resource:Bucket3731,2,1,1,1,0,1,1,0,1,1,0,0,CRITICAL,0.88,Lateral Movement,external_trust + cross_account
synthetic_04089,synthetic_04089_path_001,user:805376425507,resource:Bucket9684,2,1,1,1,0,1,1,0,1,1,0,0,CRITICAL,0.88,Lateral Movement,external_trust + cross_account
synthetic_04090,synthetic_04090_path_001,user:User1688,resource:Table3765,3,2,1,1,0,0,0,0,0,0,0,0,HIGH,0.65,Lateral Movement,assume_role_chain
synthetic_04091,synthetic_04091_path_001,user:User2231,resource:Bucket1560,2,1,1,1,0,0,0,0,0,0,0,0,LOW,0.15,Data Access,read_only_access
synthetic_04092,synthetic_04092_path_001,user:User7794,resource:Bucket3158,2,1,1,1,0,1,1,0,0,0,0,0,MEDIUM,0.43,Data Access,wildcard_action + wildcard_resource
synthetic_04093,synthetic_04093_path_001,user:873142495629,resource:Bucket8764,2,1,1,1,0,1,1,0,1,1,0,0,CRITICAL,0.88,Lateral Movement,external_trust + cross_account
synthetic_04094,synthetic_04094_path_001,user:User1136,resource:Bucket4189,2,1,1,1,0,0,0,0,0,0,0,0,LOW,0.15,Data Access,read_only_access
synthetic_04095,synthetic_04095_path_001,user:User6311,resource:Bucket1677,2,1,1,1,0,0,0,0,0,0,0,0,LOW,0.15,Data Access,read_only_access
synthetic_04096,synthetic_04096_path_001,user:User2299,resource:Bucket1347,2,1,1,1,0,1,1,0,0,0,0,0,MEDIUM,0.43,Data Access,wildcard_action + wildcard_resource
synthetic_04097,synthetic_04097_path_001,user:User1059,resource:Bucket5875,4,3,1,1,0,0,1,0,0,0,0,0,HIGH,0.68,Lateral Movement,assume_role_chain + long_privilege_escalation_chain
synthetic_04098,synthetic_04098_path_001,user:User9680,resource:Bucket3252,2,1,1,1,0,1,1,0,0,0,0,0,MEDIUM,0.43,Data Access,wildcard_action + wildcard_resource
synthetic_04099,synthetic_04099_path_001,user:662750152697,resource:Bucket5518,2,1,1,1,0,1,1,0,1,1,0,0,CRITICAL,0.88,Lateral Movement,external_trust + cross_account
synthetic_04100,synthetic_04100_path_001,user:User7524,resource:Policy8885,2,1,1,1,0,0,0,1,0,0,0,0,CRITICAL,0.85,Privilege Escalation,policy_modification
synthetic_04101,synthetic_04101_path_001,user:User4090,resource:Bucket9317,4,3,1,1,0,0,1,0,0,0,0,0,HIGH,0.68,Lateral Movement,assume_role_chain + long_privilege_escalation_chain
synthetic_04102,synthetic_04102_path_001,user:User4541,resource:Bucket7983,4,3,1,1,0,0,1,0,0,0,0,0,HIGH,0.68,Lateral Movement,assume_role_chain + long_privilege_escalation_chain
synthetic_04103,synthetic_04103_path_001,user:User8297,resource:Bucket4753,2,1,1,1,0,1,1,0,0,0,0,0,MEDIUM,0.43,Data Access,wildcard_action + wildcard_resource
synthetic_04104,synthetic_04104_path_001,user:User9708,resource:Bucket9194,2,1,1,1,0,0,0,0,0,0,0,0,LOW,0.15,Data Access,read_only_access
synthetic_04105,synthetic_04105_path_001,user:User1725,resource:Bucket8082,2,1,1,1,0,0,0,0,0,0,0,0,LOW,0.15,Data Access,read_only_access
synthetic_04106,synthetic_04106_path_001,user:User3115,resource:Bucket2206,2,1,1,1,0,0,0,0,0,0,0,0,LOW,0.15,Data Access,read_only_access
synthetic_04107,synthetic_04107_path_001,user:User3535,resource:Policy3069,2,1,1,1,0,0,0,1,0,0,0,0,CRITICAL,0.85,Privilege Escalation,policy_modification
synthetic_04108,synthetic_04108_path_001,user:User8372,resource:Bucket8808,4,3,1,1,0,0,1,0,0,0,0,0,HIGH,0.68,Lateral Movement,assume_role_chain + long_privilege_escalation_chain
synthetic_04109,synthetic_04109_path_001,user:585511639714,resource:Bucket1317,2,1,1,1,0,1,1,0,1,1,0,0,CRITICAL,0.88,Lateral Movement,external_trust + cross_account
synthetic_04110,synthetic_04110_path_001,user:414248739626,resource:Bucket6666,2,1,1,1,0,1,1,0,1,1,0,0,CRITICAL,0.88,Lateral Movement,external_trust + cross_account
synthetic_04111,synthetic_04111_path_001,user:User5921,resource:Bucket8365,2,1,1,1,0,0,0,0,0,0,0,0,LOW,0.15,Data Access,read_only_access
synthetic_04112,synthetic_04112_path_001,user:partner-8864,resource:Secret5225,2,1,1,1,0,0,0,0,1,0,1,0,CRITICAL,0.85,Data Access,external_trust
synthetic_04113,synthetic_04113_path_001,user:User4236,resource:Table8576,3,2,1,1,0,0,0,0,0,0,0,0,HIGH,0.65,Lateral Movement,assume_role_chain
synthetic_04114,synthetic_04114_path_001,user:User3699,role:AdminRole6929,2,2,1,1,1,0,0,0,0,0,0,0,HIGH,0.68,Lateral Movement,pass_role + assume_role_chain
synthetic_04115,synthetic_04115_path_001,user:User6530,resource:Bucket6036,2,1,1,1,0,1,1,0,0,0,0,0,MEDIUM,0.43,Data Access,wildcard_action + wildcard_resource
synthetic_04116,synthetic_04116_path_001,user:User1768,resource:Bucket5427,2,1,1,1,0,0,0,0,0,0,0,0,LOW,0.15,Data Access,read_only_access
synthetic_04117,synthetic_04117_path_001,user:User7860,resource:Bucket1500,2,1,1,1,0,1,1,0,0,0,0,0,MEDIUM,0.43,Data Access,wildcard_action + wildcard_resource
synthetic_04118,synthetic_04118_path_001,user:User7864,role:AdminRole8912,2,2,1,1,1,0,0,0,0,0,0,0,HIGH,0.68,Lateral Movement,pass_role + assume_role_chain
synthetic_04119,synthetic_04119_path_001,user:User7802,resource:Bucket5718,2,1,1,1,0,0,0,0,0,0,0,0,LOW,0.15,Data Access,read_only_access
synthetic_04120,synthetic_04120_path_001,user:User3267,resource:Bucket3519,4,3,1,1,0,0,1,0,0,0,0,0,HIGH,0.68,Lateral Movement,assume_role_chain + long_privilege_escalation_chain
synthetic_04121,synthetic_04121_path_001,user:partner-4783,resource:Secret2384,2,1,1,1,0,0,0,0,1,0,1,0,CRITICAL,0.85,Data Access,external_trust
synthetic_04122,synthetic_04122_path_001,user:527311722641,resource:Bucket9050,2,1,1,1,0,1,1,0,1,1,0,0,CRITICAL,0.88,Lateral Movement,external_trust + cross_account
synthetic_04123,synthetic_04123_path_001,user:User1208,resource:Bucket2077,2,1,1,1,0,1,1,0,0,0,0,1,CRITICAL,0.85,Privilege Escalation,admin_permission
synthetic_04124,synthetic_04124_path_001,user:partner-4562,resource:Secret9642,2,1,1,1,0,0,0,0,1,0,1,0,CRITICAL,0.85,Data Access,external_trust
synthetic_04125,synthetic_04125_path_001,user:partner-3680,resource:Secret9826,2,1,1,1,0,0,0,0,1,0,1,0,CRITICAL,0.85,Data Access,external_trust
synthetic_04126,synthetic_04126_path_001,user:User7806,role:AdminRole8809,2,2,1,1,1,0,0,0,0,0,0,0,HIGH,0.68,Lateral Movement,pass_role + assume_role_chain
synthetic_04127,synthetic_04127_path_001,user:partner-2350,resource:Secret5082,2,1,1,1,0,0,0,0,1,0,1,0,CRITICAL,0.85,Data Access,external_trust
synthetic_04128,synthetic_04128_path_001,user:User3679,resource:Bucket8618,2,1,1,1,0,0,0,0,0,0,0,0,LOW,0.15,Data Access,read_only_access
synthetic_04129,synthetic_04129_path_001,user:User4322,resource:Bucket1260,2,1,1,1,0,0,0,0,0,0,0,0,LOW,0.15,Data Access,read_only_access
synthetic_04130,synthetic_04130_path_001,user:User8426,resource:Bucket2106,2,1,1,1,0,1,1,0,0,0,0,0,MEDIUM,0.43,Data Access,wildcard_action + wildcard_resource
synthetic_04131,synthetic_04131_path_001,user:User9009,resource:Bucket6322,2,1,1,1,0,1,1,0,0,0,0,0,MEDIUM,0.43,Data Access,wildcard_action + wildcard_resource
synthetic_04132,synthetic_04132_path_001,user:User5655,resource:Bucket5072,2,1,1,1,0,1,1,0,0,0,0,1,CRITICAL,0.85,Privilege Escalation,admin_permission
synthetic_04133,synthetic_04133_path_001,user:User3352,resource:Bucket8092,2,1,1,1,0,1,1,0,0,0,0,0,MEDIUM,0.43,Data Access,wildcard_action + wildcard_resource
synthetic_04134,synthetic_04134_path_001,user:User4680,resource:Policy6009,2,1,1,1,0,0,0,1,0,0,0,0,CRITICAL,0.85,Privilege Escalation,policy_modification
synthetic_04135,synthetic_04135_path_001,user:User1314,role:AdminRole6234,2,2,1,1,1,0,0,0,0,0,0,0,HIGH,0.68,Lateral Movement,pass_role + assume_role_chain
synthetic_04136,synthetic_04136_path_001,user:User4001,resource:Policy3859,2,1,1,1,0,0,0,1,0,0,0,0,CRITICAL,0.85,Privilege Escalation,policy_modification
synthetic_04137,synthetic_04137_path_001,user:User6478,resource:Bucket9371,4,3,1,1,0,0,1,0,0,0,0,0,HIGH,0.68,Lateral Movement,assume_role_chain + long_privilege_escalation_chain
synthetic_04138,synthetic_04138_path_001,user:User8887,resource:Bucket5542,2,1,1,1,0,0,0,0,0,0,0,0,LOW,0.15,Data Access,read_only_access
synthetic_04139,synthetic_04139_path_001,user:302364122474,resource:Bucket9826,2,1,1,1,0,1,1,0,1,1,0,0,CRITICAL,0.88,Lateral Movement,external_trust + cross_account
synthetic_04140,synthetic_04140_path_001,user:User3576,resource:Policy4960,2,1,1,1,0,0,0,1,0,0,0,0,CRITICAL,0.85,Privilege Escalation,policy_modification
synthetic_04141,synthetic_04141_path_001,user:User2189,resource:Bucket1789,2,1,1,1,0,0,0,0,0,0,0,0,LOW,0.15,Data Access,read_only_access
synthetic_04142,synthetic_04142_path_001,user:User2570,resource:Bucket8986,2,1,1,1,0,0,0,0,0,0,0,0,LOW,0.15,Data Access,read_only_access
synthetic_04143,synthetic_04143_path_001,user:User9169,resource:Bucket5370,2,1,1,1,0,1,1,0,0,0,0,0,MEDIUM,0.43,Data Access,wildcard_action + wildcard_resource
synthetic_04144,synthetic_04144_path_001,user:User5901,resource:Bucket7443,2,1,1,1,0,0,0,0,0,0,0,0,LOW,0.15,Data Access,read_only_access
synthetic_04145,synthetic_04145_path_001,user:User3560,role:AdminRole7099,2,2,1,1,1,0,0,0,0,0,0,0,HIGH,0.68,Lateral Movement,pass_role + assume_role_chain
synthetic_04146,synthetic_04146_path_001,user:User3156,resource:Policy4810,2,1,1,1,0,0,0,1,0,0,0,0,CRITICAL,0.85,Privilege Escalation,policy_modification
synthetic_04147,synthetic_04147_path_001,user:partner-2234,resource:Secret5087,2,1,1,1,0,0,0,0,1,0,1,0,CRITICAL,0.85,Data Access,external_trust
synthetic_04148,synthetic_04148_path_001,user:User4657,resource:Bucket5160,2,1,1,1,0,1,1,0,0,0,0,0,MEDIUM,0.43,Data Access,wildcard_action + wildcard_resource
synthetic_04149,synthetic_04149_path_001,user:User9146,resource:Bucket6864,2,1,1,1,0,1,1,0,0,0,0,0,MEDIUM,0.43,Data Access,wildcard_action + wildcard_resource
synthetic_04150,synthetic_04150_path_001,user:User4778,resource:Bucket9436,2,1,1,1,0,1,1,0,0,0,0,0,MEDIUM,0.43,Data Access,wildcard_action + wildcard_resource
synthetic_04151,synthetic_04151_path_001,user:User8054,resource:Bucket7725,2,1,1,1,0,0,0,0,0,0,0,0,LOW,0.15,Data Access,read_only_access
synthetic_04152,synthetic_04152_path_001,user:User9789,resource:Table4890,3,2,1,1,0,0,0,0,0,0,0,0,HIGH,0.65,Lateral Movement,assume_role_chain
synthetic_04153,synthetic_04153_path_001,user:User1151,resource:Bucket8507,2,1,1,1,0,1,1,0,0,0,0,0,MEDIUM,0.43,Data Access,wildcard_action + wildcard_resource
synthetic_04154,synthetic_04154_path_001,user:User3520,resource:Bucket6151,2,1,1,1,0,0,0,0,0,0,0,0,LOW,0.15,Data Access,read_only_access
synthetic_04155,synthetic_04155_path_001,user:User8297,resource:Table6014,3,2,1,1,0,0,0,0,0,0,0,0,HIGH,0.65,Lateral Movement,assume_role_chain
synthetic_04156,synthetic_04156_path_001,user:User4535,resource:Bucket1392,2,1,1,1,0,0,0,0,0,0,0,0,LOW,0.15,Data Access,read_only_access
synthetic_04157,synthetic_04157_path_001,user:User5661,resource:Bucket2573,2,1,1,1,0,0,0,0,0,0,0,0,LOW,0.15,Data Access,read_only_access
synthetic_04158,synthetic_04158_path_001,user:User9412,resource:Bucket9205,2,1,1,1,0,0,0,0,0,0,0,0,LOW,0.15,Data Access,read_only_access
synthetic_04159,synthetic_04159_path_001,user:User7401,resource:Bucket7322,2,1,1,1,0,1,1,0,0,0,0,0,MEDIUM,0.43,Data Access,wildcard_action + wildcard_resource
synthetic_04160,synthetic_04160_path_001,user:User8751,resource:Bucket6772,2,1,1,1,0,1,1,0,0,0,0,1,CRITICAL,0.85,Privilege Escalation,admin_permission
synthetic_04161,synthetic_04161_path_001,user:050965688267,resource:Bucket9585,2,1,1,1,0,1,1,0,1,1,0,0,CRITICAL,0.88,Lateral Movement,external_trust + cross_account
synthetic_04162,synthetic_04162_path_001,user:User8999,resource:Bucket1029,2,1,1,1,0,1,1,0,0,0,0,1,CRITICAL,0.85,Privilege Escalation,admin_permission
synthetic_04163,synthetic_04163_path_001,user:User4164,resource:Bucket4453,2,1,1,1,0,0,0,0,0,0,0,0,LOW,0.15,Data Access,read_only_access
synthetic_04164,synthetic_04164_path_001,user:User9450,resource:Bucket1471,2,1,1,1,0,0,0,0,0,0,0,0,LOW,0.15,Data Access,read_only_access
synthetic_04165,synthetic_04165_path_001,user:User8265,resource:Bucket7082,2,1,1,1,0,1,1,0,0,0,0,0,MEDIUM,0.43,Data Access,wildcard_action + wildcard_resource
synthetic_04166,synthetic_04166_path_001,user:User9988,resource:Bucket7744,2,1,1,1,0,1,1,0,0,0,0,1,CRITICAL,0.85,Privilege Escalation,admin_permission
synthetic_04167,synthetic_04167_path_001,user:User5316,resource:Bucket8123,2,1,1,1,0,1,1,0,0,0,0,0,MEDIUM,0.43,Data Access,wildcard_action + wildcard_resource
synthetic_04168,synthetic_04168_path_001,user:User6531,resource:Bucket2654,2,1,1,1,0,1,1,0,0,0,0,0,MEDIUM,0.43,Data Access,wildcard_action + wildcard_resource
synthetic_04169,synthetic_04169_path_001,user:User1744,resource:Bucket6987,2,1,1,1,0,1,1,0,0,0,0,0,MEDIUM,0.43,Data Access,wildcard_action + wildcard_resource
synthetic_04170,synthetic_04170_path_001,user:User2464,resource:Bucket1799,2,1,1,1,0,0,0,0,0,0,0,0,LOW,0.15,Data Access,read_only_access
synthetic_04171,synthetic_04171_path_001,user:002585653377,resource:Bucket4964,2,1,1,1,0,1,1,0,1,1,0,0,CRITICAL,0.88,Lateral Movement,external_trust + cross_account
synthetic_04172,synthetic_04172_path_001,user:User8881,resource:Bucket3635,2,1,1,1,0,1,1,0,0,0,0,0,MEDIUM,0.43,Data Access,wildcard_action + wildcard_resource
synthetic_04173,synthetic_04173_path_001,user:User8872,resource:Bucket1206,2,1,1,1,0,1,1,0,0,0,0,0,MEDIUM,0.43,Data Access,wildcard_action + wildcard_resource
synthetic_04174,synthetic_04174_path_001,user:User3269,resource:Table6521,3,2,1,1,0,0,0,0,0,0,0,0,HIGH,0.65,Lateral Movement,assume_role_chain
synthetic_04175,synthetic_04175_path_001,user:User1947,resource:Bucket5846,2,1,1,1,0,1,1,0,0,0,0,0,MEDIUM,0.43,Data Access,wildcard_action + wildcard_resource
synthetic_04176,synthetic_04176_path_001,user:User4420,role:AdminRole7577,2,2,1,1,1,0,0,0,0,0,0,0,HIGH,0.68,Lateral Movement,pass_role + assume_role_chain
synthetic_04177,synthetic_04177_path_001,user:User4881,resource:Table8836,3,2,1,1,0,0,0,0,0,0,0,0,HIGH,0.65,Lateral Movement,assume_role_chain
synthetic_04178,synthetic_04178_path_001,user:User7185,resource:Bucket7418,2,1,1,1,0,0,0,0,0,0,0,0,LOW,0.15,Data Access,read_only_access
synthetic_04179,synthetic_04179_path_001,user:partner-5621,resource:Secret9620,2,1,1,1,0,0,0,0,1,0,1,0,CRITICAL,0.85,Data Access,external_trust
synthetic_04180,synthetic_04180_path_001,user:User2302,resource:Bucket4660,2,1,1,1,0,0,0,0,0,0,0,0,LOW,0.15,Data Access,read_only_access
synthetic_04181,synthetic_04181_path_001,user:User4703,resource:Bucket9056,2,1,1,1,0,1,1,0,0,0,0,0,MEDIUM,0.43,Data Access,wildcard_action + wildcard_resource
synthetic_04182,synthetic_04182_path_001,user:User7762,resource:Bucket5447,2,1,1,1,0,1,1,0,0,0,0,1,CRITICAL,0.85,Privilege Escalation,admin_permission
synthetic_04183,synthetic_04183_path_001,user:User9135,role:AdminRole6885,2,2,1,1,1,0,0,0,0,0,0,0,HIGH,0.68,Lateral Movement,pass_role + assume_role_chain
synthetic_04184,synthetic_04184_path_001,user:User7186,resource:Bucket3380,2,1,1,1,0,0,0,0,0,0,0,0,LOW,0.15,Data Access,read_only_access
synthetic_04185,synthetic_04185_path_001,user:partner-7622,resource:Secret1068,2,1,1,1,0,0,0,0,1,0,1,0,CRITICAL,0.85,Data Access,external_trust
synthetic_04186,synthetic_04186_path_001,user:User3124,resource:Bucket5701,2,1,1,1,0,0,0,0,0,0,0,0,LOW,0.15,Data Access,read_only_access
synthetic_04187,synthetic_04187_path_001,user:User8399,resource:Bucket2291,4,3,1,1,0,0,1,0,0,0,0,0,HIGH,0.68,Lateral Movement,assume_role_chain + long_privilege_escalation_chain
synthetic_04188,synthetic_04188_path_001,user:User9463,resource:Bucket9304,2,1,1,1,0,1,1,0,0,0,0,0,MEDIUM,0.43,Data Access,wildcard_action + wildcard_resource
synthetic_04189,synthetic_04189_path_001,user:User8067,resource:Bucket9884,2,1,1,1,0,1,1,0,0,0,0,0,MEDIUM,0.43,Data Access,wildcard_action + wildcard_resource
synthetic_04190,synthetic_04190_path_001,user:User8992,role:AdminRole5815,2,2,1,1,1,0,0,0,0,0,0,0,HIGH,0.68,Lateral Movement,pass_role + assume_role_chain
synthetic_04191,synthetic_04191_path_001,user:partner-8961,resource:Secret7252,2,1,1,1,0,0,0,0,1,0,1,0,CRITICAL,0.85,Data Access,external_trust
synthetic_04192,synthetic_04192_path_001,user:User3302,resource:Bucket7404,2,1,1,1,0,0,0,0,0,0,0,0,LOW,0.15,Data Access,read_only_access
synthetic_04193,synthetic_04193_path_001,user:User1242,resource:Bucket3622,2,1,1,1,0,1,1,0,0,0,0,0,MEDIUM,0.43,Data Access,wildcard_action + wildcard_resource
synthetic_04194,synthetic_04194_path_001,user:User7437,role:AdminRole2155,2,2,1,1,1,0,0,0,0,0,0,0,HIGH,0.68,Lateral Movement,pass_role + assume_role_chain
synthetic_04195,synthetic_04195_path_001,user:User8561,resource:Bucket8569,2,1,1,1,0,0,0,0,0,0,0,0,LOW,0.15,Data Access,read_only_access
synthetic_04196,synthetic_04196_path_001,user:User2207,resource:Bucket9732,2,1,1,1,0,0,0,0,0,0,0,0,LOW,0.15,Data Access,read_only_access
synthetic_04197,synthetic_04197_path_001,user:User2995,resource:Table5072,3,2,1,1,0,0,0,0,0,0,0,0,HIGH,0.65,Lateral Movement,assume_role_chain
synthetic_04198,synthetic_04198_path_001,user:User7697,resource:Table2397,3,2,1,1,0,0,0,0,0,0,0,0,HIGH,0.65,Lateral Movement,assume_role_chain
synthetic_04199,synthetic_04199_path_001,user:User8441,resource:Bucket9214,2,1,1,1,0,0,0,0,0,0,0,0,LOW,0.15,Data Access,read_only_access
synthetic_04200,synthetic_04200_path_001,user:User3051,role:AdminRole7199,2,2,1,1,1,0,0,0,0,0,0,0,HIGH,0.68,Lateral Movement,pass_role + assume_role_chain
synthetic_04201,synthetic_04201_path_001,user:User3343,resource:Bucket8965,2,1,1,1,0,1,1,0,0,0,0,1,CRITICAL,0.85,Privilege Escalation,admin_permission
synthetic_04202,synthetic_04202_path_001,user:User1741,resource:Bucket5289,2,1,1,1,0,0,0,0,0,0,0,0,LOW,0.15,Data Access,read_only_access
synthetic_04203,synthetic_04203_path_001,user:User2142,resource:Bucket2698,2,1,1,1,0,0,0,0,0,0,0,0,LOW,0.15,Data Access,read_only_access
synthetic_04204,synthetic_04204_path_001,user:User6600,resource:Bucket4792,2,1,1,1,0,0,0,0,0,0,0,0,LOW,0.15,Data Access,read_only_access
synthetic_04205,synthetic_04205_path_001,user:User1036,resource:Bucket6108,2,1,1,1,0,0,0,0,0,0,0,0,LOW,0.15,Data Access,read_only_access
synthetic_04206,synthetic_04206_path_001,user:User1022,resource:Bucket1782,2,1,1,1,0,1,1,0,0,0,0,0,MEDIUM,0.43,Data Access,wildcard_action + wildcard_resource
synthetic_04207,synthetic_04207_path_001,user:User9246,resource:Bucket9627,2,1,1,1,0,1,1,0,0,0,0,0,MEDIUM,0.43,Data Access,wildcard_action + wildcard_resource
synthetic_04208,synthetic_04208_path_001,user:User5303,resource:Bucket7385,2,1,1,1,0,0,0,0,0,0,0,0,LOW,0.15,Data Access,read_only_access
synthetic_04209,synthetic_04209_path_001,user:User3498,resource:Bucket6375,2,1,1,1,0,0,0,0,0,0,0,0,LOW,0.15,Data Access,read_only_access
synthetic_04210,synthetic_04210_path_001,user:User5386,resource:Bucket4645,2,1,1,1,0,0,0,0,0,0,0,0,LOW,0.15,Data Access,read_only_access
synthetic_04211,synthetic_04211_path_001,user:User9605,resource:Bucket1060,2,1,1,1,0,1,1,0,0,0,0,0,MEDIUM,0.43,Data Access,wildcard_action + wildcard_resource
synthetic_04212,synthetic_04212_path_001,user:User4747,resource:Bucket5733,2,1,1,1,0,0,0,0,0,0,0,0,LOW,0.15,Data Access,read_only_access
synthetic_04213,synthetic_04213_path_001,user:User5922,resource:Table7312,3,2,1,1,0,0,0,0,0,0,0,0,HIGH,0.65,Lateral Movement,assume_role_chain
synthetic_04214,synthetic_04214_path_001,user:User3749,resource:Bucket8387,2,1,1,1,0,0,0,0,0,0,0,0,LOW,0.15,Data Access,read_only_access
synthetic_04215,synthetic_04215_path_001,user:User1745,resource:Bucket4955,4,3,1,1,0,0,1,0,0,0,0,0,HIGH,0.68,Lateral Movement,assume_role_chain + long_privilege_escalation_chain
synthetic_04216,synthetic_04216_path_001,user:User9746,resource:Bucket6444,2,1,1,1,0,0,0,0,0,0,0,0,LOW,0.15,Data Access,read_only_access
synthetic_04217,synthetic_04217_path_001,user:User6277,resource:Bucket7490,2,1,1,1,0,0,0,0,0,0,0,0,LOW,0.15,Data Access,read_only_access
synthetic_04218,synthetic_04218_path_001,user:User5602,resource:Bucket5761,2,1,1,1,0,0,0,0,0,0,0,0,LOW,0.15,Data Access,read_only_access
synthetic_04219,synthetic_04219_path_001,user:User7202,resource:Bucket5450,2,1,1,1,0,1,1,0,0,0,0,0,MEDIUM,0.43,Data Access,wildcard_action + wildcard_resource
synthetic_04220,synthetic_04220_path_001,user:User5037,resource:Bucket2745,2,1,1,1,0,0,0,0,0,0,0,0,LOW,0.15,Data Access,read_only_access
synthetic_04221,synthetic_04221_path_001,user:partner-1064,resource:Secret8282,2,1,1,1,0,0,0,0,1,0,1,0,CRITICAL,0.85,Data Access,external_trust
synthetic_04222,synthetic_04222_path_001,user:User6131,resource:Table4309,3,2,1,1,0,0,0,0,0,0,0,0,HIGH,0.65,Lateral Movement,assume_role_chain
synthetic_04223,synthetic_04223_path_001,user:User1605,resource:Policy9647,2,1,1,1,0,0,0,1,0,0,0,0,CRITICAL,0.85,Privilege Escalation,policy_modification
synthetic_04224,synthetic_04224_path_001,user:171960049021,resource:Bucket5695,2,1,1,1,0,1,1,0,1,1,0,0,CRITICAL,0.88,Lateral Movement,external_trust + cross_account
synthetic_04225,synthetic_04225_path_001,user:User7928,resource:Bucket5576,2,1,1,1,0,1,1,0,0,0,0,0,MEDIUM,0.43,Data Access,wildcard_action + wildcard_resource
synthetic_04226,synthetic_04226_path_001,user:User9503,resource:Table6610,3,2,1,1,0,0,0,0,0,0,0,0,HIGH,0.65,Lateral Movement,assume_role_chain
synthetic_04227,synthetic_04227_path_001,user:User3650,resource:Bucket2784,2,1,1,1,0,1,1,0,0,0,0,0,MEDIUM,0.43,Data Access,wildcard_action + wildcard_resource
synthetic_04228,synthetic_04228_path_001,user:User4836,resource:Bucket4994,2,1,1,1,0,0,0,0,0,0,0,0,LOW,0.15,Data Access,read_only_access
synthetic_04229,synthetic_04229_path_001,user:User3950,role:AdminRole7622,2,2,1,1,1,0,0,0,0,0,0,0,HIGH,0.68,Lateral Movement,pass_role + assume_role_chain
synthetic_04230,synthetic_04230_path_001,user:User4513,resource:Bucket2829,2,1,1,1,0,1,1,0,0,0,0,1,CRITICAL,0.85,Privilege Escalation,admin_permission
synthetic_04231,synthetic_04231_path_001,user:User8445,resource:Bucket5971,2,1,1,1,0,0,0,0,0,0,0,0,LOW,0.15,Data Access,read_only_access
synthetic_04232,synthetic_04232_path_001,user:User3494,role:AdminRole6717,2,2,1,1,1,0,0,0,0,0,0,0,HIGH,0.68,Lateral Movement,pass_role + assume_role_chain
synthetic_04233,synthetic_04233_path_001,user:User7162,resource:Policy4991,2,1,1,1,0,0,0,1,0,0,0,0,CRITICAL,0.85,Privilege Escalation,policy_modification
synthetic_04234,synthetic_04234_path_001,user:User7357,resource:Bucket2515,2,1,1,1,0,1,1,0,0,0,0,0,MEDIUM,0.43,Data Access,wildcard_action + wildcard_resource
synthetic_04235,synthetic_04235_path_001,user:User4289,resource:Bucket8890,2,1,1,1,0,1,1,0,0,0,0,0,MEDIUM,0.43,Data Access,wildcard_action + wildcard_resource
synthetic_04236,synthetic_04236_path_001,user:User6984,resource:Bucket2659,2,1,1,1,0,1,1,0,0,0,0,0,MEDIUM,0.43,Data Access,wildcard_action + wildcard_resource
synthetic_04237,synthetic_04237_path_001,user:User3052,resource:Bucket2989,2,1,1,1,0,1,1,0,0,0,0,0,MEDIUM,0.43,Data Access,wildcard_action + wildcard_resource
synthetic_04238,synthetic_04238_path_001,user:User4079,resource:Bucket5308,2,1,1,1,0,0,0,0,0,0,0,0,LOW,0.15,Data Access,read_only_access
synthetic_04239,synthetic_04239_path_001,user:User9767,resource:Bucket1255,2,1,1,1,0,0,0,0,0,0,0,0,LOW,0.15,Data Access,read_only_access
synthetic_04240,synthetic_04240_path_001,user:User6368,resource:Bucket8962,2,1,1,1,0,1,1,0,0,0,0,1,CRITICAL,0.85,Privilege Escalation,admin_permission
synthetic_04241,synthetic_04241_path_001,user:User5104,resource:Bucket9863,4,3,1,1,0,0,1,0,0,0,0,0,HIGH,0.68,Lateral Movement,assume_role_chain + long_privilege_escalation_chain
synthetic_04242,synthetic_04242_path_001,user:User3472,role:AdminRole6278,2,2,1,1,1,0,0,0,0,0,0,0,HIGH,0.68,Lateral Movement,pass_role + assume_role_chain
synthetic_04243,synthetic_04243_path_001,user:User1897,resource:Bucket1390,2,1,1,1,0,0,0,0,0,0,0,0,LOW,0.15,Data Access,read_only_access
synthetic_04244,synthetic_04244_path_001,user:User2314,resource:Bucket1907,2,1,1,1,0,0,0,0,0,0,0,0,LOW,0.15,Data Access,read_only_access
synthetic_04245,synthetic_04245_path_001,user:User2153,resource:Bucket4154,2,1,1,1,0,0,0,0,0,0,0,0,LOW,0.15,Data Access,read_only_access
synthetic_04246,synthetic_04246_path_001,user:User9425,resource:Bucket4784,4,3,1,1,0,0,1,0,0,0,0,0,HIGH,0.68,Lateral Movement,assume_role_chain + long_privilege_escalation_chain
synthetic_04247,synthetic_04247_path_001,user:User9388,resource:Bucket5963,4,3,1,1,0,0,1,0,0,0,0,0,HIGH,0.68,Lateral Movement,assume_role_chain + long_privilege_escalation_chain
synthetic_04248,synthetic_04248_path_001,user:User7633,resource:Table4221,3,2,1,1,0,0,0,0,0,0,0,0,HIGH,0.65,Lateral Movement,assume_role_chain
synthetic_04249,synthetic_04249_path_001,user:User4572,resource:Table5320,3,2,1,1,0,0,0,0,0,0,0,0,HIGH,0.65,Lateral Movement,assume_role_chain
synthetic_04250,synthetic_04250_path_001,user:User9670,resource:Table8638,3,2,1,1,0,0,0,0,0,0,0,0,HIGH,0.65,Lateral Movement,assume_role_chain
synthetic_04251,synthetic_04251_path_001,user:User5014,resource:Bucket6944,2,1,1,1,0,1,1,0,0,0,0,1,CRITICAL,0.85,Privilege Escalation,admin_permission
synthetic_04252,synthetic_04252_path_001,user:User3071,role:AdminRole9688,2,2,1,1,1,0,0,0,0,0,0,0,HIGH,0.68,Lateral Movement,pass_role + assume_role_chain
synthetic_04253,synthetic_04253_path_001,user:User3288,role:AdminRole7728,2,2,1,1,1,0,0,0,0,0,0,0,HIGH,0.68,Lateral Movement,pass_role + assume_role_chain
synthetic_04254,synthetic_04254_path_001,user:User2337,resource:Bucket7514,2,1,1,1,0,0,0,0,0,0,0,0,LOW,0.15,Data Access,read_only_access
synthetic_04255,synthetic_04255_path_001,user:User4659,resource:Bucket3548,2,1,1,1,0,1,1,0,0,0,0,0,MEDIUM,0.43,Data Access,wildcard_action + wildcard_resource
synthetic_04256,synthetic_04256_path_001,user:partner-8149,resource:Secret7939,2,1,1,1,0,0,0,0,1,0,1,0,CRITICAL,0.85,Data Access,external_trust
synthetic_04257,synthetic_04257_path_001,user:991676403239,resource:Bucket4737,2,1,1,1,0,1,1,0,1,1,0,0,CRITICAL,0.88,Lateral Movement,external_trust + cross_account
synthetic_04258,synthetic_04258_path_001,user:partner-9743,resource:Secret7591,2,1,1,1,0,0,0,0,1,0,1,0,CRITICAL,0.85,Data Access,external_trust
synthetic_04259,synthetic_04259_path_001,user:User4938,resource:Bucket5260,2,1,1,1,0,0,0,0,0,0,0,0,LOW,0.15,Data Access,read_only_access
synthetic_04260,synthetic_04260_path_001,user:User7790,resource:Bucket5229,2,1,1,1,0,1,1,0,0,0,0,0,MEDIUM,0.43,Data Access,wildcard_action + wildcard_resource
synthetic_04261,synthetic_04261_path_001,user:User8032,resource:Bucket8127,2,1,1,1,0,1,1,0,0,0,0,1,CRITICAL,0.85,Privilege Escalation,admin_permission
synthetic_04262,synthetic_04262_path_001,user:User4646,resource:Bucket1759,2,1,1,1,0,1,1,0,0,0,0,0,MEDIUM,0.43,Data Access,wildcard_action + wildcard_resource
synthetic_04263,synthetic_04263_path_001,user:User9515,role:AdminRole6250,2,2,1,1,1,0,0,0,0,0,0,0,HIGH,0.68,Lateral Movement,pass_role + assume_role_chain
synthetic_04264,synthetic_04264_path_001,user:User8846,role:AdminRole6471,2,2,1,1,1,0,0,0,0,0,0,0,HIGH,0.68,Lateral Movement,pass_role + assume_role_chain
synthetic_04265,synthetic_04265_path_001,user:User6697,resource:Bucket7367,2,1,1,1,0,1,1,0,0,0,0,0,MEDIUM,0.43,Data Access,wildcard_action + wildcard_resource
synthetic_04266,synthetic_04266_path_001,user:User1854,resource:Bucket6838,2,1,1,1,0,1,1,0,0,0,0,0,MEDIUM,0.43,Data Access,wildcard_action + wildcard_resource
synthetic_04267,synthetic_04267_path_001,user:User5365,resource:Bucket3757,4,3,1,1,0,0,1,0,0,0,0,0,HIGH,0.68,Lateral Movement,assume_role_chain + long_privilege_escalation_chain
synthetic_04268,synthetic_04268_path_001,user:660323584180,resource:Bucket6234,2,1,1,1,0,1,1,0,1,1,0,0,CRITICAL,0.88,Lateral Movement,external_trust + cross_account
synthetic_04269,synthetic_04269_path_001,user:partner-8460,resource:Secret6881,2,1,1,1,0,0,0,0,1,0,1,0,CRITICAL,0.85,Data Access,external_trust
synthetic_04270,synthetic_04270_path_001,user:partner-2105,resource:Secret5175,2,1,1,1,0,0,0,0,1,0,1,0,CRITICAL,0.85,Data Access,external_trust
synthetic_04271,synthetic_04271_path_001,user:User2204,resource:Table4548,3,2,1,1,0,0,0,0,0,0,0,0,HIGH,0.65,Lateral Movement,assume_role_chain
synthetic_04272,synthetic_04272_path_001,user:User8471,resource:Bucket4578,2,1,1,1,0,1,1,0,0,0,0,1,CRITICAL,0.85,Privilege Escalation,admin_permission
synthetic_04273,synthetic_04273_path_001,user:User8586,resource:Bucket2705,2,1,1,1,0,1,1,0,0,0,0,0,MEDIUM,0.43,Data Access,wildcard_action + wildcard_resource
synthetic_04274,synthetic_04274_path_001,user:User5778,resource:Bucket4363,2,1,1,1,0,1,1,0,0,0,0,1,CRITICAL,0.85,Privilege Escalation,admin_permission
synthetic_04275,synthetic_04275_path_001,user:User1703,resource:Bucket7519,2,1,1,1,0,0,0,0,0,0,0,0,LOW,0.15,Data Access,read_only_access
synthetic_04276,synthetic_04276_path_001,user:User3394,resource:Bucket5140,2,1,1,1,0,1,1,0,0,0,0,1,CRITICAL,0.85,Privilege Escalation,admin_permission
synthetic_04277,synthetic_04277_path_001,user:User3806,resource:Bucket1644,2,1,1,1,0,1,1,0,0,0,0,1,CRITICAL,0.85,Privilege Escalation,admin_permission
synthetic_04278,synthetic_04278_path_001,user:User8231,resource:Bucket7992,2,1,1,1,0,0,0,0,0,0,0,0,LOW,0.15,Data Access,read_only_access
synthetic_04279,synthetic_04279_path_001,user:User4012,resource:Bucket8732,2,1,1,1,0,1,1,0,0,0,0,0,MEDIUM,0.43,Data Access,wildcard_action + wildcard_resource
synthetic_04280,synthetic_04280_path_001,user:User1368,role:AdminRole3256,2,2,1,1,1,0,0,0,0,0,0,0,HIGH,0.68,Lateral Movement,pass_role + assume_role_chain
synthetic_04281,synthetic_04281_path_001,user:User5151,role:AdminRole8157,2,2,1,1,1,0,0,0,0,0,0,0,HIGH,0.68,Lateral Movement,pass_role + assume_role_chain
synthetic_04282,synthetic_04282_path_001,user:User3624,resource:Table4429,3,2,1,1,0,0,0,0,0,0,0,0,HIGH,0.65,Lateral Movement,assume_role_chain
synthetic_04283,synthetic_04283_path_001,user:User6345,resource:Table6361,3,2,1,1,0,0,0,0,0,0,0,0,HIGH,0.65,Lateral Movement,assume_role_chain
synthetic_04284,synthetic_04284_path_001,user:User2497,resource:Bucket1300,2,1,1,1,0,1,1,0,0,0,0,0,MEDIUM,0.43,Data Access,wildcard_action + wildcard_resource
synthetic_04285,synthetic_04285_path_001,user:User5973,role:AdminRole5193,2,2,1,1,1,0,0,0,0,0,0,0,HIGH,0.68,Lateral Movement,pass_role + assume_role_chain
synthetic_04286,synthetic_04286_path_001,user:User3110,resource:Bucket1780,4,3,1,1,0,0,1,0,0,0,0,0,HIGH,0.68,Lateral Movement,assume_role_chain + long_privilege_escalation_chain
synthetic_04287,synthetic_04287_path_001,user:User8402,resource:Bucket3113,2,1,1,1,0,0,0,0,0,0,0,0,LOW,0.15,Data Access,read_only_access
synthetic_04288,synthetic_04288_path_001,user:User9666,resource:Bucket1046,2,1,1,1,0,0,0,0,0,0,0,0,LOW,0.15,Data Access,read_only_access
synthetic_04289,synthetic_04289_path_001,user:User5499,resource:Bucket8485,2,1,1,1,0,0,0,0,0,0,0,0,LOW,0.15,Data Access,read_only_access
synthetic_04290,synthetic_04290_path_001,user:User8122,resource:Bucket1493,2,1,1,1,0,0,0,0,0,0,0,0,LOW,0.15,Data Access,read_only_access
synthetic_04291,synthetic_04291_path_001,user:User3031,resource:Bucket7984,2,1,1,1,0,1,1,0,0,0,0,0,MEDIUM,0.43,Data Access,wildcard_action + wildcard_resource
synthetic_04292,synthetic_04292_path_001,user:User1151,resource:Table1023,3,2,1,1,0,0,0,0,0,0,0,0,HIGH,0.65,Lateral Movement,assume_role_chain
synthetic_04293,synthetic_04293_path_001,user:User5562,resource:Bucket2053,2,1,1,1,0,1,1,0,0,0,0,0,MEDIUM,0.43,Data Access,wildcard_action + wildcard_resource
synthetic_04294,synthetic_04294_path_001,user:User5323,resource:Bucket1070,2,1,1,1,0,1,1,0,0,0,0,0,MEDIUM,0.43,Data Access,wildcard_action + wildcard_resource
synthetic_04295,synthetic_04295_path_001,user:partner-6427,resource:Secret2635,2,1,1,1,0,0,0,0,1,0,1,0,CRITICAL,0.85,Data Access,external_trust
synthetic_04296,synthetic_04296_path_001,user:User5904,resource:Bucket7764,2,1,1,1,0,1,1,0,0,0,0,0,MEDIUM,0.43,Data Access,wildcard_action + wildcard_resource
synthetic_04297,synthetic_04297_path_001,user:User2571,resource:Bucket6876,2,1,1,1,0,0,0,0,0,0,0,0,LOW,0.15,Data Access,read_only_access
synthetic_04298,synthetic_04298_path_001,user:User7683,resource:Bucket2617,2,1,1,1,0,0,0,0,0,0,0,0,LOW,0.15,Data Access,read_only_access
synthetic_04299,synthetic_04299_path_001,user:User6429,resource:Policy3618,2,1,1,1,0,0,0,1,0,0,0,0,CRITICAL,0.85,Privilege Escalation,policy_modification
synthetic_04300,synthetic_04300_path_001,user:User1786,resource:Bucket9244,2,1,1,1,0,0,0,0,0,0,0,0,LOW,0.15,Data Access,read_only_access
synthetic_04301,synthetic_04301_path_001,user:User5983,resource:Bucket6731,2,1,1,1,0,1,1,0,0,0,0,0,MEDIUM,0.43,Data Access,wildcard_action + wildcard_resource
synthetic_04302,synthetic_04302_path_001,user:User6014,resource:Policy7628,2,1,1,1,0,0,0,1,0,0,0,0,CRITICAL,0.85,Privilege Escalation,policy_modification
synthetic_04303,synthetic_04303_path_001,user:User4251,resource:Bucket2424,4,3,1,1,0,0,1,0,0,0,0,0,HIGH,0.68,Lateral Movement,assume_role_chain + long_privilege_escalation_chain
synthetic_04304,synthetic_04304_path_001,user:User6318,resource:Bucket9299,2,1,1,1,0,0,0,0,0,0,0,0,LOW,0.15,Data Access,read_only_access
synthetic_04305,synthetic_04305_path_001,user:User9901,resource:Bucket3902,2,1,1,1,0,1,1,0,0,0,0,0,MEDIUM,0.43,Data Access,wildcard_action + wildcard_resource
synthetic_04306,synthetic_04306_path_001,user:User8293,resource:Bucket9708,2,1,1,1,0,0,0,0,0,0,0,0,LOW,0.15,Data Access,read_only_access
synthetic_04307,synthetic_04307_path_001,user:User6877,resource:Bucket9314,2,1,1,1,0,1,1,0,0,0,0,0,MEDIUM,0.43,Data Access,wildcard_action + wildcard_resource
synthetic_04308,synthetic_04308_path_001,user:User8074,resource:Policy6070,2,1,1,1,0,0,0,1,0,0,0,0,CRITICAL,0.85,Privilege Escalation,policy_modification
synthetic_04309,synthetic_04309_path_001,user:User4607,role:AdminRole6381,2,2,1,1,1,0,0,0,0,0,0,0,HIGH,0.68,Lateral Movement,pass_role + assume_role_chain
synthetic_04310,synthetic_04310_path_001,user:User5833,resource:Bucket3966,2,1,1,1,0,1,1,0,0,0,0,1,CRITICAL,0.85,Privilege Escalation,admin_permission
synthetic_04311,synthetic_04311_path_001,user:partner-7664,resource:Secret6262,2,1,1,1,0,0,0,0,1,0,1,0,CRITICAL,0.85,Data Access,external_trust
synthetic_04312,synthetic_04312_path_001,user:User2446,role:AdminRole4086,2,2,1,1,1,0,0,0,0,0,0,0,HIGH,0.68,Lateral Movement,pass_role + assume_role_chain
synthetic_04313,synthetic_04313_path_001,user:partner-9982,resource:Secret1300,2,1,1,1,0,0,0,0,1,0,1,0,CRITICAL,0.85,Data Access,external_trust
synthetic_04314,synthetic_04314_path_001,user:User3339,resource:Bucket5097,2,1,1,1,0,1,1,0,0,0,0,0,MEDIUM,0.43,Data Access,wildcard_action + wildcard_resource
synthetic_04315,synthetic_04315_path_001,user:User1009,resource:Bucket9693,2,1,1,1,0,1,1,0,0,0,0,1,CRITICAL,0.85,Privilege Escalation,admin_permission
synthetic_04316,synthetic_04316_path_001,user:partner-6711,resource:Secret3974,2,1,1,1,0,0,0,0,1,0,1,0,CRITICAL,0.85,Data Access,external_trust
synthetic_04317,synthetic_04317_path_001,user:User9547,resource:Bucket1995,2,1,1,1,0,0,0,0,0,0,0,0,LOW,0.15,Data Access,read_only_access
synthetic_04318,synthetic_04318_path_001,user:User2152,resource:Bucket9316,2,1,1,1,0,1,1,0,0,0,0,0,MEDIUM,0.43,Data Access,wildcard_action + wildcard_resource
synthetic_04319,synthetic_04319_path_001,user:User9123,resource:Bucket7396,2,1,1,1,0,1,1,0,0,0,0,1,CRITICAL,0.85,Privilege Escalation,admin_permission
synthetic_04320,synthetic_04320_path_001,user:User8850,resource:Bucket8643,2,1,1,1,0,0,0,0,0,0,0,0,LOW,0.15,Data Access,read_only_access
synthetic_04321,synthetic_04321_path_001,user:User1796,resource:Bucket4461,2,1,1,1,0,1,1,0,0,0,0,0,MEDIUM,0.43,Data Access,wildcard_action + wildcard_resource
synthetic_04322,synthetic_04322_path_001,user:User6988,resource:Bucket7497,2,1,1,1,0,0,0,0,0,0,0,0,LOW,0.15,Data Access,read_only_access
synthetic_04323,synthetic_04323_path_001,user:User8658,resource:Bucket4976,2,1,1,1,0,0,0,0,0,0,0,0,LOW,0.15,Data Access,read_only_access
synthetic_04324,synthetic_04324_path_001,user:User4886,resource:Bucket5662,2,1,1,1,0,0,0,0,0,0,0,0,LOW,0.15,Data Access,read_only_access
synthetic_04325,synthetic_04325_path_001,user:User5139,resource:Bucket5540,2,1,1,1,0,1,1,0,0,0,0,0,MEDIUM,0.43,Data Access,wildcard_action + wildcard_resource
synthetic_04326,synthetic_04326_path_001,user:User3791,resource:Bucket3219,2,1,1,1,0,1,1,0,0,0,0,0,MEDIUM,0.43,Data Access,wildcard_action + wildcard_resource
synthetic_04327,synthetic_04327_path_001,user:User5877,resource:Table2787,3,2,1,1,0,0,0,0,0,0,0,0,HIGH,0.65,Lateral Movement,assume_role_chain
synthetic_04328,synthetic_04328_path_001,user:User1507,resource:Bucket9444,4,3,1,1,0,0,1,0,0,0,0,0,HIGH,0.68,Lateral Movement,assume_role_chain + long_privilege_escalation_chain
synthetic_04329,synthetic_04329_path_001,user:User1887,resource:Table6961,3,2,1,1,0,0,0,0,0,0,0,0,HIGH,0.65,Lateral Movement,assume_role_chain
synthetic_04330,synthetic_04330_path_001,user:User6148,role:AdminRole9312,2,2,1,1,1,0,0,0,0,0,0,0,HIGH,0.68,Lateral Movement,pass_role + assume_role_chain
synthetic_04331,synthetic_04331_path_001,user:partner-9140,resource:Secret7826,2,1,1,1,0,0,0,0,1,0,1,0,CRITICAL,0.85,Data Access,external_trust
synthetic_04332,synthetic_04332_path_001,user:User6069,resource:Bucket6023,2,1,1,1,0,1,1,0,0,0,0,0,MEDIUM,0.43,Data Access,wildcard_action + wildcard_resource
synthetic_04333,synthetic_04333_path_001,user:User4449,resource:Bucket8255,2,1,1,1,0,1,1,0,0,0,0,1,CRITICAL,0.85,Privilege Escalation,admin_permission
synthetic_04334,synthetic_04334_path_001,user:User2538,resource:Bucket6182,2,1,1,1,0,1,1,0,0,0,0,1,CRITICAL,0.85,Privilege Escalation,admin_permission
synthetic_04335,synthetic_04335_path_001,user:User4570,role:AdminRole3567,2,2,1,1,1,0,0,0,0,0,0,0,HIGH,0.68,Lateral Movement,pass_role + assume_role_chain
synthetic_04336,synthetic_04336_path_001,user:User4233,resource:Bucket6268,2,1,1,1,0,0,0,0,0,0,0,0,LOW,0.15,Data Access,read_only_access
synthetic_04337,synthetic_04337_path_001,user:699952850231,resource:Bucket7432,2,1,1,1,0,1,1,0,1,1,0,0,CRITICAL,0.88,Lateral Movement,external_trust + cross_account
synthetic_04338,synthetic_04338_path_001,user:User6137,resource:Bucket2947,2,1,1,1,0,1,1,0,0,0,0,0,MEDIUM,0.43,Data Access,wildcard_action + wildcard_resource
synthetic_04339,synthetic_04339_path_001,user:User1878,resource:Bucket3288,2,1,1,1,0,1,1,0,0,0,0,0,MEDIUM,0.43,Data Access,wildcard_action + wildcard_resource
synthetic_04340,synthetic_04340_path_001,user:User2226,resource:Bucket7944,2,1,1,1,0,1,1,0,0,0,0,0,MEDIUM,0.43,Data Access,wildcard_action + wildcard_resource
synthetic_04341,synthetic_04341_path_001,user:User6848,resource:Bucket7031,2,1,1,1,0,0,0,0,0,0,0,0,LOW,0.15,Data Access,read_only_access
synthetic_04342,synthetic_04342_path_001,user:200617413644,resource:Bucket5490,2,1,1,1,0,1,1,0,1,1,0,0,CRITICAL,0.88,Lateral Movement,external_trust + cross_account
synthetic_04343,synthetic_04343_path_001,user:partner-2765,resource:Secret2527,2,1,1,1,0,0,0,0,1,0,1,0,CRITICAL,0.85,Data Access,external_trust
synthetic_04344,synthetic_04344_path_001,user:User1233,resource:Table1486,3,2,1,1,0,0,0,0,0,0,0,0,HIGH,0.65,Lateral Movement,assume_role_chain
synthetic_04345,synthetic_04345_path_001,user:User7639,resource:Bucket3520,2,1,1,1,0,1,1,0,0,0,0,0,MEDIUM,0.43,Data Access,wildcard_action + wildcard_resource
synthetic_04346,synthetic_04346_path_001,user:User1432,resource:Table5850,3,2,1,1,0,0,0,0,0,0,0,0,HIGH,0.65,Lateral Movement,assume_role_chain
synthetic_04347,synthetic_04347_path_001,user:User6778,resource:Bucket1071,2,1,1,1,0,1,1,0,0,0,0,0,MEDIUM,0.43,Data Access,wildcard_action + wildcard_resource
synthetic_04348,synthetic_04348_path_001,user:User6572,resource:Bucket1836,2,1,1,1,0,1,1,0,0,0,0,0,MEDIUM,0.43,Data Access,wildcard_action + wildcard_resource
synthetic_04349,synthetic_04349_path_001,user:User8023,resource:Bucket8983,4,3,1,1,0,0,1,0,0,0,0,0,HIGH,0.68,Lateral Movement,assume_role_chain + long_privilege_escalation_chain
synthetic_04350,synthetic_04350_path_001,user:User8997,resource:Table2011,3,2,1,1,0,0,0,0,0,0,0,0,HIGH,0.65,Lateral Movement,assume_role_chain
synthetic_04351,synthetic_04351_path_001,user:User7734,resource:Bucket1478,2,1,1,1,0,1,1,0,0,0,0,0,MEDIUM,0.43,Data Access,wildcard_action + wildcard_resource
synthetic_04352,synthetic_04352_path_001,user:User3328,role:AdminRole1284,2,2,1,1,1,0,0,0,0,0,0,0,HIGH,0.68,Lateral Movement,pass_role + assume_role_chain
synthetic_04353,synthetic_04353_path_001,user:User4010,resource:Bucket2016,2,1,1,1,0,0,0,0,0,0,0,0,LOW,0.15,Data Access,read_only_access
synthetic_04354,synthetic_04354_path_001,user:User7560,resource:Table1608,3,2,1,1,0,0,0,0,0,0,0,0,HIGH,0.65,Lateral Movement,assume_role_chain
synthetic_04355,synthetic_04355_path_001,user:User8573,resource:Bucket2099,2,1,1,1,0,1,1,0,0,0,0,0,MEDIUM,0.43,Data Access,wildcard_action + wildcard_resource
synthetic_04356,synthetic_04356_path_001,user:User4394,resource:Bucket5142,2,1,1,1,0,0,0,0,0,0,0,0,LOW,0.15,Data Access,read_only_access
synthetic_04357,synthetic_04357_path_001,user:User8792,resource:Bucket2876,2,1,1,1,0,1,1,0,0,0,0,0,MEDIUM,0.43,Data Access,wildcard_action + wildcard_resource
synthetic_04358,synthetic_04358_path_001,user:User4172,resource:Bucket4788,2,1,1,1,0,0,0,0,0,0,0,0,LOW,0.15,Data Access,read_only_access
synthetic_04359,synthetic_04359_path_001,user:921053071226,resource:Bucket1911,2,1,1,1,0,1,1,0,1,1,0,0,CRITICAL,0.88,Lateral Movement,external_trust + cross_account
synthetic_04360,synthetic_04360_path_001,user:User8590,resource:Bucket5583,2,1,1,1,0,0,0,0,0,0,0,0,LOW,0.15,Data Access,read_only_access
synthetic_04361,synthetic_04361_path_001,user:User5687,resource:Bucket9044,2,1,1,1,0,0,0,0,0,0,0,0,LOW,0.15,Data Access,read_only_access
synthetic_04362,synthetic_04362_path_001,user:063228012698,resource:Bucket5769,2,1,1,1,0,1,1,0,1,1,0,0,CRITICAL,0.88,Lateral Movement,external_trust + cross_account
synthetic_04363,synthetic_04363_path_001,user:User9245,resource:Bucket3250,2,1,1,1,0,1,1,0,0,0,0,0,MEDIUM,0.43,Data Access,wildcard_action + wildcard_resource
synthetic_04364,synthetic_04364_path_001,user:User7831,resource:Bucket7989,2,1,1,1,0,0,0,0,0,0,0,0,LOW,0.15,Data Access,read_only_access
synthetic_04365,synthetic_04365_path_001,user:User5211,resource:Bucket8553,4,3,1,1,0,0,1,0,0,0,0,0,HIGH,0.68,Lateral Movement,assume_role_chain + long_privilege_escalation_chain
synthetic_04366,synthetic_04366_path_001,user:User5105,resource:Bucket9107,2,1,1,1,0,1,1,0,0,0,0,0,MEDIUM,0.43,Data Access,wildcard_action + wildcard_resource
synthetic_04367,synthetic_04367_path_001,user:User5466,resource:Bucket6211,2,1,1,1,0,0,0,0,0,0,0,0,LOW,0.15,Data Access,read_only_access
synthetic_04368,synthetic_04368_path_001,user:partner-1866,resource:Secret2415,2,1,1,1,0,0,0,0,1,0,1,0,CRITICAL,0.85,Data Access,external_trust
synthetic_04369,synthetic_04369_path_001,user:User3509,resource:Bucket6018,2,1,1,1,0,1,1,0,0,0,0,1,CRITICAL,0.85,Privilege Escalation,admin_permission
synthetic_04370,synthetic_04370_path_001,user:User3233,resource:Bucket3402,2,1,1,1,0,0,0,0,0,0,0,0,LOW,0.15,Data Access,read_only_access
synthetic_04371,synthetic_04371_path_001,user:User7187,resource:Table8168,3,2,1,1,0,0,0,0,0,0,0,0,HIGH,0.65,Lateral Movement,assume_role_chain
synthetic_04372,synthetic_04372_path_001,user:User6596,resource:Bucket9072,2,1,1,1,0,0,0,0,0,0,0,0,LOW,0.15,Data Access,read_only_access
synthetic_04373,synthetic_04373_path_001,user:User7517,resource:Bucket9442,2,1,1,1,0,1,1,0,0,0,0,0,MEDIUM,0.43,Data Access,wildcard_action + wildcard_resource
synthetic_04374,synthetic_04374_path_001,user:User7576,resource:Bucket7024,4,3,1,1,0,0,1,0,0,0,0,0,HIGH,0.68,Lateral Movement,assume_role_chain + long_privilege_escalation_chain
synthetic_04375,synthetic_04375_path_001,user:User4127,role:AdminRole3854,2,2,1,1,1,0,0,0,0,0,0,0,HIGH,0.68,Lateral Movement,pass_role + assume_role_chain
synthetic_04376,synthetic_04376_path_001,user:partner-5300,resource:Secret6914,2,1,1,1,0,0,0,0,1,0,1,0,CRITICAL,0.85,Data Access,external_trust
synthetic_04377,synthetic_04377_path_001,user:User5424,resource:Table1295,3,2,1,1,0,0,0,0,0,0,0,0,HIGH,0.65,Lateral Movement,assume_role_chain
synthetic_04378,synthetic_04378_path_001,user:User2402,resource:Bucket1323,2,1,1,1,0,0,0,0,0,0,0,0,LOW,0.15,Data Access,read_only_access
synthetic_04379,synthetic_04379_path_001,user:User1019,resource:Bucket7559,2,1,1,1,0,0,0,0,0,0,0,0,LOW,0.15,Data Access,read_only_access
synthetic_04380,synthetic_04380_path_001,user:User8856,resource:Bucket2695,2,1,1,1,0,0,0,0,0,0,0,0,LOW,0.15,Data Access,read_only_access
synthetic_04381,synthetic_04381_path_001,user:User5669,resource:Bucket4685,2,1,1,1,0,1,1,0,0,0,0,0,MEDIUM,0.43,Data Access,wildcard_action + wildcard_resource
synthetic_04382,synthetic_04382_path_001,user:User7214,resource:Bucket3484,2,1,1,1,0,1,1,0,0,0,0,0,MEDIUM,0.43,Data Access,wildcard_action + wildcard_resource
synthetic_04383,synthetic_04383_path_001,user:User6366,resource:Table1573,3,2,1,1,0,0,0,0,0,0,0,0,HIGH,0.65,Lateral Movement,assume_role_chain
synthetic_04384,synthetic_04384_path_001,user:900701785020,resource:Bucket1787,2,1,1,1,0,1,1,0,1,1,0,0,CRITICAL,0.88,Lateral Movement,external_trust + cross_account
synthetic_04385,synthetic_04385_path_001,user:User8758,resource:Bucket4762,2,1,1,1,0,1,1,0,0,0,0,0,MEDIUM,0.43,Data Access,wildcard_action + wildcard_resource
synthetic_04386,synthetic_04386_path_001,user:User3820,resource:Bucket6971,2,1,1,1,0,0,0,0,0,0,0,0,LOW,0.15,Data Access,read_only_access
synthetic_04387,synthetic_04387_path_001,user:User6468,resource:Bucket7918,2,1,1,1,0,1,1,0,0,0,0,0,MEDIUM,0.43,Data Access,wildcard_action + wildcard_resource
synthetic_04388,synthetic_04388_path_001,user:User3736,resource:Bucket3479,2,1,1,1,0,1,1,0,0,0,0,0,MEDIUM,0.43,Data Access,wildcard_action + wildcard_resource
synthetic_04389,synthetic_04389_path_001,user:User1920,resource:Table7626,3,2,1,1,0,0,0,0,0,0,0,0,HIGH,0.65,Lateral Movement,assume_role_chain
synthetic_04390,synthetic_04390_path_001,user:User6721,resource:Bucket8222,2,1,1,1,0,1,1,0,0,0,0,0,MEDIUM,0.43,Data Access,wildcard_action + wildcard_resource
synthetic_04391,synthetic_04391_path_001,user:partner-7002,resource:Secret4074,2,1,1,1,0,0,0,0,1,0,1,0,CRITICAL,0.85,Data Access,external_trust
synthetic_04392,synthetic_04392_path_001,user:937669976816,resource:Bucket9686,2,1,1,1,0,1,1,0,1,1,0,0,CRITICAL,0.88,Lateral Movement,external_trust + cross_account
synthetic_04393,synthetic_04393_path_001,user:partner-8500,resource:Secret1760,2,1,1,1,0,0,0,0,1,0,1,0,CRITICAL,0.85,Data Access,external_trust
synthetic_04394,synthetic_04394_path_001,user:User7405,role:AdminRole9341,2,2,1,1,1,0,0,0,0,0,0,0,HIGH,0.68,Lateral Movement,pass_role + assume_role_chain
synthetic_04395,synthetic_04395_path_001,user:User5470,resource:Bucket9446,2,1,1,1,0,0,0,0,0,0,0,0,LOW,0.15,Data Access,read_only_access
synthetic_04396,synthetic_04396_path_001,user:partner-9246,resource:Secret3800,2,1,1,1,0,0,0,0,1,0,1,0,CRITICAL,0.85,Data Access,external_trust
synthetic_04397,synthetic_04397_path_001,user:User8277,resource:Table6418,3,2,1,1,0,0,0,0,0,0,0,0,HIGH,0.65,Lateral Movement,assume_role_chain
synthetic_04398,synthetic_04398_path_001,user:User8155,resource:Bucket3992,2,1,1,1,0,0,0,0,0,0,0,0,LOW,0.15,Data Access,read_only_access
synthetic_04399,synthetic_04399_path_001,user:User3381,resource:Bucket2790,2,1,1,1,0,0,0,0,0,0,0,0,LOW,0.15,Data Access,read_only_access
synthetic_04400,synthetic_04400_path_001,user:User1929,resource:Bucket9752,4,3,1,1,0,0,1,0,0,0,0,0,HIGH,0.68,Lateral Movement,assume_role_chain + long_privilege_escalation_chain
synthetic_04401,synthetic_04401_path_001,user:User9383,resource:Bucket4643,2,1,1,1,0,1,1,0,0,0,0,0,MEDIUM,0.43,Data Access,wildcard_action + wildcard_resource
synthetic_04402,synthetic_04402_path_001,user:User7751,resource:Bucket9193,2,1,1,1,0,1,1,0,0,0,0,0,MEDIUM,0.43,Data Access,wildcard_action + wildcard_resource
synthetic_04403,synthetic_04403_path_001,user:User4253,resource:Table1136,3,2,1,1,0,0,0,0,0,0,0,0,HIGH,0.65,Lateral Movement,assume_role_chain
synthetic_04404,synthetic_04404_path_001,user:022642597205,resource:Bucket5857,2,1,1,1,0,1,1,0,1,1,0,0,CRITICAL,0.88,Lateral Movement,external_trust + cross_account
synthetic_04405,synthetic_04405_path_001,user:User2670,role:AdminRole2052,2,2,1,1,1,0,0,0,0,0,0,0,HIGH,0.68,Lateral Movement,pass_role + assume_role_chain
synthetic_04406,synthetic_04406_path_001,user:User5618,resource:Policy5184,2,1,1,1,0,0,0,1,0,0,0,0,CRITICAL,0.85,Privilege Escalation,policy_modification
synthetic_04407,synthetic_04407_path_001,user:User1080,resource:Bucket3859,2,1,1,1,0,1,1,0,0,0,0,0,MEDIUM,0.43,Data Access,wildcard_action + wildcard_resource
synthetic_04408,synthetic_04408_path_001,user:User9972,resource:Bucket8773,2,1,1,1,0,1,1,0,0,0,0,0,MEDIUM,0.43,Data Access,wildcard_action + wildcard_resource
synthetic_04409,synthetic_04409_path_001,user:User8504,resource:Bucket9176,2,1,1,1,0,1,1,0,0,0,0,0,MEDIUM,0.43,Data Access,wildcard_action + wildcard_resource
synthetic_04410,synthetic_04410_path_001,user:User3360,resource:Bucket7943,2,1,1,1,0,1,1,0,0,0,0,0,MEDIUM,0.43,Data Access,wildcard_action + wildcard_resource
synthetic_04411,synthetic_04411_path_001,user:897988775445,resource:Bucket5226,2,1,1,1,0,1,1,0,1,1,0,0,CRITICAL,0.88,Lateral Movement,external_trust + cross_account
synthetic_04412,synthetic_04412_path_001,user:User1069,resource:Bucket3231,2,1,1,1,0,0,0,0,0,0,0,0,LOW,0.15,Data Access,read_only_access
synthetic_04413,synthetic_04413_path_001,user:User8126,resource:Bucket2048,4,3,1,1,0,0,1,0,0,0,0,0,HIGH,0.68,Lateral Movement,assume_role_chain + long_privilege_escalation_chain
synthetic_04414,synthetic_04414_path_001,user:890124844793,resource:Bucket6725,2,1,1,1,0,1,1,0,1,1,0,0,CRITICAL,0.88,Lateral Movement,external_trust + cross_account
synthetic_04415,synthetic_04415_path_001,user:User7710,resource:Bucket3229,2,1,1,1,0,1,1,0,0,0,0,1,CRITICAL,0.85,Privilege Escalation,admin_permission
synthetic_04416,synthetic_04416_path_001,user:706594805316,resource:Bucket3151,2,1,1,1,0,1,1,0,1,1,0,0,CRITICAL,0.88,Lateral Movement,external_trust + cross_account
synthetic_04417,synthetic_04417_path_001,user:330372718624,resource:Bucket8480,2,1,1,1,0,1,1,0,1,1,0,0,CRITICAL,0.88,Lateral Movement,external_trust + cross_account
synthetic_04418,synthetic_04418_path_001,user:User2722,resource:Policy2253,2,1,1,1,0,0,0,1,0,0,0,0,CRITICAL,0.85,Privilege Escalation,policy_modification
synthetic_04419,synthetic_04419_path_001,user:User9053,resource:Bucket9840,4,3,1,1,0,0,1,0,0,0,0,0,HIGH,0.68,Lateral Movement,assume_role_chain + long_privilege_escalation_chain
synthetic_04420,synthetic_04420_path_001,user:User5895,resource:Bucket9366,2,1,1,1,0,0,0,0,0,0,0,0,LOW,0.15,Data Access,read_only_access
synthetic_04421,synthetic_04421_path_001,user:User8094,resource:Bucket5857,2,1,1,1,0,0,0,0,0,0,0,0,LOW,0.15,Data Access,read_only_access
synthetic_04422,synthetic_04422_path_001,user:User9556,resource:Table3285,3,2,1,1,0,0,0,0,0,0,0,0,HIGH,0.65,Lateral Movement,assume_role_chain
synthetic_04423,synthetic_04423_path_001,user:User3807,resource:Bucket9852,2,1,1,1,0,0,0,0,0,0,0,0,LOW,0.15,Data Access,read_only_access
synthetic_04424,synthetic_04424_path_001,user:User6178,resource:Bucket7391,2,1,1,1,0,0,0,0,0,0,0,0,LOW,0.15,Data Access,read_only_access
synthetic_04425,synthetic_04425_path_001,user:User3561,role:AdminRole5694,2,2,1,1,1,0,0,0,0,0,0,0,HIGH,0.68,Lateral Movement,pass_role + assume_role_chain
synthetic_04426,synthetic_04426_path_001,user:User1589,resource:Bucket3525,2,1,1,1,0,1,1,0,0,0,0,0,MEDIUM,0.43,Data Access,wildcard_action + wildcard_resource
synthetic_04427,synthetic_04427_path_001,user:User3745,resource:Table2493,3,2,1,1,0,0,0,0,0,0,0,0,HIGH,0.65,Lateral Movement,assume_role_chain
synthetic_04428,synthetic_04428_path_001,user:partner-3745,resource:Secret3610,2,1,1,1,0,0,0,0,1,0,1,0,CRITICAL,0.85,Data Access,external_trust
synthetic_04429,synthetic_04429_path_001,user:User7252,resource:Policy8151,2,1,1,1,0,0,0,1,0,0,0,0,CRITICAL,0.85,Privilege Escalation,policy_modification
synthetic_04430,synthetic_04430_path_001,user:partner-8873,resource:Secret7376,2,1,1,1,0,0,0,0,1,0,1,0,CRITICAL,0.85,Data Access,external_trust
synthetic_04431,synthetic_04431_path_001,user:User6536,resource:Bucket8720,2,1,1,1,0,1,1,0,0,0,0,1,CRITICAL,0.85,Privilege Escalation,admin_permission
synthetic_04432,synthetic_04432_path_001,user:User1476,resource:Bucket3450,2,1,1,1,0,1,1,0,0,0,0,0,MEDIUM,0.43,Data Access,wildcard_action + wildcard_resource
synthetic_04433,synthetic_04433_path_001,user:User5401,role:AdminRole2310,2,2,1,1,1,0,0,0,0,0,0,0,HIGH,0.68,Lateral Movement,pass_role + assume_role_chain
synthetic_04434,synthetic_04434_path_001,user:User1118,resource:Bucket3981,2,1,1,1,0,1,1,0,0,0,0,1,CRITICAL,0.85,Privilege Escalation,admin_permission
synthetic_04435,synthetic_04435_path_001,user:User6684,resource:Table4976,3,2,1,1,0,0,0,0,0,0,0,0,HIGH,0.65,Lateral Movement,assume_role_chain
synthetic_04436,synthetic_04436_path_001,user:User7967,resource:Bucket4160,2,1,1,1,0,1,1,0,0,0,0,0,MEDIUM,0.43,Data Access,wildcard_action + wildcard_resource
synthetic_04437,synthetic_04437_path_001,user:User1598,resource:Table6416,3,2,1,1,0,0,0,0,0,0,0,0,HIGH,0.65,Lateral Movement,assume_role_chain
synthetic_04438,synthetic_04438_path_001,user:User9695,resource:Bucket8697,2,1,1,1,0,0,0,0,0,0,0,0,LOW,0.15,Data Access,read_only_access
synthetic_04439,synthetic_04439_path_001,user:partner-4614,resource:Secret3788,2,1,1,1,0,0,0,0,1,0,1,0,CRITICAL,0.85,Data Access,external_trust
synthetic_04440,synthetic_04440_path_001,user:042402555468,resource:Bucket8370,2,1,1,1,0,1,1,0,1,1,0,0,CRITICAL,0.88,Lateral Movement,external_trust + cross_account
synthetic_04441,synthetic_04441_path_001,user:User7808,resource:Bucket9805,2,1,1,1,0,0,0,0,0,0,0,0,LOW,0.15,Data Access,read_only_access
synthetic_04442,synthetic_04442_path_001,user:User5677,role:AdminRole8540,2,2,1,1,1,0,0,0,0,0,0,0,HIGH,0.68,Lateral Movement,pass_role + assume_role_chain
synthetic_04443,synthetic_04443_path_001,user:User7405,resource:Bucket7227,2,1,1,1,0,0,0,0,0,0,0,0,LOW,0.15,Data Access,read_only_access
synthetic_04444,synthetic_04444_path_001,user:User5334,role:AdminRole9183,2,2,1,1,1,0,0,0,0,0,0,0,HIGH,0.68,Lateral Movement,pass_role + assume_role_chain
synthetic_04445,synthetic_04445_path_001,user:User4395,resource:Bucket3671,4,3,1,1,0,0,1,0,0,0,0,0,HIGH,0.68,Lateral Movement,assume_role_chain + long_privilege_escalation_chain
synthetic_04446,synthetic_04446_path_001,user:User8171,role:AdminRole1173,2,2,1,1,1,0,0,0,0,0,0,0,HIGH,0.68,Lateral Movement,pass_role + assume_role_chain
synthetic_04447,synthetic_04447_path_001,user:User7934,resource:Table5288,3,2,1,1,0,0,0,0,0,0,0,0,HIGH,0.65,Lateral Movement,assume_role_chain
synthetic_04448,synthetic_04448_path_001,user:User5571,resource:Bucket7909,2,1,1,1,0,1,1,0,0,0,0,1,CRITICAL,0.85,Privilege Escalation,admin_permission
synthetic_04449,synthetic_04449_path_001,user:User6292,resource:Bucket1969,2,1,1,1,0,1,1,0,0,0,0,0,MEDIUM,0.43,Data Access,wildcard_action + wildcard_resource
synthetic_04450,synthetic_04450_path_001,user:User5013,resource:Bucket1474,2,1,1,1,0,0,0,0,0,0,0,0,LOW,0.15,Data Access,read_only_access
synthetic_04451,synthetic_04451_path_001,user:User9172,resource:Bucket7159,2,1,1,1,0,1,1,0,0,0,0,1,CRITICAL,0.85,Privilege Escalation,admin_permission
synthetic_04452,synthetic_04452_path_001,user:User1873,resource:Bucket9980,2,1,1,1,0,1,1,0,0,0,0,0,MEDIUM,0.43,Data Access,wildcard_action + wildcard_resource
synthetic_04453,synthetic_04453_path_001,user:User2916,resource:Table4386,3,2,1,1,0,0,0,0,0,0,0,0,HIGH,0.65,Lateral Movement,assume_role_chain
synthetic_04454,synthetic_04454_path_001,user:User4239,resource:Bucket7614,2,1,1,1,0,1,1,0,0,0,0,0,MEDIUM,0.43,Data Access,wildcard_action + wildcard_resource
synthetic_04455,synthetic_04455_path_001,user:User8370,resource:Table9380,3,2,1,1,0,0,0,0,0,0,0,0,HIGH,0.65,Lateral Movement,assume_role_chain
synthetic_04456,synthetic_04456_path_001,user:partner-2161,resource:Secret7241,2,1,1,1,0,0,0,0,1,0,1,0,CRITICAL,0.85,Data Access,external_trust
synthetic_04457,synthetic_04457_path_001,user:User7030,resource:Table6790,3,2,1,1,0,0,0,0,0,0,0,0,HIGH,0.65,Lateral Movement,assume_role_chain
synthetic_04458,synthetic_04458_path_001,user:User6580,resource:Bucket7076,2,1,1,1,0,1,1,0,0,0,0,1,CRITICAL,0.85,Privilege Escalation,admin_permission
synthetic_04459,synthetic_04459_path_001,user:User4932,resource:Bucket3195,2,1,1,1,0,1,1,0,0,0,0,0,MEDIUM,0.43,Data Access,wildcard_action + wildcard_resource
synthetic_04460,synthetic_04460_path_001,user:User6972,resource:Bucket2217,2,1,1,1,0,1,1,0,0,0,0,0,MEDIUM,0.43,Data Access,wildcard_action + wildcard_resource
synthetic_04461,synthetic_04461_path_001,user:User3146,resource:Bucket8424,4,3,1,1,0,0,1,0,0,0,0,0,HIGH,0.68,Lateral Movement,assume_role_chain + long_privilege_escalation_chain
synthetic_04462,synthetic_04462_path_001,user:User2577,resource:Table2516,3,2,1,1,0,0,0,0,0,0,0,0,HIGH,0.65,Lateral Movement,assume_role_chain
synthetic_04463,synthetic_04463_path_001,user:User7131,resource:Bucket5839,2,1,1,1,0,1,1,0,0,0,0,0,MEDIUM,0.43,Data Access,wildcard_action + wildcard_resource
synthetic_04464,synthetic_04464_path_001,user:User4350,resource:Bucket3220,2,1,1,1,0,0,0,0,0,0,0,0,LOW,0.15,Data Access,read_only_access
synthetic_04465,synthetic_04465_path_001,user:User5293,role:AdminRole4317,2,2,1,1,1,0,0,0,0,0,0,0,HIGH,0.68,Lateral Movement,pass_role + assume_role_chain
synthetic_04466,synthetic_04466_path_001,user:User9960,resource:Bucket5918,2,1,1,1,0,0,0,0,0,0,0,0,LOW,0.15,Data Access,read_only_access
synthetic_04467,synthetic_04467_path_001,user:User4964,resource:Bucket5661,4,3,1,1,0,0,1,0,0,0,0,0,HIGH,0.68,Lateral Movement,assume_role_chain + long_privilege_escalation_chain
synthetic_04468,synthetic_04468_path_001,user:User4281,resource:Bucket1361,4,3,1,1,0,0,1,0,0,0,0,0,HIGH,0.68,Lateral Movement,assume_role_chain + long_privilege_escalation_chain
synthetic_04469,synthetic_04469_path_001,user:partner-2450,resource:Secret6926,2,1,1,1,0,0,0,0,1,0,1,0,CRITICAL,0.85,Data Access,external_trust
synthetic_04470,synthetic_04470_path_001,user:User6193,resource:Bucket1440,2,1,1,1,0,1,1,0,0,0,0,0,MEDIUM,0.43,Data Access,wildcard_action + wildcard_resource
synthetic_04471,synthetic_04471_path_001,user:123254601891,resource:Bucket4341,2,1,1,1,0,1,1,0,1,1,0,0,CRITICAL,0.88,Lateral Movement,external_trust + cross_account
synthetic_04472,synthetic_04472_path_001,user:partner-7011,resource:Secret2124,2,1,1,1,0,0,0,0,1,0,1,0,CRITICAL,0.85,Data Access,external_trust
synthetic_04473,synthetic_04473_path_001,user:User8084,role:AdminRole8564,2,2,1,1,1,0,0,0,0,0,0,0,HIGH,0.68,Lateral Movement,pass_role + assume_role_chain
synthetic_04474,synthetic_04474_path_001,user:User7815,resource:Bucket4041,2,1,1,1,0,1,1,0,0,0,0,0,MEDIUM,0.43,Data Access,wildcard_action + wildcard_resource
synthetic_04475,synthetic_04475_path_001,user:User2900,resource:Policy3469,2,1,1,1,0,0,0,1,0,0,0,0,CRITICAL,0.85,Privilege Escalation,policy_modification
synthetic_04476,synthetic_04476_path_001,user:User2414,resource:Bucket9232,2,1,1,1,0,0,0,0,0,0,0,0,LOW,0.15,Data Access,read_only_access
synthetic_04477,synthetic_04477_path_001,user:User6002,resource:Bucket3666,2,1,1,1,0,0,0,0,0,0,0,0,LOW,0.15,Data Access,read_only_access
synthetic_04478,synthetic_04478_path_001,user:User7752,resource:Bucket6905,2,1,1,1,0,1,1,0,0,0,0,0,MEDIUM,0.43,Data Access,wildcard_action + wildcard_resource
synthetic_04479,synthetic_04479_path_001,user:User2764,resource:Policy9407,2,1,1,1,0,0,0,1,0,0,0,0,CRITICAL,0.85,Privilege Escalation,policy_modification
synthetic_04480,synthetic_04480_path_001,user:User4148,resource:Table4389,3,2,1,1,0,0,0,0,0,0,0,0,HIGH,0.65,Lateral Movement,assume_role_chain
synthetic_04481,synthetic_04481_path_001,user:User3483,resource:Bucket8062,2,1,1,1,0,0,0,0,0,0,0,0,LOW,0.15,Data Access,read_only_access
synthetic_04482,synthetic_04482_path_001,user:User2133,resource:Bucket2393,2,1,1,1,0,1,1,0,0,0,0,1,CRITICAL,0.85,Privilege Escalation,admin_permission
synthetic_04483,synthetic_04483_path_001,user:User2511,role:AdminRole9293,2,2,1,1,1,0,0,0,0,0,0,0,HIGH,0.68,Lateral Movement,pass_role + assume_role_chain
synthetic_04484,synthetic_04484_path_001,user:partner-8850,resource:Secret1585,2,1,1,1,0,0,0,0,1,0,1,0,CRITICAL,0.85,Data Access,external_trust
synthetic_04485,synthetic_04485_path_001,user:User4374,resource:Bucket1375,2,1,1,1,0,0,0,0,0,0,0,0,LOW,0.15,Data Access,read_only_access
synthetic_04486,synthetic_04486_path_001,user:User7027,resource:Bucket1455,2,1,1,1,0,1,1,0,0,0,0,0,MEDIUM,0.43,Data Access,wildcard_action + wildcard_resource
synthetic_04487,synthetic_04487_path_001,user:765077525723,resource:Bucket7182,2,1,1,1,0,1,1,0,1,1,0,0,CRITICAL,0.88,Lateral Movement,external_trust + cross_account
synthetic_04488,synthetic_04488_path_001,user:User4208,resource:Bucket9254,2,1,1,1,0,0,0,0,0,0,0,0,LOW,0.15,Data Access,read_only_access
synthetic_04489,synthetic_04489_path_001,user:User1898,resource:Bucket8200,2,1,1,1,0,1,1,0,0,0,0,1,CRITICAL,0.85,Privilege Escalation,admin_permission
synthetic_04490,synthetic_04490_path_001,user:User7211,resource:Policy1990,2,1,1,1,0,0,0,1,0,0,0,0,CRITICAL,0.85,Privilege Escalation,policy_modification
synthetic_04491,synthetic_04491_path_001,user:User1372,resource:Policy6658,2,1,1,1,0,0,0,1,0,0,0,0,CRITICAL,0.85,Privilege Escalation,policy_modification
synthetic_04492,synthetic_04492_path_001,user:669323370071,resource:Bucket9567,2,1,1,1,0,1,1,0,1,1,0,0,CRITICAL,0.88,Lateral Movement,external_trust + cross_account
synthetic_04493,synthetic_04493_path_001,user:User2076,resource:Bucket1795,2,1,1,1,0,1,1,0,0,0,0,0,MEDIUM,0.43,Data Access,wildcard_action + wildcard_resource
synthetic_04494,synthetic_04494_path_001,user:User5886,resource:Bucket1501,2,1,1,1,0,0,0,0,0,0,0,0,LOW,0.15,Data Access,read_only_access
synthetic_04495,synthetic_04495_path_001,user:partner-5803,resource:Secret9875,2,1,1,1,0,0,0,0,1,0,1,0,CRITICAL,0.85,Data Access,external_trust
synthetic_04496,synthetic_04496_path_001,user:User6489,resource:Bucket9075,2,1,1,1,0,0,0,0,0,0,0,0,LOW,0.15,Data Access,read_only_access
synthetic_04497,synthetic_04497_path_001,user:User6325,resource:Policy3316,2,1,1,1,0,0,0,1,0,0,0,0,CRITICAL,0.85,Privilege Escalation,policy_modification
synthetic_04498,synthetic_04498_path_001,user:User5494,resource:Bucket6183,2,1,1,1,0,1,1,0,0,0,0,1,CRITICAL,0.85,Privilege Escalation,admin_permission
synthetic_04499,synthetic_04499_path_001,user:partner-7894,resource:Secret4518,2,1,1,1,0,0,0,0,1,0,1,0,CRITICAL,0.85,Data Access,external_trust
synthetic_04500,synthetic_04500_path_001,user:partner-4853,resource:Secret9120,2,1,1,1,0,0,0,0,1,0,1,0,CRITICAL,0.85,Data Access,external_trust
synthetic_04501,synthetic_04501_path_001,user:User4154,resource:Bucket4940,2,1,1,1,0,0,0,0,0,0,0,0,LOW,0.15,Data Access,read_only_access
synthetic_04502,synthetic_04502_path_001,user:User7737,resource:Bucket9501,4,3,1,1,0,0,1,0,0,0,0,0,HIGH,0.68,Lateral Movement,assume_role_chain + long_privilege_escalation_chain
synthetic_04503,synthetic_04503_path_001,user:486741637120,resource:Bucket4735,2,1,1,1,0,1,1,0,1,1,0,0,CRITICAL,0.88,Lateral Movement,external_trust + cross_account
synthetic_04504,synthetic_04504_path_001,user:User3763,resource:Bucket8877,2,1,1,1,0,1,1,0,0,0,0,0,MEDIUM,0.43,Data Access,wildcard_action + wildcard_resource
synthetic_04505,synthetic_04505_path_001,user:User9411,resource:Bucket1079,2,1,1,1,0,1,1,0,0,0,0,0,MEDIUM,0.43,Data Access,wildcard_action + wildcard_resource
synthetic_04506,synthetic_04506_path_001,user:partner-5146,resource:Secret7059,2,1,1,1,0,0,0,0,1,0,1,0,CRITICAL,0.85,Data Access,external_trust
synthetic_04507,synthetic_04507_path_001,user:User6105,role:AdminRole7213,2,2,1,1,1,0,0,0,0,0,0,0,HIGH,0.68,Lateral Movement,pass_role + assume_role_chain
synthetic_04508,synthetic_04508_path_001,user:168611460361,resource:Bucket9460,2,1,1,1,0,1,1,0,1,1,0,0,CRITICAL,0.88,Lateral Movement,external_trust + cross_account
synthetic_04509,synthetic_04509_path_001,user:User6453,resource:Bucket7210,4,3,1,1,0,0,1,0,0,0,0,0,HIGH,0.68,Lateral Movement,assume_role_chain + long_privilege_escalation_chain
synthetic_04510,synthetic_04510_path_001,user:User9204,resource:Bucket5185,4,3,1,1,0,0,1,0,0,0,0,0,HIGH,0.68,Lateral Movement,assume_role_chain + long_privilege_escalation_chain
synthetic_04511,synthetic_04511_path_001,user:User5373,resource:Bucket4250,2,1,1,1,0,0,0,0,0,0,0,0,LOW,0.15,Data Access,read_only_access
synthetic_04512,synthetic_04512_path_001,user:User5600,resource:Table7721,3,2,1,1,0,0,0,0,0,0,0,0,HIGH,0.65,Lateral Movement,assume_role_chain
synthetic_04513,synthetic_04513_path_001,user:partner-1469,resource:Secret4782,2,1,1,1,0,0,0,0,1,0,1,0,CRITICAL,0.85,Data Access,external_trust
synthetic_04514,synthetic_04514_path_001,user:User7777,resource:Bucket3493,2,1,1,1,0,0,0,0,0,0,0,0,LOW,0.15,Data Access,read_only_access
synthetic_04515,synthetic_04515_path_001,user:User7167,resource:Bucket5375,2,1,1,1,0,1,1,0,0,0,0,1,CRITICAL,0.85,Privilege Escalation,admin_permission
synthetic_04516,synthetic_04516_path_001,user:User8291,resource:Policy7399,2,1,1,1,0,0,0,1,0,0,0,0,CRITICAL,0.85,Privilege Escalation,policy_modification
synthetic_04517,synthetic_04517_path_001,user:User1906,resource:Bucket8388,2,1,1,1,0,1,1,0,0,0,0,0,MEDIUM,0.43,Data Access,wildcard_action + wildcard_resource
synthetic_04518,synthetic_04518_path_001,user:User2393,resource:Bucket6909,2,1,1,1,0,0,0,0,0,0,0,0,LOW,0.15,Data Access,read_only_access
synthetic_04519,synthetic_04519_path_001,user:User5253,resource:Bucket4941,2,1,1,1,0,0,0,0,0,0,0,0,LOW,0.15,Data Access,read_only_access
synthetic_04520,synthetic_04520_path_001,user:User8763,resource:Bucket1555,2,1,1,1,0,1,1,0,0,0,0,0,MEDIUM,0.43,Data Access,wildcard_action + wildcard_resource
synthetic_04521,synthetic_04521_path_001,user:partner-6418,resource:Secret3033,2,1,1,1,0,0,0,0,1,0,1,0,CRITICAL,0.85,Data Access,external_trust
synthetic_04522,synthetic_04522_path_001,user:User6822,role:AdminRole5670,2,2,1,1,1,0,0,0,0,0,0,0,HIGH,0.68,Lateral Movement,pass_role + assume_role_chain
synthetic_04523,synthetic_04523_path_001,user:User7343,role:AdminRole6395,2,2,1,1,1,0,0,0,0,0,0,0,HIGH,0.68,Lateral Movement,pass_role + assume_role_chain
synthetic_04524,synthetic_04524_path_001,user:User2385,resource:Bucket6795,2,1,1,1,0,1,1,0,0,0,0,0,MEDIUM,0.43,Data Access,wildcard_action + wildcard_resource
synthetic_04525,synthetic_04525_path_001,user:User9200,resource:Bucket1196,2,1,1,1,0,1,1,0,0,0,0,0,MEDIUM,0.43,Data Access,wildcard_action + wildcard_resource
synthetic_04526,synthetic_04526_path_001,user:173447945923,resource:Bucket2925,2,1,1,1,0,1,1,0,1,1,0,0,CRITICAL,0.88,Lateral Movement,external_trust + cross_account
synthetic_04527,synthetic_04527_path_001,user:User3659,resource:Bucket5562,2,1,1,1,0,0,0,0,0,0,0,0,LOW,0.15,Data Access,read_only_access
synthetic_04528,synthetic_04528_path_001,user:User1756,resource:Bucket2482,2,1,1,1,0,1,1,0,0,0,0,1,CRITICAL,0.85,Privilege Escalation,admin_permission
synthetic_04529,synthetic_04529_path_001,user:User2694,role:AdminRole5650,2,2,1,1,1,0,0,0,0,0,0,0,HIGH,0.68,Lateral Movement,pass_role + assume_role_chain
synthetic_04530,synthetic_04530_path_001,user:User6535,resource:Table2227,3,2,1,1,0,0,0,0,0,0,0,0,HIGH,0.65,Lateral Movement,assume_role_chain
synthetic_04531,synthetic_04531_path_001,user:User4922,resource:Bucket5617,4,3,1,1,0,0,1,0,0,0,0,0,HIGH,0.68,Lateral Movement,assume_role_chain + long_privilege_escalation_chain
synthetic_04532,synthetic_04532_path_001,user:User5017,resource:Table3453,3,2,1,1,0,0,0,0,0,0,0,0,HIGH,0.65,Lateral Movement,assume_role_chain
synthetic_04533,synthetic_04533_path_001,user:partner-9877,resource:Secret4494,2,1,1,1,0,0,0,0,1,0,1,0,CRITICAL,0.85,Data Access,external_trust
synthetic_04534,synthetic_04534_path_001,user:User8731,resource:Table9059,3,2,1,1,0,0,0,0,0,0,0,0,HIGH,0.65,Lateral Movement,assume_role_chain
synthetic_04535,synthetic_04535_path_001,user:User3042,role:AdminRole1790,2,2,1,1,1,0,0,0,0,0,0,0,HIGH,0.68,Lateral Movement,pass_role + assume_role_chain
synthetic_04536,synthetic_04536_path_001,user:656477115882,resource:Bucket9596,2,1,1,1,0,1,1,0,1,1,0,0,CRITICAL,0.88,Lateral Movement,external_trust + cross_account
synthetic_04537,synthetic_04537_path_001,user:941079116114,resource:Bucket5223,2,1,1,1,0,1,1,0,1,1,0,0,CRITICAL,0.88,Lateral Movement,external_trust + cross_account
synthetic_04538,synthetic_04538_path_001,user:User2688,resource:Table1988,3,2,1,1,0,0,0,0,0,0,0,0,HIGH,0.65,Lateral Movement,assume_role_chain
synthetic_04539,synthetic_04539_path_001,user:partner-8495,resource:Secret5971,2,1,1,1,0,0,0,0,1,0,1,0,CRITICAL,0.85,Data Access,external_trust
synthetic_04540,synthetic_04540_path_001,user:User9019,resource:Policy9457,2,1,1,1,0,0,0,1,0,0,0,0,CRITICAL,0.85,Privilege Escalation,policy_modification
synthetic_04541,synthetic_04541_path_001,user:User9143,resource:Bucket5790,2,1,1,1,0,0,0,0,0,0,0,0,LOW,0.15,Data Access,read_only_access
synthetic_04542,synthetic_04542_path_001,user:User2982,resource:Bucket6580,2,1,1,1,0,0,0,0,0,0,0,0,LOW,0.15,Data Access,read_only_access
synthetic_04543,synthetic_04543_path_001,user:218082267990,resource:Bucket7649,2,1,1,1,0,1,1,0,1,1,0,0,CRITICAL,0.88,Lateral Movement,external_trust + cross_account
synthetic_04544,synthetic_04544_path_001,user:User6907,role:AdminRole9999,2,2,1,1,1,0,0,0,0,0,0,0,HIGH,0.68,Lateral Movement,pass_role + assume_role_chain
synthetic_04545,synthetic_04545_path_001,user:User6914,resource:Bucket2035,2,1,1,1,0,1,1,0,0,0,0,1,CRITICAL,0.85,Privilege Escalation,admin_permission
synthetic_04546,synthetic_04546_path_001,user:partner-9677,resource:Secret2776,2,1,1,1,0,0,0,0,1,0,1,0,CRITICAL,0.85,Data Access,external_trust
synthetic_04547,synthetic_04547_path_001,user:User8739,resource:Bucket1346,2,1,1,1,0,0,0,0,0,0,0,0,LOW,0.15,Data Access,read_only_access
synthetic_04548,synthetic_04548_path_001,user:User9522,resource:Bucket9646,2,1,1,1,0,0,0,0,0,0,0,0,LOW,0.15,Data Access,read_only_access
synthetic_04549,synthetic_04549_path_001,user:partner-4683,resource:Secret1599,2,1,1,1,0,0,0,0,1,0,1,0,CRITICAL,0.85,Data Access,external_trust
synthetic_04550,synthetic_04550_path_001,user:User9435,role:AdminRole5472,2,2,1,1,1,0,0,0,0,0,0,0,HIGH,0.68,Lateral Movement,pass_role + assume_role_chain
synthetic_04551,synthetic_04551_path_001,user:User3532,role:AdminRole9056,2,2,1,1,1,0,0,0,0,0,0,0,HIGH,0.68,Lateral Movement,pass_role + assume_role_chain
synthetic_04552,synthetic_04552_path_001,user:User9860,resource:Bucket7714,4,3,1,1,0,0,1,0,0,0,0,0,HIGH,0.68,Lateral Movement,assume_role_chain + long_privilege_escalation_chain
synthetic_04553,synthetic_04553_path_001,user:User5692,resource:Bucket6575,2,1,1,1,0,1,1,0,0,0,0,0,MEDIUM,0.43,Data Access,wildcard_action + wildcard_resource
synthetic_04554,synthetic_04554_path_001,user:User8715,resource:Bucket6905,2,1,1,1,0,0,0,0,0,0,0,0,LOW,0.15,Data Access,read_only_access
synthetic_04555,synthetic_04555_path_001,user:User3624,role:AdminRole2686,2,2,1,1,1,0,0,0,0,0,0,0,HIGH,0.68,Lateral Movement,pass_role + assume_role_chain
synthetic_04556,synthetic_04556_path_001,user:User5447,resource:Bucket8809,2,1,1,1,0,1,1,0,0,0,0,0,MEDIUM,0.43,Data Access,wildcard_action + wildcard_resource
synthetic_04557,synthetic_04557_path_001,user:034522026269,resource:Bucket1955,2,1,1,1,0,1,1,0,1,1,0,0,CRITICAL,0.88,Lateral Movement,external_trust + cross_account
synthetic_04558,synthetic_04558_path_001,user:User5189,resource:Bucket8263,4,3,1,1,0,0,1,0,0,0,0,0,HIGH,0.68,Lateral Movement,assume_role_chain + long_privilege_escalation_chain
synthetic_04559,synthetic_04559_path_001,user:User1540,role:AdminRole5225,2,2,1,1,1,0,0,0,0,0,0,0,HIGH,0.68,Lateral Movement,pass_role + assume_role_chain
synthetic_04560,synthetic_04560_path_001,user:partner-1642,resource:Secret4720,2,1,1,1,0,0,0,0,1,0,1,0,CRITICAL,0.85,Data Access,external_trust
synthetic_04561,synthetic_04561_path_001,user:User6616,resource:Bucket3432,2,1,1,1,0,1,1,0,0,0,0,0,MEDIUM,0.43,Data Access,wildcard_action + wildcard_resource
synthetic_04562,synthetic_04562_path_001,user:User7030,resource:Bucket4278,4,3,1,1,0,0,1,0,0,0,0,0,HIGH,0.68,Lateral Movement,assume_role_chain + long_privilege_escalation_chain
synthetic_04563,synthetic_04563_path_001,user:User6868,resource:Bucket4422,4,3,1,1,0,0,1,0,0,0,0,0,HIGH,0.68,Lateral Movement,assume_role_chain + long_privilege_escalation_chain
synthetic_04564,synthetic_04564_path_001,user:User4556,resource:Bucket3122,2,1,1,1,0,1,1,0,0,0,0,0,MEDIUM,0.43,Data Access,wildcard_action + wildcard_resource
synthetic_04565,synthetic_04565_path_001,user:User9513,resource:Bucket8624,2,1,1,1,0,1,1,0,0,0,0,0,MEDIUM,0.43,Data Access,wildcard_action + wildcard_resource
synthetic_04566,synthetic_04566_path_001,user:User4051,resource:Table2671,3,2,1,1,0,0,0,0,0,0,0,0,HIGH,0.65,Lateral Movement,assume_role_chain
synthetic_04567,synthetic_04567_path_001,user:User4758,resource:Bucket1871,2,1,1,1,0,0,0,0,0,0,0,0,LOW,0.15,Data Access,read_only_access
synthetic_04568,synthetic_04568_path_001,user:User5112,resource:Table8303,3,2,1,1,0,0,0,0,0,0,0,0,HIGH,0.65,Lateral Movement,assume_role_chain
synthetic_04569,synthetic_04569_path_001,user:User4236,resource:Bucket4821,2,1,1,1,0,0,0,0,0,0,0,0,LOW,0.15,Data Access,read_only_access
synthetic_04570,synthetic_04570_path_001,user:User9431,resource:Table5602,3,2,1,1,0,0,0,0,0,0,0,0,HIGH,0.65,Lateral Movement,assume_role_chain
synthetic_04571,synthetic_04571_path_001,user:User2351,resource:Bucket6899,2,1,1,1,0,1,1,0,0,0,0,0,MEDIUM,0.43,Data Access,wildcard_action + wildcard_resource
synthetic_04572,synthetic_04572_path_001,user:User8207,resource:Bucket9581,2,1,1,1,0,1,1,0,0,0,0,0,MEDIUM,0.43,Data Access,wildcard_action + wildcard_resource
synthetic_04573,synthetic_04573_path_001,user:User7318,resource:Bucket1271,2,1,1,1,0,1,1,0,0,0,0,1,CRITICAL,0.85,Privilege Escalation,admin_permission
synthetic_04574,synthetic_04574_path_001,user:User6841,resource:Policy5955,2,1,1,1,0,0,0,1,0,0,0,0,CRITICAL,0.85,Privilege Escalation,policy_modification
synthetic_04575,synthetic_04575_path_001,user:User9837,resource:Bucket8595,2,1,1,1,0,1,1,0,0,0,0,0,MEDIUM,0.43,Data Access,wildcard_action + wildcard_resource
synthetic_04576,synthetic_04576_path_001,user:User4379,resource:Bucket8377,2,1,1,1,0,0,0,0,0,0,0,0,LOW,0.15,Data Access,read_only_access
synthetic_04577,synthetic_04577_path_001,user:User4345,role:AdminRole3175,2,2,1,1,1,0,0,0,0,0,0,0,HIGH,0.68,Lateral Movement,pass_role + assume_role_chain
synthetic_04578,synthetic_04578_path_001,user:User4496,role:AdminRole4620,2,2,1,1,1,0,0,0,0,0,0,0,HIGH,0.68,Lateral Movement,pass_role + assume_role_chain
synthetic_04579,synthetic_04579_path_001,user:User8679,role:AdminRole4566,2,2,1,1,1,0,0,0,0,0,0,0,HIGH,0.68,Lateral Movement,pass_role + assume_role_chain
synthetic_04580,synthetic_04580_path_001,user:User2315,resource:Table4899,3,2,1,1,0,0,0,0,0,0,0,0,HIGH,0.65,Lateral Movement,assume_role_chain
synthetic_04581,synthetic_04581_path_001,user:User9352,resource:Bucket7891,2,1,1,1,0,0,0,0,0,0,0,0,LOW,0.15,Data Access,read_only_access
synthetic_04582,synthetic_04582_path_001,user:User1489,resource:Bucket6433,2,1,1,1,0,0,0,0,0,0,0,0,LOW,0.15,Data Access,read_only_access
synthetic_04583,synthetic_04583_path_001,user:User9585,resource:Bucket1603,2,1,1,1,0,1,1,0,0,0,0,0,MEDIUM,0.43,Data Access,wildcard_action + wildcard_resource
synthetic_04584,synthetic_04584_path_001,user:User9097,resource:Bucket8717,2,1,1,1,0,1,1,0,0,0,0,1,CRITICAL,0.85,Privilege Escalation,admin_permission
synthetic_04585,synthetic_04585_path_001,user:User9714,role:AdminRole5040,2,2,1,1,1,0,0,0,0,0,0,0,HIGH,0.68,Lateral Movement,pass_role + assume_role_chain
synthetic_04586,synthetic_04586_path_001,user:User6871,resource:Bucket1015,2,1,1,1,0,0,0,0,0,0,0,0,LOW,0.15,Data Access,read_only_access
synthetic_04587,synthetic_04587_path_001,user:User8695,resource:Bucket3767,2,1,1,1,0,1,1,0,0,0,0,0,MEDIUM,0.43,Data Access,wildcard_action + wildcard_resource
synthetic_04588,synthetic_04588_path_001,user:User7560,resource:Bucket8237,2,1,1,1,0,1,1,0,0,0,0,0,MEDIUM,0.43,Data Access,wildcard_action + wildcard_resource
synthetic_04589,synthetic_04589_path_001,user:User7793,resource:Table6518,3,2,1,1,0,0,0,0,0,0,0,0,HIGH,0.65,Lateral Movement,assume_role_chain
synthetic_04590,synthetic_04590_path_001,user:403895546565,resource:Bucket2220,2,1,1,1,0,1,1,0,1,1,0,0,CRITICAL,0.88,Lateral Movement,external_trust + cross_account
synthetic_04591,synthetic_04591_path_001,user:User1513,resource:Bucket3451,2,1,1,1,0,1,1,0,0,0,0,0,MEDIUM,0.43,Data Access,wildcard_action + wildcard_resource
synthetic_04592,synthetic_04592_path_001,user:User8663,resource:Bucket7228,2,1,1,1,0,0,0,0,0,0,0,0,LOW,0.15,Data Access,read_only_access
synthetic_04593,synthetic_04593_path_001,user:User3748,resource:Bucket4356,4,3,1,1,0,0,1,0,0,0,0,0,HIGH,0.68,Lateral Movement,assume_role_chain + long_privilege_escalation_chain
synthetic_04594,synthetic_04594_path_001,user:User9273,resource:Bucket5389,2,1,1,1,0,0,0,0,0,0,0,0,LOW,0.15,Data Access,read_only_access
synthetic_04595,synthetic_04595_path_001,user:User1083,resource:Table1546,3,2,1,1,0,0,0,0,0,0,0,0,HIGH,0.65,Lateral Movement,assume_role_chain
synthetic_04596,synthetic_04596_path_001,user:User5953,role:AdminRole9509,2,2,1,1,1,0,0,0,0,0,0,0,HIGH,0.68,Lateral Movement,pass_role + assume_role_chain
synthetic_04597,synthetic_04597_path_001,user:User1375,resource:Bucket4405,2,1,1,1,0,1,1,0,0,0,0,0,MEDIUM,0.43,Data Access,wildcard_action + wildcard_resource
synthetic_04598,synthetic_04598_path_001,user:User8328,resource:Bucket8684,2,1,1,1,0,1,1,0,0,0,0,0,MEDIUM,0.43,Data Access,wildcard_action + wildcard_resource
synthetic_04599,synthetic_04599_path_001,user:User2496,resource:Bucket8057,2,1,1,1,0,1,1,0,0,0,0,1,CRITICAL,0.85,Privilege Escalation,admin_permission
synthetic_04600,synthetic_04600_path_001,user:User2584,resource:Bucket5794,2,1,1,1,0,0,0,0,0,0,0,0,LOW,0.15,Data Access,read_only_access
synthetic_04601,synthetic_04601_path_001,user:User9041,resource:Bucket5454,2,1,1,1,0,1,1,0,0,0,0,0,MEDIUM,0.43,Data Access,wildcard_action + wildcard_resource
synthetic_04602,synthetic_04602_path_001,user:User5176,resource:Policy4496,2,1,1,1,0,0,0,1,0,0,0,0,CRITICAL,0.85,Privilege Escalation,policy_modification
synthetic_04603,synthetic_04603_path_001,user:User9996,resource:Bucket6334,2,1,1,1,0,1,1,0,0,0,0,0,MEDIUM,0.43,Data Access,wildcard_action + wildcard_resource
synthetic_04604,synthetic_04604_path_001,user:User8155,resource:Bucket2439,2,1,1,1,0,1,1,0,0,0,0,0,MEDIUM,0.43,Data Access,wildcard_action + wildcard_resource
synthetic_04605,synthetic_04605_path_001,user:partner-5963,resource:Secret8250,2,1,1,1,0,0,0,0,1,0,1,0,CRITICAL,0.85,Data Access,external_trust
synthetic_04606,synthetic_04606_path_001,user:User5480,resource:Bucket5325,2,1,1,1,0,1,1,0,0,0,0,1,CRITICAL,0.85,Privilege Escalation,admin_permission
synthetic_04607,synthetic_04607_path_001,user:User9324,resource:Policy4511,2,1,1,1,0,0,0,1,0,0,0,0,CRITICAL,0.85,Privilege Escalation,policy_modification
synthetic_04608,synthetic_04608_path_001,user:User6298,resource:Bucket3454,2,1,1,1,0,0,0,0,0,0,0,0,LOW,0.15,Data Access,read_only_access
synthetic_04609,synthetic_04609_path_001,user:User7388,resource:Policy7443,2,1,1,1,0,0,0,1,0,0,0,0,CRITICAL,0.85,Privilege Escalation,policy_modification
synthetic_04610,synthetic_04610_path_001,user:435486952121,resource:Bucket7371,2,1,1,1,0,1,1,0,1,1,0,0,CRITICAL,0.88,Lateral Movement,external_trust + cross_account
synthetic_04611,synthetic_04611_path_001,user:User1083,resource:Bucket9944,2,1,1,1,0,1,1,0,0,0,0,0,MEDIUM,0.43,Data Access,wildcard_action + wildcard_resource
synthetic_04612,synthetic_04612_path_001,user:User7874,resource:Policy7254,2,1,1,1,0,0,0,1,0,0,0,0,CRITICAL,0.85,Privilege Escalation,policy_modification
synthetic_04613,synthetic_04613_path_001,user:903764747691,resource:Bucket7980,2,1,1,1,0,1,1,0,1,1,0,0,CRITICAL,0.88,Lateral Movement,external_trust + cross_account
synthetic_04614,synthetic_04614_path_001,user:User6538,resource:Bucket4895,2,1,1,1,0,0,0,0,0,0,0,0,LOW,0.15,Data Access,read_only_access
synthetic_04615,synthetic_04615_path_001,user:User7697,role:AdminRole2149,2,2,1,1,1,0,0,0,0,0,0,0,HIGH,0.68,Lateral Movement,pass_role + assume_role_chain
synthetic_04616,synthetic_04616_path_001,user:User1727,resource:Table3009,3,2,1,1,0,0,0,0,0,0,0,0,HIGH,0.65,Lateral Movement,assume_role_chain
synthetic_04617,synthetic_04617_path_001,user:User4630,resource:Bucket4550,2,1,1,1,0,1,1,0,0,0,0,0,MEDIUM,0.43,Data Access,wildcard_action + wildcard_resource
synthetic_04618,synthetic_04618_path_001,user:User7571,role:AdminRole2645,2,2,1,1,1,0,0,0,0,0,0,0,HIGH,0.68,Lateral Movement,pass_role + assume_role_chain
synthetic_04619,synthetic_04619_path_001,user:User9447,resource:Policy6171,2,1,1,1,0,0,0,1,0,0,0,0,CRITICAL,0.85,Privilege Escalation,policy_modification
synthetic_04620,synthetic_04620_path_001,user:User3741,resource:Policy8895,2,1,1,1,0,0,0,1,0,0,0,0,CRITICAL,0.85,Privilege Escalation,policy_modification
synthetic_04621,synthetic_04621_path_001,user:User2735,role:AdminRole2123,2,2,1,1,1,0,0,0,0,0,0,0,HIGH,0.68,Lateral Movement,pass_role + assume_role_chain
synthetic_04622,synthetic_04622_path_001,user:User5821,resource:Bucket8629,2,1,1,1,0,0,0,0,0,0,0,0,LOW,0.15,Data Access,read_only_access
synthetic_04623,synthetic_04623_path_001,user:User7304,role:AdminRole5836,2,2,1,1,1,0,0,0,0,0,0,0,HIGH,0.68,Lateral Movement,pass_role + assume_role_chain
synthetic_04624,synthetic_04624_path_001,user:User2899,role:AdminRole7572,2,2,1,1,1,0,0,0,0,0,0,0,HIGH,0.68,Lateral Movement,pass_role + assume_role_chain
synthetic_04625,synthetic_04625_path_001,user:User7122,resource:Table6505,3,2,1,1,0,0,0,0,0,0,0,0,HIGH,0.65,Lateral Movement,assume_role_chain
synthetic_04626,synthetic_04626_path_001,user:User2554,resource:Bucket7746,2,1,1,1,0,0,0,0,0,0,0,0,LOW,0.15,Data Access,read_only_access
synthetic_04627,synthetic_04627_path_001,user:User9068,resource:Bucket8913,2,1,1,1,0,1,1,0,0,0,0,0,MEDIUM,0.43,Data Access,wildcard_action + wildcard_resource
synthetic_04628,synthetic_04628_path_001,user:User3418,resource:Bucket3669,2,1,1,1,0,1,1,0,0,0,0,0,MEDIUM,0.43,Data Access,wildcard_action + wildcard_resource
synthetic_04629,synthetic_04629_path_001,user:196129332134,resource:Bucket3673,2,1,1,1,0,1,1,0,1,1,0,0,CRITICAL,0.88,Lateral Movement,external_trust + cross_account
synthetic_04630,synthetic_04630_path_001,user:User5344,resource:Policy1854,2,1,1,1,0,0,0,1,0,0,0,0,CRITICAL,0.85,Privilege Escalation,policy_modification
synthetic_04631,synthetic_04631_path_001,user:User2196,resource:Policy9126,2,1,1,1,0,0,0,1,0,0,0,0,CRITICAL,0.85,Privilege Escalation,policy_modification
synthetic_04632,synthetic_04632_path_001,user:User7313,role:AdminRole8355,2,2,1,1,1,0,0,0,0,0,0,0,HIGH,0.68,Lateral Movement,pass_role + assume_role_chain
synthetic_04633,synthetic_04633_path_001,user:User1113,resource:Bucket7544,2,1,1,1,0,1,1,0,0,0,0,0,MEDIUM,0.43,Data Access,wildcard_action + wildcard_resource
synthetic_04634,synthetic_04634_path_001,user:262030695165,resource:Bucket2528,2,1,1,1,0,1,1,0,1,1,0,0,CRITICAL,0.88,Lateral Movement,external_trust + cross_account
synthetic_04635,synthetic_04635_path_001,user:User1787,role:AdminRole9880,2,2,1,1,1,0,0,0,0,0,0,0,HIGH,0.68,Lateral Movement,pass_role + assume_role_chain
synthetic_04636,synthetic_04636_path_001,user:User2989,resource:Bucket4768,2,1,1,1,0,0,0,0,0,0,0,0,LOW,0.15,Data Access,read_only_access
synthetic_04637,synthetic_04637_path_001,user:User6851,resource:Bucket9115,2,1,1,1,0,0,0,0,0,0,0,0,LOW,0.15,Data Access,read_only_access
synthetic_04638,synthetic_04638_path_001,user:partner-4623,resource:Secret5661,2,1,1,1,0,0,0,0,1,0,1,0,CRITICAL,0.85,Data Access,external_trust
synthetic_04639,synthetic_04639_path_001,user:User9272,role:AdminRole1330,2,2,1,1,1,0,0,0,0,0,0,0,HIGH,0.68,Lateral Movement,pass_role + assume_role_chain
synthetic_04640,synthetic_04640_path_001,user:619680450521,resource:Bucket3309,2,1,1,1,0,1,1,0,1,1,0,0,CRITICAL,0.88,Lateral Movement,external_trust + cross_account
synthetic_04641,synthetic_04641_path_001,user:User9501,resource:Bucket7634,2,1,1,1,0,1,1,0,0,0,0,0,MEDIUM,0.43,Data Access,wildcard_action + wildcard_resource
synthetic_04642,synthetic_04642_path_001,user:044608197140,resource:Bucket5475,2,1,1,1,0,1,1,0,1,1,0,0,CRITICAL,0.88,Lateral Movement,external_trust + cross_account
synthetic_04643,synthetic_04643_path_001,user:User6773,resource:Bucket7618,2,1,1,1,0,1,1,0,0,0,0,0,MEDIUM,0.43,Data Access,wildcard_action + wildcard_resource
synthetic_04644,synthetic_04644_path_001,user:806274566983,resource:Bucket6707,2,1,1,1,0,1,1,0,1,1,0,0,CRITICAL,0.88,Lateral Movement,external_trust + cross_account
synthetic_04645,synthetic_04645_path_001,user:User5492,resource:Bucket5997,2,1,1,1,0,0,0,0,0,0,0,0,LOW,0.15,Data Access,read_only_access
synthetic_04646,synthetic_04646_path_001,user:User8443,role:AdminRole8062,2,2,1,1,1,0,0,0,0,0,0,0,HIGH,0.68,Lateral Movement,pass_role + assume_role_chain
synthetic_04647,synthetic_04647_path_001,user:User4121,resource:Bucket5712,2,1,1,1,0,0,0,0,0,0,0,0,LOW,0.15,Data Access,read_only_access
synthetic_04648,synthetic_04648_path_001,user:User2402,resource:Bucket4198,2,1,1,1,0,1,1,0,0,0,0,0,MEDIUM,0.43,Data Access,wildcard_action + wildcard_resource
synthetic_04649,synthetic_04649_path_001,user:User5680,resource:Bucket3277,2,1,1,1,0,1,1,0,0,0,0,1,CRITICAL,0.85,Privilege Escalation,admin_permission
synthetic_04650,synthetic_04650_path_001,user:User7149,resource:Bucket6245,2,1,1,1,0,1,1,0,0,0,0,1,CRITICAL,0.85,Privilege Escalation,admin_permission
synthetic_04651,synthetic_04651_path_001,user:User7347,resource:Bucket8307,2,1,1,1,0,1,1,0,0,0,0,1,CRITICAL,0.85,Privilege Escalation,admin_permission
synthetic_04652,synthetic_04652_path_001,user:partner-7339,resource:Secret9849,2,1,1,1,0,0,0,0,1,0,1,0,CRITICAL,0.85,Data Access,external_trust
synthetic_04653,synthetic_04653_path_001,user:User4107,resource:Bucket9553,2,1,1,1,0,0,0,0,0,0,0,0,LOW,0.15,Data Access,read_only_access
synthetic_04654,synthetic_04654_path_001,user:User9984,resource:Bucket8915,2,1,1,1,0,1,1,0,0,0,0,1,CRITICAL,0.85,Privilege Escalation,admin_permission
synthetic_04655,synthetic_04655_path_001,user:User3578,resource:Bucket9045,2,1,1,1,0,1,1,0,0,0,0,0,MEDIUM,0.43,Data Access,wildcard_action + wildcard_resource
synthetic_04656,synthetic_04656_path_001,user:User6962,resource:Bucket3164,2,1,1,1,0,0,0,0,0,0,0,0,LOW,0.15,Data Access,read_only_access
synthetic_04657,synthetic_04657_path_001,user:User6280,resource:Bucket5481,2,1,1,1,0,1,1,0,0,0,0,1,CRITICAL,0.85,Privilege Escalation,admin_permission
synthetic_04658,synthetic_04658_path_001,user:User7394,resource:Bucket1011,2,1,1,1,0,0,0,0,0,0,0,0,LOW,0.15,Data Access,read_only_access
synthetic_04659,synthetic_04659_path_001,user:User2024,resource:Bucket3945,2,1,1,1,0,1,1,0,0,0,0,0,MEDIUM,0.43,Data Access,wildcard_action + wildcard_resource
synthetic_04660,synthetic_04660_path_001,user:User3460,resource:Bucket6897,2,1,1,1,0,0,0,0,0,0,0,0,LOW,0.15,Data Access,read_only_access
synthetic_04661,synthetic_04661_path_001,user:partner-4087,resource:Secret9438,2,1,1,1,0,0,0,0,1,0,1,0,CRITICAL,0.85,Data Access,external_trust
synthetic_04662,synthetic_04662_path_001,user:059934232210,resource:Bucket3406,2,1,1,1,0,1,1,0,1,1,0,0,CRITICAL,0.88,Lateral Movement,external_trust + cross_account
synthetic_04663,synthetic_04663_path_001,user:User2785,resource:Bucket2230,2,1,1,1,0,0,0,0,0,0,0,0,LOW,0.15,Data Access,read_only_access
synthetic_04664,synthetic_04664_path_001,user:783437798240,resource:Bucket2583,2,1,1,1,0,1,1,0,1,1,0,0,CRITICAL,0.88,Lateral Movement,external_trust + cross_account
synthetic_04665,synthetic_04665_path_001,user:User2519,resource:Bucket9062,2,1,1,1,0,0,0,0,0,0,0,0,LOW,0.15,Data Access,read_only_access
synthetic_04666,synthetic_04666_path_001,user:User1698,resource:Bucket3467,2,1,1,1,0,0,0,0,0,0,0,0,LOW,0.15,Data Access,read_only_access
synthetic_04667,synthetic_04667_path_001,user:User8588,resource:Bucket8130,2,1,1,1,0,1,1,0,0,0,0,0,MEDIUM,0.43,Data Access,wildcard_action + wildcard_resource
synthetic_04668,synthetic_04668_path_001,user:User8399,role:AdminRole6682,2,2,1,1,1,0,0,0,0,0,0,0,HIGH,0.68,Lateral Movement,pass_role + assume_role_chain
synthetic_04669,synthetic_04669_path_001,user:User7832,resource:Policy5923,2,1,1,1,0,0,0,1,0,0,0,0,CRITICAL,0.85,Privilege Escalation,policy_modification
synthetic_04670,synthetic_04670_path_001,user:User9093,resource:Bucket5840,4,3,1,1,0,0,1,0,0,0,0,0,HIGH,0.68,Lateral Movement,assume_role_chain + long_privilege_escalation_chain
synthetic_04671,synthetic_04671_path_001,user:User6356,resource:Bucket2107,2,1,1,1,0,1,1,0,0,0,0,0,MEDIUM,0.43,Data Access,wildcard_action + wildcard_resource
synthetic_04672,synthetic_04672_path_001,user:User1754,resource:Bucket5124,2,1,1,1,0,0,0,0,0,0,0,0,LOW,0.15,Data Access,read_only_access
synthetic_04673,synthetic_04673_path_001,user:User9638,role:AdminRole9368,2,2,1,1,1,0,0,0,0,0,0,0,HIGH,0.68,Lateral Movement,pass_role + assume_role_chain
synthetic_04674,synthetic_04674_path_001,user:User3602,resource:Bucket5292,2,1,1,1,0,1,1,0,0,0,0,1,CRITICAL,0.85,Privilege Escalation,admin_permission
synthetic_04675,synthetic_04675_path_001,user:User7207,resource:Bucket9720,2,1,1,1,0,1,1,0,0,0,0,0,MEDIUM,0.43,Data Access,wildcard_action + wildcard_resource
synthetic_04676,synthetic_04676_path_001,user:User9201,resource:Bucket2294,2,1,1,1,0,1,1,0,0,0,0,0,MEDIUM,0.43,Data Access,wildcard_action + wildcard_resource
synthetic_04677,synthetic_04677_path_001,user:User4401,resource:Bucket4524,2,1,1,1,0,1,1,0,0,0,0,0,MEDIUM,0.43,Data Access,wildcard_action + wildcard_resource
synthetic_04678,synthetic_04678_path_001,user:User7085,resource:Bucket7490,2,1,1,1,0,0,0,0,0,0,0,0,LOW,0.15,Data Access,read_only_access
synthetic_04679,synthetic_04679_path_001,user:User8876,resource:Table5209,3,2,1,1,0,0,0,0,0,0,0,0,HIGH,0.65,Lateral Movement,assume_role_chain
synthetic_04680,synthetic_04680_path_001,user:partner-5314,resource:Secret1062,2,1,1,1,0,0,0,0,1,0,1,0,CRITICAL,0.85,Data Access,external_trust
synthetic_04681,synthetic_04681_path_001,user:partner-2337,resource:Secret5688,2,1,1,1,0,0,0,0,1,0,1,0,CRITICAL,0.85,Data Access,external_trust
synthetic_04682,synthetic_04682_path_001,user:User7257,role:AdminRole6775,2,2,1,1,1,0,0,0,0,0,0,0,HIGH,0.68,Lateral Movement,pass_role + assume_role_chain
synthetic_04683,synthetic_04683_path_001,user:User6109,resource:Bucket2132,4,3,1,1,0,0,1,0,0,0,0,0,HIGH,0.68,Lateral Movement,assume_role_chain + long_privilege_escalation_chain
synthetic_04684,synthetic_04684_path_001,user:User6937,resource:Bucket4720,2,1,1,1,0,0,0,0,0,0,0,0,LOW,0.15,Data Access,read_only_access
synthetic_04685,synthetic_04685_path_001,user:User8387,role:AdminRole8080,2,2,1,1,1,0,0,0,0,0,0,0,HIGH,0.68,Lateral Movement,pass_role + assume_role_chain
synthetic_04686,synthetic_04686_path_001,user:User8657,resource:Policy2511,2,1,1,1,0,0,0,1,0,0,0,0,CRITICAL,0.85,Privilege Escalation,policy_modification
synthetic_04687,synthetic_04687_path_001,user:User4375,resource:Bucket4707,2,1,1,1,0,0,0,0,0,0,0,0,LOW,0.15,Data Access,read_only_access
synthetic_04688,synthetic_04688_path_001,user:User6968,role:AdminRole6831,2,2,1,1,1,0,0,0,0,0,0,0,HIGH,0.68,Lateral Movement,pass_role + assume_role_chain
synthetic_04689,synthetic_04689_path_001,user:User7772,resource:Policy9694,2,1,1,1,0,0,0,1,0,0,0,0,CRITICAL,0.85,Privilege Escalation,policy_modification
synthetic_04690,synthetic_04690_path_001,user:860215992794,resource:Bucket8476,2,1,1,1,0,1,1,0,1,1,0,0,CRITICAL,0.88,Lateral Movement,external_trust + cross_account
synthetic_04691,synthetic_04691_path_001,user:User5726,resource:Bucket4451,2,1,1,1,0,0,0,0,0,0,0,0,LOW,0.15,Data Access,read_only_access
synthetic_04692,synthetic_04692_path_001,user:User4753,resource:Bucket5326,2,1,1,1,0,0,0,0,0,0,0,0,LOW,0.15,Data Access,read_only_access
synthetic_04693,synthetic_04693_path_001,user:User4387,resource:Bucket6115,2,1,1,1,0,1,1,0,0,0,0,0,MEDIUM,0.43,Data Access,wildcard_action + wildcard_resource
synthetic_04694,synthetic_04694_path_001,user:User8533,resource:Bucket9132,2,1,1,1,0,1,1,0,0,0,0,0,MEDIUM,0.43,Data Access,wildcard_action + wildcard_resource
synthetic_04695,synthetic_04695_path_001,user:User7597,resource:Bucket7735,2,1,1,1,0,0,0,0,0,0,0,0,LOW,0.15,Data Access,read_only_access
synthetic_04696,synthetic_04696_path_001,user:User8361,resource:Bucket3281,2,1,1,1,0,0,0,0,0,0,0,0,LOW,0.15,Data Access,read_only_access
synthetic_04697,synthetic_04697_path_001,user:User3965,resource:Policy3081,2,1,1,1,0,0,0,1,0,0,0,0,CRITICAL,0.85,Privilege Escalation,policy_modification
synthetic_04698,synthetic_04698_path_001,user:User4482,resource:Policy7804,2,1,1,1,0,0,0,1,0,0,0,0,CRITICAL,0.85,Privilege Escalation,policy_modification
synthetic_04699,synthetic_04699_path_001,user:User5285,role:AdminRole3189,2,2,1,1,1,0,0,0,0,0,0,0,HIGH,0.68,Lateral Movement,pass_role + assume_role_chain
synthetic_04700,synthetic_04700_path_001,user:User4530,resource:Bucket4236,2,1,1,1,0,1,1,0,0,0,0,0,MEDIUM,0.43,Data Access,wildcard_action + wildcard_resource
synthetic_04701,synthetic_04701_path_001,user:partner-8059,resource:Secret1601,2,1,1,1,0,0,0,0,1,0,1,0,CRITICAL,0.85,Data Access,external_trust
synthetic_04702,synthetic_04702_path_001,user:User7505,resource:Table9897,3,2,1,1,0,0,0,0,0,0,0,0,HIGH,0.65,Lateral Movement,assume_role_chain
synthetic_04703,synthetic_04703_path_001,user:User4794,resource:Bucket3977,2,1,1,1,0,1,1,0,0,0,0,0,MEDIUM,0.43,Data Access,wildcard_action + wildcard_resource
synthetic_04704,synthetic_04704_path_001,user:358498118465,resource:Bucket3523,2,1,1,1,0,1,1,0,1,1,0,0,CRITICAL,0.88,Lateral Movement,external_trust + cross_account
synthetic_04705,synthetic_04705_path_001,user:User7370,resource:Bucket8662,2,1,1,1,0,0,0,0,0,0,0,0,LOW,0.15,Data Access,read_only_access
synthetic_04706,synthetic_04706_path_001,user:User6028,resource:Bucket9667,4,3,1,1,0,0,1,0,0,0,0,0,HIGH,0.68,Lateral Movement,assume_role_chain + long_privilege_escalation_chain
synthetic_04707,synthetic_04707_path_001,user:User6538,resource:Bucket6921,2,1,1,1,0,1,1,0,0,0,0,0,MEDIUM,0.43,Data Access,wildcard_action + wildcard_resource
synthetic_04708,synthetic_04708_path_001,user:User5042,resource:Bucket4233,2,1,1,1,0,0,0,0,0,0,0,0,LOW,0.15,Data Access,read_only_access
synthetic_04709,synthetic_04709_path_001,user:User4169,resource:Policy6512,2,1,1,1,0,0,0,1,0,0,0,0,CRITICAL,0.85,Privilege Escalation,policy_modification
synthetic_04710,synthetic_04710_path_001,user:User8556,resource:Bucket9514,2,1,1,1,0,1,1,0,0,0,0,0,MEDIUM,0.43,Data Access,wildcard_action + wildcard_resource
synthetic_04711,synthetic_04711_path_001,user:User4434,resource:Bucket7965,2,1,1,1,0,1,1,0,0,0,0,0,MEDIUM,0.43,Data Access,wildcard_action + wildcard_resource
synthetic_04712,synthetic_04712_path_001,user:partner-2463,resource:Secret5208,2,1,1,1,0,0,0,0,1,0,1,0,CRITICAL,0.85,Data Access,external_trust
synthetic_04713,synthetic_04713_path_001,user:User1384,resource:Bucket9919,2,1,1,1,0,0,0,0,0,0,0,0,LOW,0.15,Data Access,read_only_access
synthetic_04714,synthetic_04714_path_001,user:partner-3134,resource:Secret4284,2,1,1,1,0,0,0,0,1,0,1,0,CRITICAL,0.85,Data Access,external_trust
synthetic_04715,synthetic_04715_path_001,user:User2883,resource:Policy1451,2,1,1,1,0,0,0,1,0,0,0,0,CRITICAL,0.85,Privilege Escalation,policy_modification
synthetic_04716,synthetic_04716_path_001,user:User4669,resource:Bucket6477,2,1,1,1,0,0,0,0,0,0,0,0,LOW,0.15,Data Access,read_only_access
synthetic_04717,synthetic_04717_path_001,user:User4257,resource:Bucket5114,2,1,1,1,0,1,1,0,0,0,0,0,MEDIUM,0.43,Data Access,wildcard_action + wildcard_resource
synthetic_04718,synthetic_04718_path_001,user:User1209,resource:Bucket1041,2,1,1,1,0,0,0,0,0,0,0,0,LOW,0.15,Data Access,read_only_access
synthetic_04719,synthetic_04719_path_001,user:479049915738,resource:Bucket7249,2,1,1,1,0,1,1,0,1,1,0,0,CRITICAL,0.88,Lateral Movement,external_trust + cross_account
synthetic_04720,synthetic_04720_path_001,user:User7342,resource:Table1599,3,2,1,1,0,0,0,0,0,0,0,0,HIGH,0.65,Lateral Movement,assume_role_chain
synthetic_04721,synthetic_04721_path_001,user:User7461,role:AdminRole1738,2,2,1,1,1,0,0,0,0,0,0,0,HIGH,0.68,Lateral Movement,pass_role + assume_role_chain
synthetic_04722,synthetic_04722_path_001,user:partner-4173,resource:Secret3968,2,1,1,1,0,0,0,0,1,0,1,0,CRITICAL,0.85,Data Access,external_trust
synthetic_04723,synthetic_04723_path_001,user:User3841,resource:Bucket6961,2,1,1,1,0,0,0,0,0,0,0,0,LOW,0.15,Data Access,read_only_access
synthetic_04724,synthetic_04724_path_001,user:597155793277,resource:Bucket2942,2,1,1,1,0,1,1,0,1,1,0,0,CRITICAL,0.88,Lateral Movement,external_trust + cross_account
synthetic_04725,synthetic_04725_path_001,user:User2570,resource:Table4368,3,2,1,1,0,0,0,0,0,0,0,0,HIGH,0.65,Lateral Movement,assume_role_chain
synthetic_04726,synthetic_04726_path_001,user:User3996,resource:Table7946,3,2,1,1,0,0,0,0,0,0,0,0,HIGH,0.65,Lateral Movement,assume_role_chain
synthetic_04727,synthetic_04727_path_001,user:User7656,role:AdminRole9782,2,2,1,1,1,0,0,0,0,0,0,0,HIGH,0.68,Lateral Movement,pass_role + assume_role_chain
synthetic_04728,synthetic_04728_path_001,user:User7882,resource:Policy1572,2,1,1,1,0,0,0,1,0,0,0,0,CRITICAL,0.85,Privilege Escalation,policy_modification
synthetic_04729,synthetic_04729_path_001,user:User4284,role:AdminRole9207,2,2,1,1,1,0,0,0,0,0,0,0,HIGH,0.68,Lateral Movement,pass_role + assume_role_chain
synthetic_04730,synthetic_04730_path_001,user:User8845,resource:Bucket4482,2,1,1,1,0,1,1,0,0,0,0,0,MEDIUM,0.43,Data Access,wildcard_action + wildcard_resource
synthetic_04731,synthetic_04731_path_001,user:User9129,resource:Bucket3756,2,1,1,1,0,1,1,0,0,0,0,0,MEDIUM,0.43,Data Access,wildcard_action + wildcard_resource
synthetic_04732,synthetic_04732_path_001,user:User9073,resource:Bucket6745,2,1,1,1,0,1,1,0,0,0,0,0,MEDIUM,0.43,Data Access,wildcard_action + wildcard_resource
synthetic_04733,synthetic_04733_path_001,user:User8281,resource:Bucket7308,2,1,1,1,0,1,1,0,0,0,0,0,MEDIUM,0.43,Data Access,wildcard_action + wildcard_resource
synthetic_04734,synthetic_04734_path_001,user:User6715,resource:Bucket8263,4,3,1,1,0,0,1,0,0,0,0,0,HIGH,0.68,Lateral Movement,assume_role_chain + long_privilege_escalation_chain
synthetic_04735,synthetic_04735_path_001,user:User3125,resource:Bucket1385,2,1,1,1,0,0,0,0,0,0,0,0,LOW,0.15,Data Access,read_only_access
synthetic_04736,synthetic_04736_path_001,user:User1091,resource:Bucket9588,2,1,1,1,0,1,1,0,0,0,0,0,MEDIUM,0.43,Data Access,wildcard_action + wildcard_resource
synthetic_04737,synthetic_04737_path_001,user:User5238,resource:Bucket1442,2,1,1,1,0,0,0,0,0,0,0,0,LOW,0.15,Data Access,read_only_access
synthetic_04738,synthetic_04738_path_001,user:User5581,resource:Policy8897,2,1,1,1,0,0,0,1,0,0,0,0,CRITICAL,0.85,Privilege Escalation,policy_modification
synthetic_04739,synthetic_04739_path_001,user:User4537,resource:Bucket9743,2,1,1,1,0,0,0,0,0,0,0,0,LOW,0.15,Data Access,read_only_access
synthetic_04740,synthetic_04740_path_001,user:User2980,resource:Bucket7669,2,1,1,1,0,0,0,0,0,0,0,0,LOW,0.15,Data Access,read_only_access
synthetic_04741,synthetic_04741_path_001,user:User5533,role:AdminRole8777,2,2,1,1,1,0,0,0,0,0,0,0,HIGH,0.68,Lateral Movement,pass_role + assume_role_chain
synthetic_04742,synthetic_04742_path_001,user:User4424,resource:Bucket5502,2,1,1,1,0,0,0,0,0,0,0,0,LOW,0.15,Data Access,read_only_access
synthetic_04743,synthetic_04743_path_001,user:User7329,resource:Bucket1480,4,3,1,1,0,0,1,0,0,0,0,0,HIGH,0.68,Lateral Movement,assume_role_chain + long_privilege_escalation_chain
synthetic_04744,synthetic_04744_path_001,user:partner-3312,resource:Secret6914,2,1,1,1,0,0,0,0,1,0,1,0,CRITICAL,0.85,Data Access,external_trust
synthetic_04745,synthetic_04745_path_001,user:User8075,resource:Table5773,3,2,1,1,0,0,0,0,0,0,0,0,HIGH,0.65,Lateral Movement,assume_role_chain
synthetic_04746,synthetic_04746_path_001,user:746466033273,resource:Bucket5332,2,1,1,1,0,1,1,0,1,1,0,0,CRITICAL,0.88,Lateral Movement,external_trust + cross_account
synthetic_04747,synthetic_04747_path_001,user:User1879,resource:Bucket2143,2,1,1,1,0,0,0,0,0,0,0,0,LOW,0.15,Data Access,read_only_access
synthetic_04748,synthetic_04748_path_001,user:User9015,resource:Bucket1735,2,1,1,1,0,0,0,0,0,0,0,0,LOW,0.15,Data Access,read_only_access
synthetic_04749,synthetic_04749_path_001,user:User6372,resource:Policy7418,2,1,1,1,0,0,0,1,0,0,0,0,CRITICAL,0.85,Privilege Escalation,policy_modification
synthetic_04750,synthetic_04750_path_001,user:User8560,resource:Bucket8689,2,1,1,1,0,1,1,0,0,0,0,0,MEDIUM,0.43,Data Access,wildcard_action + wildcard_resource
synthetic_04751,synthetic_04751_path_001,user:User1355,resource:Policy2428,2,1,1,1,0,0,0,1,0,0,0,0,CRITICAL,0.85,Privilege Escalation,policy_modification
synthetic_04752,synthetic_04752_path_001,user:User6266,resource:Bucket7081,2,1,1,1,0,0,0,0,0,0,0,0,LOW,0.15,Data Access,read_only_access
synthetic_04753,synthetic_04753_path_001,user:User6593,role:AdminRole6635,2,2,1,1,1,0,0,0,0,0,0,0,HIGH,0.68,Lateral Movement,pass_role + assume_role_chain
synthetic_04754,synthetic_04754_path_001,user:User4005,resource:Table4042,3,2,1,1,0,0,0,0,0,0,0,0,HIGH,0.65,Lateral Movement,assume_role_chain
synthetic_04755,synthetic_04755_path_001,user:partner-1475,resource:Secret9648,2,1,1,1,0,0,0,0,1,0,1,0,CRITICAL,0.85,Data Access,external_trust
synthetic_04756,synthetic_04756_path_001,user:User8707,resource:Bucket8878,2,1,1,1,0,1,1,0,0,0,0,0,MEDIUM,0.43,Data Access,wildcard_action + wildcard_resource
synthetic_04757,synthetic_04757_path_001,user:User4918,role:AdminRole2554,2,2,1,1,1,0,0,0,0,0,0,0,HIGH,0.68,Lateral Movement,pass_role + assume_role_chain
synthetic_04758,synthetic_04758_path_001,user:User2798,resource:Policy4073,2,1,1,1,0,0,0,1,0,0,0,0,CRITICAL,0.85,Privilege Escalation,policy_modification
synthetic_04759,synthetic_04759_path_001,user:User9534,resource:Bucket2678,2,1,1,1,0,1,1,0,0,0,0,0,MEDIUM,0.43,Data Access,wildcard_action + wildcard_resource
synthetic_04760,synthetic_04760_path_001,user:User9200,resource:Bucket1147,2,1,1,1,0,1,1,0,0,0,0,0,MEDIUM,0.43,Data Access,wildcard_action + wildcard_resource
synthetic_04761,synthetic_04761_path_001,user:User1735,role:AdminRole6953,2,2,1,1,1,0,0,0,0,0,0,0,HIGH,0.68,Lateral Movement,pass_role + assume_role_chain
synthetic_04762,synthetic_04762_path_001,user:User1490,resource:Bucket5379,2,1,1,1,0,0,0,0,0,0,0,0,LOW,0.15,Data Access,read_only_access
synthetic_04763,synthetic_04763_path_001,user:User9646,resource:Bucket9812,2,1,1,1,0,1,1,0,0,0,0,1,CRITICAL,0.85,Privilege Escalation,admin_permission
synthetic_04764,synthetic_04764_path_001,user:User9393,resource:Bucket5166,4,3,1,1,0,0,1,0,0,0,0,0,HIGH,0.68,Lateral Movement,assume_role_chain + long_privilege_escalation_chain
synthetic_04765,synthetic_04765_path_001,user:User6383,resource:Bucket1118,2,1,1,1,0,1,1,0,0,0,0,0,MEDIUM,0.43,Data Access,wildcard_action + wildcard_resource
synthetic_04766,synthetic_04766_path_001,user:User4026,resource:Bucket1946,2,1,1,1,0,0,0,0,0,0,0,0,LOW,0.15,Data Access,read_only_access
synthetic_04767,synthetic_04767_path_001,user:User9291,resource:Policy7389,2,1,1,1,0,0,0,1,0,0,0,0,CRITICAL,0.85,Privilege Escalation,policy_modification
synthetic_04768,synthetic_04768_path_001,user:User2355,resource:Bucket6334,4,3,1,1,0,0,1,0,0,0,0,0,HIGH,0.68,Lateral Movement,assume_role_chain + long_privilege_escalation_chain
synthetic_04769,synthetic_04769_path_001,user:889593032075,resource:Bucket1083,2,1,1,1,0,1,1,0,1,1,0,0,CRITICAL,0.88,Lateral Movement,external_trust + cross_account
synthetic_04770,synthetic_04770_path_001,user:User1886,role:AdminRole6924,2,2,1,1,1,0,0,0,0,0,0,0,HIGH,0.68,Lateral Movement,pass_role + assume_role_chain
synthetic_04771,synthetic_04771_path_001,user:User1618,resource:Bucket7589,2,1,1,1,0,0,0,0,0,0,0,0,LOW,0.15,Data Access,read_only_access
synthetic_04772,synthetic_04772_path_001,user:User3705,resource:Bucket6869,2,1,1,1,0,0,0,0,0,0,0,0,LOW,0.15,Data Access,read_only_access
synthetic_04773,synthetic_04773_path_001,user:User5011,resource:Bucket8211,2,1,1,1,0,1,1,0,0,0,0,1,CRITICAL,0.85,Privilege Escalation,admin_permission
synthetic_04774,synthetic_04774_path_001,user:partner-1985,resource:Secret8584,2,1,1,1,0,0,0,0,1,0,1,0,CRITICAL,0.85,Data Access,external_trust
synthetic_04775,synthetic_04775_path_001,user:User3391,resource:Bucket4522,2,1,1,1,0,0,0,0,0,0,0,0,LOW,0.15,Data Access,read_only_access
synthetic_04776,synthetic_04776_path_001,user:User3097,resource:Bucket2284,2,1,1,1,0,0,0,0,0,0,0,0,LOW,0.15,Data Access,read_only_access
synthetic_04777,synthetic_04777_path_001,user:User7299,resource:Bucket3069,2,1,1,1,0,1,1,0,0,0,0,1,CRITICAL,0.85,Privilege Escalation,admin_permission
synthetic_04778,synthetic_04778_path_001,user:User1533,resource:Policy1916,2,1,1,1,0,0,0,1,0,0,0,0,CRITICAL,0.85,Privilege Escalation,policy_modification
synthetic_04779,synthetic_04779_path_001,user:User8344,role:AdminRole9457,2,2,1,1,1,0,0,0,0,0,0,0,HIGH,0.68,Lateral Movement,pass_role + assume_role_chain
synthetic_04780,synthetic_04780_path_001,user:User8953,resource:Bucket4351,2,1,1,1,0,1,1,0,0,0,0,0,MEDIUM,0.43,Data Access,wildcard_action + wildcard_resource
synthetic_04781,synthetic_04781_path_001,user:User6364,resource:Bucket7139,4,3,1,1,0,0,1,0,0,0,0,0,HIGH,0.68,Lateral Movement,assume_role_chain + long_privilege_escalation_chain
synthetic_04782,synthetic_04782_path_001,user:User4076,resource:Bucket3262,2,1,1,1,0,0,0,0,0,0,0,0,LOW,0.15,Data Access,read_only_access
synthetic_04783,synthetic_04783_path_001,user:User6816,resource:Bucket9264,2,1,1,1,0,0,0,0,0,0,0,0,LOW,0.15,Data Access,read_only_access
synthetic_04784,synthetic_04784_path_001,user:User8651,resource:Bucket9648,2,1,1,1,0,1,1,0,0,0,0,0,MEDIUM,0.43,Data Access,wildcard_action + wildcard_resource
synthetic_04785,synthetic_04785_path_001,user:User4992,role:AdminRole9409,2,2,1,1,1,0,0,0,0,0,0,0,HIGH,0.68,Lateral Movement,pass_role + assume_role_chain
synthetic_04786,synthetic_04786_path_001,user:User7934,resource:Bucket5969,2,1,1,1,0,0,0,0,0,0,0,0,LOW,0.15,Data Access,read_only_access
synthetic_04787,synthetic_04787_path_001,user:User6547,resource:Bucket5819,2,1,1,1,0,0,0,0,0,0,0,0,LOW,0.15,Data Access,read_only_access
synthetic_04788,synthetic_04788_path_001,user:User1498,resource:Policy3231,2,1,1,1,0,0,0,1,0,0,0,0,CRITICAL,0.85,Privilege Escalation,policy_modification
synthetic_04789,synthetic_04789_path_001,user:User5759,resource:Bucket4888,2,1,1,1,0,1,1,0,0,0,0,0,MEDIUM,0.43,Data Access,wildcard_action + wildcard_resource
synthetic_04790,synthetic_04790_path_001,user:695559355881,resource:Bucket9319,2,1,1,1,0,1,1,0,1,1,0,0,CRITICAL,0.88,Lateral Movement,external_trust + cross_account
synthetic_04791,synthetic_04791_path_001,user:User6402,resource:Bucket8324,2,1,1,1,0,1,1,0,0,0,0,0,MEDIUM,0.43,Data Access,wildcard_action + wildcard_resource
synthetic_04792,synthetic_04792_path_001,user:User3947,resource:Bucket5650,2,1,1,1,0,1,1,0,0,0,0,0,MEDIUM,0.43,Data Access,wildcard_action + wildcard_resource
synthetic_04793,synthetic_04793_path_001,user:User3431,role:AdminRole5068,2,2,1,1,1,0,0,0,0,0,0,0,HIGH,0.68,Lateral Movement,pass_role + assume_role_chain
synthetic_04794,synthetic_04794_path_001,user:User8699,resource:Bucket1278,2,1,1,1,0,1,1,0,0,0,0,0,MEDIUM,0.43,Data Access,wildcard_action + wildcard_resource
synthetic_04795,synthetic_04795_path_001,user:User6422,resource:Bucket5656,2,1,1,1,0,1,1,0,0,0,0,0,MEDIUM,0.43,Data Access,wildcard_action + wildcard_resource
synthetic_04796,synthetic_04796_path_001,user:166239567125,resource:Bucket4620,2,1,1,1,0,1,1,0,1,1,0,0,CRITICAL,0.88,Lateral Movement,external_trust + cross_account
synthetic_04797,synthetic_04797_path_001,user:partner-8060,resource:Secret5317,2,1,1,1,0,0,0,0,1,0,1,0,CRITICAL,0.85,Data Access,external_trust
synthetic_04798,synthetic_04798_path_001,user:User3537,resource:Bucket9041,2,1,1,1,0,1,1,0,0,0,0,0,MEDIUM,0.43,Data Access,wildcard_action + wildcard_resource
synthetic_04799,synthetic_04799_path_001,user:User2028,resource:Bucket7026,2,1,1,1,0,1,1,0,0,0,0,0,MEDIUM,0.43,Data Access,wildcard_action + wildcard_resource
synthetic_04800,synthetic_04800_path_001,user:User1809,resource:Bucket6553,2,1,1,1,0,0,0,0,0,0,0,0,LOW,0.15,Data Access,read_only_access
synthetic_04801,synthetic_04801_path_001,user:User5747,role:AdminRole6826,2,2,1,1,1,0,0,0,0,0,0,0,HIGH,0.68,Lateral Movement,pass_role + assume_role_chain
synthetic_04802,synthetic_04802_path_001,user:User6508,role:AdminRole8129,2,2,1,1,1,0,0,0,0,0,0,0,HIGH,0.68,Lateral Movement,pass_role + assume_role_chain
synthetic_04803,synthetic_04803_path_001,user:partner-3015,resource:Secret4517,2,1,1,1,0,0,0,0,1,0,1,0,CRITICAL,0.85,Data Access,external_trust
synthetic_04804,synthetic_04804_path_001,user:partner-8924,resource:Secret7795,2,1,1,1,0,0,0,0,1,0,1,0,CRITICAL,0.85,Data Access,external_trust
synthetic_04805,synthetic_04805_path_001,user:partner-5940,resource:Secret1491,2,1,1,1,0,0,0,0,1,0,1,0,CRITICAL,0.85,Data Access,external_trust
synthetic_04806,synthetic_04806_path_001,user:User2301,resource:Bucket2454,2,1,1,1,0,1,1,0,0,0,0,0,MEDIUM,0.43,Data Access,wildcard_action + wildcard_resource
synthetic_04807,synthetic_04807_path_001,user:User6260,resource:Bucket2531,2,1,1,1,0,1,1,0,0,0,0,0,MEDIUM,0.43,Data Access,wildcard_action + wildcard_resource
synthetic_04808,synthetic_04808_path_001,user:User7286,resource:Bucket4974,2,1,1,1,0,1,1,0,0,0,0,0,MEDIUM,0.43,Data Access,wildcard_action + wildcard_resource
synthetic_04809,synthetic_04809_path_001,user:User9481,role:AdminRole9950,2,2,1,1,1,0,0,0,0,0,0,0,HIGH,0.68,Lateral Movement,pass_role + assume_role_chain
synthetic_04810,synthetic_04810_path_001,user:User1400,resource:Bucket1547,2,1,1,1,0,1,1,0,0,0,0,0,MEDIUM,0.43,Data Access,wildcard_action + wildcard_resource
synthetic_04811,synthetic_04811_path_001,user:partner-4226,resource:Secret2521,2,1,1,1,0,0,0,0,1,0,1,0,CRITICAL,0.85,Data Access,external_trust
synthetic_04812,synthetic_04812_path_001,user:User3837,resource:Policy3650,2,1,1,1,0,0,0,1,0,0,0,0,CRITICAL,0.85,Privilege Escalation,policy_modification
synthetic_04813,synthetic_04813_path_001,user:User4110,resource:Bucket4557,2,1,1,1,0,0,0,0,0,0,0,0,LOW,0.15,Data Access,read_only_access
synthetic_04814,synthetic_04814_path_001,user:User4030,role:AdminRole4869,2,2,1,1,1,0,0,0,0,0,0,0,HIGH,0.68,Lateral Movement,pass_role + assume_role_chain
synthetic_04815,synthetic_04815_path_001,user:User8332,role:AdminRole3778,2,2,1,1,1,0,0,0,0,0,0,0,HIGH,0.68,Lateral Movement,pass_role + assume_role_chain
synthetic_04816,synthetic_04816_path_001,user:User2028,resource:Bucket4461,2,1,1,1,0,1,1,0,0,0,0,1,CRITICAL,0.85,Privilege Escalation,admin_permission
synthetic_04817,synthetic_04817_path_001,user:User7753,role:AdminRole8082,2,2,1,1,1,0,0,0,0,0,0,0,HIGH,0.68,Lateral Movement,pass_role + assume_role_chain
synthetic_04818,synthetic_04818_path_001,user:User5472,resource:Bucket1129,2,1,1,1,0,1,1,0,0,0,0,0,MEDIUM,0.43,Data Access,wildcard_action + wildcard_resource
synthetic_04819,synthetic_04819_path_001,user:User4040,resource:Bucket8126,4,3,1,1,0,0,1,0,0,0,0,0,HIGH,0.68,Lateral Movement,assume_role_chain + long_privilege_escalation_chain
synthetic_04820,synthetic_04820_path_001,user:User7767,resource:Bucket5502,2,1,1,1,0,0,0,0,0,0,0,0,LOW,0.15,Data Access,read_only_access
synthetic_04821,synthetic_04821_path_001,user:User4180,resource:Table8112,3,2,1,1,0,0,0,0,0,0,0,0,HIGH,0.65,Lateral Movement,assume_role_chain
synthetic_04822,synthetic_04822_path_001,user:User8247,resource:Bucket9491,2,1,1,1,0,1,1,0,0,0,0,0,MEDIUM,0.43,Data Access,wildcard_action + wildcard_resource
synthetic_04823,synthetic_04823_path_001,user:User5953,resource:Policy3765,2,1,1,1,0,0,0,1,0,0,0,0,CRITICAL,0.85,Privilege Escalation,policy_modification
synthetic_04824,synthetic_04824_path_001,user:User2446,role:AdminRole5214,2,2,1,1,1,0,0,0,0,0,0,0,HIGH,0.68,Lateral Movement,pass_role + assume_role_chain
synthetic_04825,synthetic_04825_path_001,user:User4559,resource:Bucket5084,2,1,1,1,0,1,1,0,0,0,0,0,MEDIUM,0.43,Data Access,wildcard_action + wildcard_resource
synthetic_04826,synthetic_04826_path_001,user:partner-7608,resource:Secret3362,2,1,1,1,0,0,0,0,1,0,1,0,CRITICAL,0.85,Data Access,external_trust
synthetic_04827,synthetic_04827_path_001,user:User3500,resource:Bucket1182,2,1,1,1,0,0,0,0,0,0,0,0,LOW,0.15,Data Access,read_only_access
synthetic_04828,synthetic_04828_path_001,user:User7366,resource:Bucket7853,2,1,1,1,0,1,1,0,0,0,0,1,CRITICAL,0.85,Privilege Escalation,admin_permission
synthetic_04829,synthetic_04829_path_001,user:User3982,resource:Bucket3390,2,1,1,1,0,1,1,0,0,0,0,1,CRITICAL,0.85,Privilege Escalation,admin_permission
synthetic_04830,synthetic_04830_path_001,user:User9038,resource:Bucket4043,2,1,1,1,0,1,1,0,0,0,0,0,MEDIUM,0.43,Data Access,wildcard_action + wildcard_resource
synthetic_04831,synthetic_04831_path_001,user:User8962,resource:Bucket1872,2,1,1,1,0,0,0,0,0,0,0,0,LOW,0.15,Data Access,read_only_access
synthetic_04832,synthetic_04832_path_001,user:User9059,role:AdminRole9533,2,2,1,1,1,0,0,0,0,0,0,0,HIGH,0.68,Lateral Movement,pass_role + assume_role_chain
synthetic_04833,synthetic_04833_path_001,user:User9122,resource:Bucket5007,2,1,1,1,0,1,1,0,0,0,0,1,CRITICAL,0.85,Privilege Escalation,admin_permission
synthetic_04834,synthetic_04834_path_001,user:User7308,resource:Bucket8362,2,1,1,1,0,1,1,0,0,0,0,0,MEDIUM,0.43,Data Access,wildcard_action + wildcard_resource
synthetic_04835,synthetic_04835_path_001,user:partner-9231,resource:Secret1034,2,1,1,1,0,0,0,0,1,0,1,0,CRITICAL,0.85,Data Access,external_trust
synthetic_04836,synthetic_04836_path_001,user:User3158,resource:Bucket8847,2,1,1,1,0,1,1,0,0,0,0,0,MEDIUM,0.43,Data Access,wildcard_action + wildcard_resource
synthetic_04837,synthetic_04837_path_001,user:User5324,resource:Bucket7786,2,1,1,1,0,1,1,0,0,0,0,0,MEDIUM,0.43,Data Access,wildcard_action + wildcard_resource
synthetic_04838,synthetic_04838_path_001,user:User7735,resource:Bucket5183,2,1,1,1,0,0,0,0,0,0,0,0,LOW,0.15,Data Access,read_only_access
synthetic_04839,synthetic_04839_path_001,user:420042186747,resource:Bucket7040,2,1,1,1,0,1,1,0,1,1,0,0,CRITICAL,0.88,Lateral Movement,external_trust + cross_account
synthetic_04840,synthetic_04840_path_001,user:User2518,resource:Bucket6695,2,1,1,1,0,1,1,0,0,0,0,0,MEDIUM,0.43,Data Access,wildcard_action + wildcard_resource
synthetic_04841,synthetic_04841_path_001,user:User2659,resource:Bucket4666,2,1,1,1,0,1,1,0,0,0,0,0,MEDIUM,0.43,Data Access,wildcard_action + wildcard_resource
synthetic_04842,synthetic_04842_path_001,user:User5310,role:AdminRole4041,2,2,1,1,1,0,0,0,0,0,0,0,HIGH,0.68,Lateral Movement,pass_role + assume_role_chain
synthetic_04843,synthetic_04843_path_001,user:User9203,resource:Policy7935,2,1,1,1,0,0,0,1,0,0,0,0,CRITICAL,0.85,Privilege Escalation,policy_modification
synthetic_04844,synthetic_04844_path_001,user:User4050,resource:Bucket1780,2,1,1,1,0,1,1,0,0,0,0,1,CRITICAL,0.85,Privilege Escalation,admin_permission
synthetic_04845,synthetic_04845_path_001,user:User2569,resource:Bucket7589,2,1,1,1,0,0,0,0,0,0,0,0,LOW,0.15,Data Access,read_only_access
synthetic_04846,synthetic_04846_path_001,user:User1708,resource:Policy6957,2,1,1,1,0,0,0,1,0,0,0,0,CRITICAL,0.85,Privilege Escalation,policy_modification
synthetic_04847,synthetic_04847_path_001,user:User9662,role:AdminRole6727,2,2,1,1,1,0,0,0,0,0,0,0,HIGH,0.68,Lateral Movement,pass_role + assume_role_chain
synthetic_04848,synthetic_04848_path_001,user:User5841,resource:Bucket6928,2,1,1,1,0,1,1,0,0,0,0,0,MEDIUM,0.43,Data Access,wildcard_action + wildcard_resource
synthetic_04849,synthetic_04849_path_001,user:User1310,resource:Bucket6756,2,1,1,1,0,0,0,0,0,0,0,0,LOW,0.15,Data Access,read_only_access
synthetic_04850,synthetic_04850_path_001,user:partner-4531,resource:Secret9254,2,1,1,1,0,0,0,0,1,0,1,0,CRITICAL,0.85,Data Access,external_trust
synthetic_04851,synthetic_04851_path_001,user:User1102,resource:Bucket8850,2,1,1,1,0,1,1,0,0,0,0,0,MEDIUM,0.43,Data Access,wildcard_action + wildcard_resource
synthetic_04852,synthetic_04852_path_001,user:User2258,resource:Bucket3509,2,1,1,1,0,0,0,0,0,0,0,0,LOW,0.15,Data Access,read_only_access
synthetic_04853,synthetic_04853_path_001,user:User8467,role:AdminRole6556,2,2,1,1,1,0,0,0,0,0,0,0,HIGH,0.68,Lateral Movement,pass_role + assume_role_chain
synthetic_04854,synthetic_04854_path_001,user:partner-4295,resource:Secret2806,2,1,1,1,0,0,0,0,1,0,1,0,CRITICAL,0.85,Data Access,external_trust
synthetic_04855,synthetic_04855_path_001,user:User3539,resource:Bucket5643,2,1,1,1,0,0,0,0,0,0,0,0,LOW,0.15,Data Access,read_only_access
synthetic_04856,synthetic_04856_path_001,user:User5620,resource:Bucket2425,2,1,1,1,0,0,0,0,0,0,0,0,LOW,0.15,Data Access,read_only_access
synthetic_04857,synthetic_04857_path_001,user:User7523,resource:Bucket3875,2,1,1,1,0,1,1,0,0,0,0,0,MEDIUM,0.43,Data Access,wildcard_action + wildcard_resource
synthetic_04858,synthetic_04858_path_001,user:User7780,resource:Bucket6566,2,1,1,1,0,0,0,0,0,0,0,0,LOW,0.15,Data Access,read_only_access
synthetic_04859,synthetic_04859_path_001,user:User8433,resource:Bucket6435,2,1,1,1,0,0,0,0,0,0,0,0,LOW,0.15,Data Access,read_only_access
synthetic_04860,synthetic_04860_path_001,user:User3274,resource:Bucket4964,2,1,1,1,0,1,1,0,0,0,0,0,MEDIUM,0.43,Data Access,wildcard_action + wildcard_resource
synthetic_04861,synthetic_04861_path_001,user:User8449,resource:Bucket2847,2,1,1,1,0,0,0,0,0,0,0,0,LOW,0.15,Data Access,read_only_access
synthetic_04862,synthetic_04862_path_001,user:687069057112,resource:Bucket9561,2,1,1,1,0,1,1,0,1,1,0,0,CRITICAL,0.88,Lateral Movement,external_trust + cross_account
synthetic_04863,synthetic_04863_path_001,user:User4319,resource:Policy4947,2,1,1,1,0,0,0,1,0,0,0,0,CRITICAL,0.85,Privilege Escalation,policy_modification
synthetic_04864,synthetic_04864_path_001,user:partner-4762,resource:Secret1273,2,1,1,1,0,0,0,0,1,0,1,0,CRITICAL,0.85,Data Access,external_trust
synthetic_04865,synthetic_04865_path_001,user:User6237,role:AdminRole7858,2,2,1,1,1,0,0,0,0,0,0,0,HIGH,0.68,Lateral Movement,pass_role + assume_role_chain
synthetic_04866,synthetic_04866_path_001,user:User1918,resource:Bucket5862,2,1,1,1,0,1,1,0,0,0,0,0,MEDIUM,0.43,Data Access,wildcard_action + wildcard_resource
synthetic_04867,synthetic_04867_path_001,user:User9650,resource:Bucket1525,2,1,1,1,0,0,0,0,0,0,0,0,LOW,0.15,Data Access,read_only_access
synthetic_04868,synthetic_04868_path_001,user:User5342,resource:Bucket9656,2,1,1,1,0,1,1,0,0,0,0,0,MEDIUM,0.43,Data Access,wildcard_action + wildcard_resource
synthetic_04869,synthetic_04869_path_001,user:User1402,resource:Bucket1565,2,1,1,1,0,0,0,0,0,0,0,0,LOW,0.15,Data Access,read_only_access
synthetic_04870,synthetic_04870_path_001,user:partner-2061,resource:Secret5993,2,1,1,1,0,0,0,0,1,0,1,0,CRITICAL,0.85,Data Access,external_trust
synthetic_04871,synthetic_04871_path_001,user:User4626,resource:Bucket5660,2,1,1,1,0,0,0,0,0,0,0,0,LOW,0.15,Data Access,read_only_access
synthetic_04872,synthetic_04872_path_001,user:User7826,resource:Bucket4901,2,1,1,1,0,0,0,0,0,0,0,0,LOW,0.15,Data Access,read_only_access
synthetic_04873,synthetic_04873_path_001,user:User7034,resource:Bucket1867,4,3,1,1,0,0,1,0,0,0,0,0,HIGH,0.68,Lateral Movement,assume_role_chain + long_privilege_escalation_chain
synthetic_04874,synthetic_04874_path_001,user:User5317,resource:Bucket8386,2,1,1,1,0,1,1,0,0,0,0,0,MEDIUM,0.43,Data Access,wildcard_action + wildcard_resource
synthetic_04875,synthetic_04875_path_001,user:User2571,resource:Table5416,3,2,1,1,0,0,0,0,0,0,0,0,HIGH,0.65,Lateral Movement,assume_role_chain
synthetic_04876,synthetic_04876_path_001,user:User2823,resource:Bucket6587,2,1,1,1,0,1,1,0,0,0,0,0,MEDIUM,0.43,Data Access,wildcard_action + wildcard_resource
synthetic_04877,synthetic_04877_path_001,user:User8711,resource:Bucket8357,2,1,1,1,0,0,0,0,0,0,0,0,LOW,0.15,Data Access,read_only_access
synthetic_04878,synthetic_04878_path_001,user:User7202,resource:Bucket7143,2,1,1,1,0,0,0,0,0,0,0,0,LOW,0.15,Data Access,read_only_access
synthetic_04879,synthetic_04879_path_001,user:User4878,resource:Bucket1500,2,1,1,1,0,0,0,0,0,0,0,0,LOW,0.15,Data Access,read_only_access
synthetic_04880,synthetic_04880_path_001,user:User6948,resource:Bucket7200,2,1,1,1,0,1,1,0,0,0,0,0,MEDIUM,0.43,Data Access,wildcard_action + wildcard_resource
synthetic_04881,synthetic_04881_path_001,user:User8997,resource:Table5710,3,2,1,1,0,0,0,0,0,0,0,0,HIGH,0.65,Lateral Movement,assume_role_chain
synthetic_04882,synthetic_04882_path_001,user:User1457,resource:Table5914,3,2,1,1,0,0,0,0,0,0,0,0,HIGH,0.65,Lateral Movement,assume_role_chain
synthetic_04883,synthetic_04883_path_001,user:User6740,resource:Bucket6815,2,1,1,1,0,0,0,0,0,0,0,0,LOW,0.15,Data Access,read_only_access
synthetic_04884,synthetic_04884_path_001,user:User7039,resource:Bucket1351,2,1,1,1,0,0,0,0,0,0,0,0,LOW,0.15,Data Access,read_only_access
synthetic_04885,synthetic_04885_path_001,user:User5275,resource:Bucket3947,2,1,1,1,0,1,1,0,0,0,0,0,MEDIUM,0.43,Data Access,wildcard_action + wildcard_resource
synthetic_04886,synthetic_04886_path_001,user:562271926026,resource:Bucket2987,2,1,1,1,0,1,1,0,1,1,0,0,CRITICAL,0.88,Lateral Movement,external_trust + cross_account
synthetic_04887,synthetic_04887_path_001,user:User4609,resource:Bucket1052,2,1,1,1,0,0,0,0,0,0,0,0,LOW,0.15,Data Access,read_only_access
synthetic_04888,synthetic_04888_path_001,user:User2101,role:AdminRole1802,2,2,1,1,1,0,0,0,0,0,0,0,HIGH,0.68,Lateral Movement,pass_role + assume_role_chain
synthetic_04889,synthetic_04889_path_001,user:User4216,resource:Bucket9185,2,1,1,1,0,0,0,0,0,0,0,0,LOW,0.15,Data Access,read_only_access
synthetic_04890,synthetic_04890_path_001,user:User9583,resource:Bucket8617,2,1,1,1,0,0,0,0,0,0,0,0,LOW,0.15,Data Access,read_only_access
synthetic_04891,synthetic_04891_path_001,user:User5547,resource:Bucket3197,2,1,1,1,0,0,0,0,0,0,0,0,LOW,0.15,Data Access,read_only_access
synthetic_04892,synthetic_04892_path_001,user:User6502,resource:Bucket7573,2,1,1,1,0,0,0,0,0,0,0,0,LOW,0.15,Data Access,read_only_access
synthetic_04893,synthetic_04893_path_001,user:User8366,resource:Bucket6209,2,1,1,1,0,1,1,0,0,0,0,1,CRITICAL,0.85,Privilege Escalation,admin_permission
synthetic_04894,synthetic_04894_path_001,user:partner-2836,resource:Secret3446,2,1,1,1,0,0,0,0,1,0,1,0,CRITICAL,0.85,Data Access,external_trust
synthetic_04895,synthetic_04895_path_001,user:User2968,resource:Policy7035,2,1,1,1,0,0,0,1,0,0,0,0,CRITICAL,0.85,Privilege Escalation,policy_modification
synthetic_04896,synthetic_04896_path_001,user:User8529,resource:Policy9694,2,1,1,1,0,0,0,1,0,0,0,0,CRITICAL,0.85,Privilege Escalation,policy_modification
synthetic_04897,synthetic_04897_path_001,user:User9126,resource:Bucket2734,2,1,1,1,0,0,0,0,0,0,0,0,LOW,0.15,Data Access,read_only_access
synthetic_04898,synthetic_04898_path_001,user:User9600,resource:Bucket8747,2,1,1,1,0,1,1,0,0,0,0,0,MEDIUM,0.43,Data Access,wildcard_action + wildcard_resource
synthetic_04899,synthetic_04899_path_001,user:User3141,resource:Bucket9029,2,1,1,1,0,0,0,0,0,0,0,0,LOW,0.15,Data Access,read_only_access
synthetic_04900,synthetic_04900_path_001,user:User5622,resource:Bucket8391,2,1,1,1,0,1,1,0,0,0,0,0,MEDIUM,0.43,Data Access,wildcard_action + wildcard_resource
synthetic_04901,synthetic_04901_path_001,user:User6457,resource:Bucket4541,2,1,1,1,0,1,1,0,0,0,0,1,CRITICAL,0.85,Privilege Escalation,admin_permission
synthetic_04902,synthetic_04902_path_001,user:User8695,role:AdminRole3907,2,2,1,1,1,0,0,0,0,0,0,0,HIGH,0.68,Lateral Movement,pass_role + assume_role_chain
synthetic_04903,synthetic_04903_path_001,user:User1591,resource:Bucket4279,2,1,1,1,0,1,1,0,0,0,0,0,MEDIUM,0.43,Data Access,wildcard_action + wildcard_resource
synthetic_04904,synthetic_04904_path_001,user:User3016,resource:Bucket7250,2,1,1,1,0,1,1,0,0,0,0,0,MEDIUM,0.43,Data Access,wildcard_action + wildcard_resource
synthetic_04905,synthetic_04905_path_001,user:User7885,resource:Bucket4454,2,1,1,1,0,0,0,0,0,0,0,0,LOW,0.15,Data Access,read_only_access
synthetic_04906,synthetic_04906_path_001,user:User2250,resource:Bucket8837,2,1,1,1,0,0,0,0,0,0,0,0,LOW,0.15,Data Access,read_only_access
synthetic_04907,synthetic_04907_path_001,user:User9689,resource:Table8822,3,2,1,1,0,0,0,0,0,0,0,0,HIGH,0.65,Lateral Movement,assume_role_chain
synthetic_04908,synthetic_04908_path_001,user:User4857,resource:Bucket6431,2,1,1,1,0,1,1,0,0,0,0,0,MEDIUM,0.43,Data Access,wildcard_action + wildcard_resource
synthetic_04909,synthetic_04909_path_001,user:User3224,resource:Bucket9992,2,1,1,1,0,0,0,0,0,0,0,0,LOW,0.15,Data Access,read_only_access
synthetic_04910,synthetic_04910_path_001,user:User2863,role:AdminRole3582,2,2,1,1,1,0,0,0,0,0,0,0,HIGH,0.68,Lateral Movement,pass_role + assume_role_chain
synthetic_04911,synthetic_04911_path_001,user:User4227,resource:Bucket7035,2,1,1,1,0,1,1,0,0,0,0,0,MEDIUM,0.43,Data Access,wildcard_action + wildcard_resource
synthetic_04912,synthetic_04912_path_001,user:User3706,role:AdminRole3251,2,2,1,1,1,0,0,0,0,0,0,0,HIGH,0.68,Lateral Movement,pass_role + assume_role_chain
synthetic_04913,synthetic_04913_path_001,user:User2355,role:AdminRole8538,2,2,1,1,1,0,0,0,0,0,0,0,HIGH,0.68,Lateral Movement,pass_role + assume_role_chain
synthetic_04914,synthetic_04914_path_001,user:User6499,role:AdminRole5002,2,2,1,1,1,0,0,0,0,0,0,0,HIGH,0.68,Lateral Movement,pass_role + assume_role_chain
synthetic_04915,synthetic_04915_path_001,user:User5536,role:AdminRole7119,2,2,1,1,1,0,0,0,0,0,0,0,HIGH,0.68,Lateral Movement,pass_role + assume_role_chain
synthetic_04916,synthetic_04916_path_001,user:User1908,resource:Policy6335,2,1,1,1,0,0,0,1,0,0,0,0,CRITICAL,0.85,Privilege Escalation,policy_modification
synthetic_04917,synthetic_04917_path_001,user:User8905,resource:Table5925,3,2,1,1,0,0,0,0,0,0,0,0,HIGH,0.65,Lateral Movement,assume_role_chain
synthetic_04918,synthetic_04918_path_001,user:User3056,resource:Bucket4468,2,1,1,1,0,0,0,0,0,0,0,0,LOW,0.15,Data Access,read_only_access
synthetic_04919,synthetic_04919_path_001,user:User9239,resource:Bucket2125,2,1,1,1,0,1,1,0,0,0,0,0,MEDIUM,0.43,Data Access,wildcard_action + wildcard_resource
synthetic_04920,synthetic_04920_path_001,user:User3305,resource:Bucket3587,2,1,1,1,0,0,0,0,0,0,0,0,LOW,0.15,Data Access,read_only_access
synthetic_04921,synthetic_04921_path_001,user:User4081,resource:Bucket7113,2,1,1,1,0,0,0,0,0,0,0,0,LOW,0.15,Data Access,read_only_access
synthetic_04922,synthetic_04922_path_001,user:User5203,resource:Bucket4268,2,1,1,1,0,0,0,0,0,0,0,0,LOW,0.15,Data Access,read_only_access
synthetic_04923,synthetic_04923_path_001,user:User8546,resource:Bucket9533,2,1,1,1,0,1,1,0,0,0,0,0,MEDIUM,0.43,Data Access,wildcard_action + wildcard_resource
synthetic_04924,synthetic_04924_path_001,user:User5460,resource:Bucket5466,2,1,1,1,0,1,1,0,0,0,0,0,MEDIUM,0.43,Data Access,wildcard_action + wildcard_resource
synthetic_04925,synthetic_04925_path_001,user:partner-2105,resource:Secret5912,2,1,1,1,0,0,0,0,1,0,1,0,CRITICAL,0.85,Data Access,external_trust
synthetic_04926,synthetic_04926_path_001,user:partner-8765,resource:Secret4161,2,1,1,1,0,0,0,0,1,0,1,0,CRITICAL,0.85,Data Access,external_trust
synthetic_04927,synthetic_04927_path_001,user:User3461,resource:Policy1022,2,1,1,1,0,0,0,1,0,0,0,0,CRITICAL,0.85,Privilege Escalation,policy_modification
synthetic_04928,synthetic_04928_path_001,user:User2163,role:AdminRole9940,2,2,1,1,1,0,0,0,0,0,0,0,HIGH,0.68,Lateral Movement,pass_role + assume_role_chain
synthetic_04929,synthetic_04929_path_001,user:969913293575,resource:Bucket9661,2,1,1,1,0,1,1,0,1,1,0,0,CRITICAL,0.88,Lateral Movement,external_trust + cross_account
synthetic_04930,synthetic_04930_path_001,user:User9183,resource:Bucket4090,2,1,1,1,0,0,0,0,0,0,0,0,LOW,0.15,Data Access,read_only_access
synthetic_04931,synthetic_04931_path_001,user:User2515,resource:Bucket5690,2,1,1,1,0,1,1,0,0,0,0,0,MEDIUM,0.43,Data Access,wildcard_action + wildcard_resource
synthetic_04932,synthetic_04932_path_001,user:User6477,resource:Bucket5650,2,1,1,1,0,1,1,0,0,0,0,0,MEDIUM,0.43,Data Access,wildcard_action + wildcard_resource
synthetic_04933,synthetic_04933_path_001,user:135469223940,resource:Bucket2365,2,1,1,1,0,1,1,0,1,1,0,0,CRITICAL,0.88,Lateral Movement,external_trust + cross_account
synthetic_04934,synthetic_04934_path_001,user:User5525,resource:Bucket7275,2,1,1,1,0,1,1,0,0,0,0,0,MEDIUM,0.43,Data Access,wildcard_action + wildcard_resource
synthetic_04935,synthetic_04935_path_001,user:700603981079,resource:Bucket2775,2,1,1,1,0,1,1,0,1,1,0,0,CRITICAL,0.88,Lateral Movement,external_trust + cross_account
synthetic_04936,synthetic_04936_path_001,user:User5255,resource:Bucket3905,2,1,1,1,0,0,0,0,0,0,0,0,LOW,0.15,Data Access,read_only_access
synthetic_04937,synthetic_04937_path_001,user:User2748,resource:Bucket6537,2,1,1,1,0,1,1,0,0,0,0,0,MEDIUM,0.43,Data Access,wildcard_action + wildcard_resource
synthetic_04938,synthetic_04938_path_001,user:User6528,role:AdminRole5146,2,2,1,1,1,0,0,0,0,0,0,0,HIGH,0.68,Lateral Movement,pass_role + assume_role_chain
synthetic_04939,synthetic_04939_path_001,user:User2407,resource:Table5420,3,2,1,1,0,0,0,0,0,0,0,0,HIGH,0.65,Lateral Movement,assume_role_chain
synthetic_04940,synthetic_04940_path_001,user:User4577,resource:Bucket8122,2,1,1,1,0,0,0,0,0,0,0,0,LOW,0.15,Data Access,read_only_access
synthetic_04941,synthetic_04941_path_001,user:partner-3301,resource:Secret6579,2,1,1,1,0,0,0,0,1,0,1,0,CRITICAL,0.85,Data Access,external_trust
synthetic_04942,synthetic_04942_path_001,user:581791578290,resource:Bucket3911,2,1,1,1,0,1,1,0,1,1,0,0,CRITICAL,0.88,Lateral Movement,external_trust + cross_account
synthetic_04943,synthetic_04943_path_001,user:User2902,resource:Bucket5638,2,1,1,1,0,0,0,0,0,0,0,0,LOW,0.15,Data Access,read_only_access
synthetic_04944,synthetic_04944_path_001,user:User2804,resource:Bucket1112,2,1,1,1,0,0,0,0,0,0,0,0,LOW,0.15,Data Access,read_only_access
synthetic_04945,synthetic_04945_path_001,user:User6928,role:AdminRole4105,2,2,1,1,1,0,0,0,0,0,0,0,HIGH,0.68,Lateral Movement,pass_role + assume_role_chain
synthetic_04946,synthetic_04946_path_001,user:User5661,role:AdminRole7753,2,2,1,1,1,0,0,0,0,0,0,0,HIGH,0.68,Lateral Movement,pass_role + assume_role_chain
synthetic_04947,synthetic_04947_path_001,user:User1093,resource:Bucket3658,2,1,1,1,0,1,1,0,0,0,0,0,MEDIUM,0.43,Data Access,wildcard_action + wildcard_resource
synthetic_04948,synthetic_04948_path_001,user:User1703,resource:Bucket1846,2,1,1,1,0,1,1,0,0,0,0,0,MEDIUM,0.43,Data Access,wildcard_action + wildcard_resource
synthetic_04949,synthetic_04949_path_001,user:User9244,role:AdminRole9529,2,2,1,1,1,0,0,0,0,0,0,0,HIGH,0.68,Lateral Movement,pass_role + assume_role_chain
synthetic_04950,synthetic_04950_path_001,user:User6963,resource:Bucket9908,2,1,1,1,0,1,1,0,0,0,0,0,MEDIUM,0.43,Data Access,wildcard_action + wildcard_resource
synthetic_04951,synthetic_04951_path_001,user:User3041,resource:Bucket7317,2,1,1,1,0,0,0,0,0,0,0,0,LOW,0.15,Data Access,read_only_access
synthetic_04952,synthetic_04952_path_001,user:User7821,resource:Bucket5474,2,1,1,1,0,1,1,0,0,0,0,1,CRITICAL,0.85,Privilege Escalation,admin_permission
synthetic_04953,synthetic_04953_path_001,user:partner-2862,resource:Secret2558,2,1,1,1,0,0,0,0,1,0,1,0,CRITICAL,0.85,Data Access,external_trust
synthetic_04954,synthetic_04954_path_001,user:User6155,resource:Bucket4567,2,1,1,1,0,0,0,0,0,0,0,0,LOW,0.15,Data Access,read_only_access
synthetic_04955,synthetic_04955_path_001,user:User9742,resource:Policy4863,2,1,1,1,0,0,0,1,0,0,0,0,CRITICAL,0.85,Privilege Escalation,policy_modification
synthetic_04956,synthetic_04956_path_001,user:User1202,role:AdminRole3417,2,2,1,1,1,0,0,0,0,0,0,0,HIGH,0.68,Lateral Movement,pass_role + assume_role_chain
synthetic_04957,synthetic_04957_path_001,user:462671320253,resource:Bucket3603,2,1,1,1,0,1,1,0,1,1,0,0,CRITICAL,0.88,Lateral Movement,external_trust + cross_account
synthetic_04958,synthetic_04958_path_001,user:partner-8343,resource:Secret7305,2,1,1,1,0,0,0,0,1,0,1,0,CRITICAL,0.85,Data Access,external_trust
synthetic_04959,synthetic_04959_path_001,user:partner-4242,resource:Secret9085,2,1,1,1,0,0,0,0,1,0,1,0,CRITICAL,0.85,Data Access,external_trust
synthetic_04960,synthetic_04960_path_001,user:408772107524,resource:Bucket1335,2,1,1,1,0,1,1,0,1,1,0,0,CRITICAL,0.88,Lateral Movement,external_trust + cross_account
synthetic_04961,synthetic_04961_path_001,user:User7068,resource:Bucket1305,2,1,1,1,0,0,0,0,0,0,0,0,LOW,0.15,Data Access,read_only_access
synthetic_04962,synthetic_04962_path_001,user:partner-3253,resource:Secret5530,2,1,1,1,0,0,0,0,1,0,1,0,CRITICAL,0.85,Data Access,external_trust
synthetic_04963,synthetic_04963_path_001,user:User2060,resource:Bucket9713,2,1,1,1,0,1,1,0,0,0,0,0,MEDIUM,0.43,Data Access,wildcard_action + wildcard_resource
synthetic_04964,synthetic_04964_path_001,user:User8117,resource:Bucket6227,2,1,1,1,0,1,1,0,0,0,0,1,CRITICAL,0.85,Privilege Escalation,admin_permission
synthetic_04965,synthetic_04965_path_001,user:User3773,resource:Table7247,3,2,1,1,0,0,0,0,0,0,0,0,HIGH,0.65,Lateral Movement,assume_role_chain
synthetic_04966,synthetic_04966_path_001,user:User3726,resource:Table7987,3,2,1,1,0,0,0,0,0,0,0,0,HIGH,0.65,Lateral Movement,assume_role_chain
synthetic_04967,synthetic_04967_path_001,user:User8833,role:AdminRole5492,2,2,1,1,1,0,0,0,0,0,0,0,HIGH,0.68,Lateral Movement,pass_role + assume_role_chain
synthetic_04968,synthetic_04968_path_001,user:User4805,resource:Bucket8481,2,1,1,1,0,0,0,0,0,0,0,0,LOW,0.15,Data Access,read_only_access
synthetic_04969,synthetic_04969_path_001,user:User7016,role:AdminRole2159,2,2,1,1,1,0,0,0,0,0,0,0,HIGH,0.68,Lateral Movement,pass_role + assume_role_chain
synthetic_04970,synthetic_04970_path_001,user:User7985,resource:Policy2325,2,1,1,1,0,0,0,1,0,0,0,0,CRITICAL,0.85,Privilege Escalation,policy_modification
synthetic_04971,synthetic_04971_path_001,user:User8660,resource:Bucket6671,2,1,1,1,0,0,0,0,0,0,0,0,LOW,0.15,Data Access,read_only_access
synthetic_04972,synthetic_04972_path_001,user:User1054,resource:Bucket8855,2,1,1,1,0,1,1,0,0,0,0,1,CRITICAL,0.85,Privilege Escalation,admin_permission
synthetic_04973,synthetic_04973_path_001,user:User5874,role:AdminRole7545,2,2,1,1,1,0,0,0,0,0,0,0,HIGH,0.68,Lateral Movement,pass_role + assume_role_chain
synthetic_04974,synthetic_04974_path_001,user:User6677,resource:Bucket7191,2,1,1,1,0,0,0,0,0,0,0,0,LOW,0.15,Data Access,read_only_access
synthetic_04975,synthetic_04975_path_001,user:partner-4894,resource:Secret1188,2,1,1,1,0,0,0,0,1,0,1,0,CRITICAL,0.85,Data Access,external_trust
synthetic_04976,synthetic_04976_path_001,user:User5214,resource:Bucket6881,2,1,1,1,0,0,0,0,0,0,0,0,LOW,0.15,Data Access,read_only_access
synthetic_04977,synthetic_04977_path_001,user:955133059154,resource:Bucket7774,2,1,1,1,0,1,1,0,1,1,0,0,CRITICAL,0.88,Lateral Movement,external_trust + cross_account
synthetic_04978,synthetic_04978_path_001,user:109674513636,resource:Bucket1160,2,1,1,1,0,1,1,0,1,1,0,0,CRITICAL,0.88,Lateral Movement,external_trust + cross_account
synthetic_04979,synthetic_04979_path_001,user:User4888,resource:Bucket3332,2,1,1,1,0,0,0,0,0,0,0,0,LOW,0.15,Data Access,read_only_access
synthetic_04980,synthetic_04980_path_001,user:User8976,resource:Bucket8636,2,1,1,1,0,0,0,0,0,0,0,0,LOW,0.15,Data Access,read_only_access
synthetic_04981,synthetic_04981_path_001,user:User4546,resource:Table3292,3,2,1,1,0,0,0,0,0,0,0,0,HIGH,0.65,Lateral Movement,assume_role_chain
synthetic_04982,synthetic_04982_path_001,user:User8231,role:AdminRole9623,2,2,1,1,1,0,0,0,0,0,0,0,HIGH,0.68,Lateral Movement,pass_role + assume_role_chain
synthetic_04983,synthetic_04983_path_001,user:User4769,resource:Policy6033,2,1,1,1,0,0,0,1,0,0,0,0,CRITICAL,0.85,Privilege Escalation,policy_modification
synthetic_04984,synthetic_04984_path_001,user:User6245,resource:Table2156,3,2,1,1,0,0,0,0,0,0,0,0,HIGH,0.65,Lateral Movement,assume_role_chain
synthetic_04985,synthetic_04985_path_001,user:759637311493,resource:Bucket2722,2,1,1,1,0,1,1,0,1,1,0,0,CRITICAL,0.88,Lateral Movement,external_trust + cross_account
synthetic_04986,synthetic_04986_path_001,user:User1882,resource:Bucket6477,2,1,1,1,0,1,1,0,0,0,0,1,CRITICAL,0.85,Privilege Escalation,admin_permission
synthetic_04987,synthetic_04987_path_001,user:User9725,resource:Bucket9346,2,1,1,1,0,0,0,0,0,0,0,0,LOW,0.15,Data Access,read_only_access
synthetic_04988,synthetic_04988_path_001,user:User9964,resource:Bucket2518,2,1,1,1,0,1,1,0,0,0,0,0,MEDIUM,0.43,Data Access,wildcard_action + wildcard_resource
synthetic_04989,synthetic_04989_path_001,user:User3507,resource:Bucket2241,2,1,1,1,0,0,0,0,0,0,0,0,LOW,0.15,Data Access,read_only_access
synthetic_04990,synthetic_04990_path_001,user:User1746,resource:Bucket9483,2,1,1,1,0,0,0,0,0,0,0,0,LOW,0.15,Data Access,read_only_access
synthetic_04991,synthetic_04991_path_001,user:User8710,resource:Bucket8300,2,1,1,1,0,1,1,0,0,0,0,0,MEDIUM,0.43,Data Access,wildcard_action + wildcard_resource
synthetic_04992,synthetic_04992_path_001,user:User8835,resource:Bucket4434,2,1,1,1,0,0,0,0,0,0,0,0,LOW,0.15,Data Access,read_only_access
synthetic_04993,synthetic_04993_path_001,user:User6101,resource:Bucket5191,2,1,1,1,0,0,0,0,0,0,0,0,LOW,0.15,Data Access,read_only_access
synthetic_04994,synthetic_04994_path_001,user:User2711,resource:Bucket7739,2,1,1,1,0,1,1,0,0,0,0,0,MEDIUM,0.43,Data Access,wildcard_action + wildcard_resource
synthetic_04995,synthetic_04995_path_001,user:User1340,resource:Bucket7473,2,1,1,1,0,0,0,0,0,0,0,0,LOW,0.15,Data Access,read_only_access
synthetic_04996,synthetic_04996_path_001,user:User2810,resource:Table4840,3,2,1,1,0,0,0,0,0,0,0,0,HIGH,0.65,Lateral Movement,assume_role_chain
synthetic_04997,synthetic_04997_path_001,user:User6471,resource:Bucket5971,2,1,1,1,0,1,1,0,0,0,0,0,MEDIUM,0.43,Data Access,wildcard_action + wildcard_resource
synthetic_04998,synthetic_04998_path_001,user:User3404,resource:Bucket4801,2,1,1,1,0,1,1,0,0,0,0,0,MEDIUM,0.43,Data Access,wildcard_action + wildcard_resource
synthetic_04999,synthetic_04999_path_001,user:User8606,resource:Policy2394,2,1,1,1,0,0,0,1,0,0,0,0,CRITICAL,0.85,Privilege Escalation,policy_modification
